Date,Close,dailyEMA12,dailyEMA26,BullPower,BearPower,lowerBB,middleBB,upperBB,2stdBB,MACDline,MACDhistogram,MACDsignal,weeklyEMA5,weeklyEMA13,weeklyADX
2006-09-25 00:00:00+01:00,221.33999633789062,221.15965699007634,220.43600787709693,1.6239896814968233,0.6339994471218233,218.44736918239735,221.10333179292223,223.75929440344711,2.402462766153487,0.7232206102506211,-0.07692479740814395,0.8001454076587651,220.58899574739107,218.1546137883113,37.73639202698158
2006-09-26 00:00:00+01:00,221.94000244140625,221.2797101364348,220.5474148818606,1.6225832870847228,-0.11742220607933973,218.44825004786708,221.10047476632255,223.75269948477802,2.3991126398607365,0.7319326753421365,-0.054570185853302866,0.7865028611954393,220.58899574739107,218.1546137883113,37.73639202698158
2006-09-27 00:00:00+01:00,221.8699951171875,221.37052321039675,220.6453837881811,1.3546162118188931,0.39460949795170563,218.44840875382445,221.11095101492745,223.77349327603045,2.408331427169564,0.7248326244038878,-0.04933618943324114,0.774168813837129,220.58899574739107,218.1546137883113,37.73639202698158
2006-09-28 00:00:00+01:00,220.91000366210938,221.29967404912176,220.66498526032393,1.4750141293245065,-0.004981598214556016,218.4762581793959,221.0161895751953,223.55612097099473,2.2984120762205653,0.6344291906494277,-0.11179169855016102,0.7462208891995887,220.58899574739107,218.1546137883113,37.73639202698158
2006-09-29 00:00:00+01:00,220.89999389648438,221.23818479486985,220.68239330744692,0.5876109650140222,-0.7524006316656653,218.5778653829327,220.90142749604723,223.22498960916175,2.1037094594203984,0.5555718274512174,-0.1525192493986971,0.7080910768499145,220.58899574739107,218.1546137883113,37.73639202698158
2006-10-02 00:00:00+01:00,221.97999572753906,221.35230955374203,220.7785120052315,1.3314886051200574,0.0514898258231824,218.6641732725149,220.85428437732514,223.0443954821354,1.983308687884447,0.5736116823806299,-0.10758351557542767,0.6811951979560575,221.18599879253154,218.75824108752576,34.72768932608286
2006-10-03 00:00:00+01:00,222.6300048828125,221.5488780659067,220.91565962579307,1.9343464777225563,0.7143452570194313,218.60622385480536,220.91809445335753,223.2299650519097,2.09296626812999,0.6330611687729686,-0.038507223346471164,0.6715683921194397,221.18599879253154,218.75824108752576,34.72768932608286
2006-10-04 00:00:00+01:00,222.22000122070312,221.65212778202923,221.01227752171232,1.757726750748617,0.8877163747720545,218.6752054813147,221.01952325730096,223.36384103328723,2.1213671457042462,0.6397171845671039,-0.02548096604186867,0.6651981506089726,221.18599879253154,218.75824108752576,34.72768932608286
2006-10-05 00:00:00+01:00,221.33999633789062,221.60410755985404,221.0365529895774,1.2834543346413625,-0.5965505481711375,218.81174452960687,221.09333292643228,223.3749213232577,2.0639142452880748,0.5674419677191338,-0.07820494631187103,0.6456469140310048,221.18599879253154,218.75824108752576,34.72768932608286
2006-10-06 00:00:00+01:00,222.1999969482422,221.6957828503753,221.12273402355257,1.5672684178536826,-0.03273768566194235,219.309183860949,221.27666582380022,223.24414778665144,1.7783004416904082,0.572953547735608,-0.058154693036317484,0.6311082407719255,221.18599879253154,218.75824108752576,34.72768932608286
2006-10-09 00:00:00+01:00,222.19000244140625,221.77181663361083,221.20179094339358,1.8682163808251744,0.7982090566064244,220.03808107523858,221.46809459867933,222.89810812212008,1.2913946146798851,0.5699450694512223,-0.048930537056562584,0.6188756065077848,221.49399939847154,219.23706387650088,33.21709845655085
2006-10-10 00:00:00+01:00,221.8000030517578,221.77615300563343,221.24610295142057,1.3138946071731823,0.4838927761184948,220.52259848768304,221.58618963332404,222.64978077896504,0.9599796335692272,0.5299818366416105,-0.07111501589293945,0.6010968525345499,221.49399939847154,219.23706387650088,33.21709845655085
2006-10-11 00:00:00+01:00,222.08999633789062,221.82443659521147,221.30861357264058,0.8313858170078561,0.22138520665629358,220.6050510254659,221.64285641624815,222.6806618070304,0.9364663563378981,0.5157653000105995,-0.06826524201916029,0.5840305420297598,221.49399939847154,219.23706387650088,33.21709845655085
2006-10-12 00:00:00+01:00,221.92999267578125,221.8406759922222,221.3546416543547,0.9653656698640418,0.3153565145906043,220.7994307142689,221.7104753766741,222.62152003907931,0.8218327626219623,0.48598549570110094,-0.07843603706292712,0.5644215327640281,221.49399939847154,219.23706387650088,33.21709845655085
2006-10-13 00:00:00+01:00,221.8699951171875,221.84518662683226,221.3928159849349,0.9771791322525871,0.22717913225258712,220.80403817698718,221.71761794317337,222.63119770935955,0.8240930735782492,0.4523293139103828,-0.08967377508291619,0.542003088993299,221.49399939847154,219.23706387650088,33.21709845655085
2006-10-16 00:00:00+01:00,221.50999450683594,221.79361860837128,221.4014958754461,0.778496800335148,-0.03150075825860199,220.87818124100167,221.74142746698288,222.6046736929641,0.7786061773321551,0.39208776309007476,-0.11993226072257934,0.5120200238126541,222.10933171161125,219.82319708527083,34.59797489431286
2006-10-17 00:00:00+01:00,221.94000244140625,221.81613919806895,221.4413852507024,1.0886135285944647,-0.1513919645695978,220.88462149161273,221.7519037155878,222.61918593956284,0.7822094957862483,0.37472435750609634,-0.10983653304524621,0.48456089055134255,222.10933171161125,219.82319708527083,34.59797489431286
2006-10-18 00:00:00+01:00,222.10000610351562,221.85981102967614,221.49017198054042,1.0498213055923884,0.1198286298111384,220.9384597308735,221.79095168340774,222.643443635942,0.7687346540188243,0.369614011561481,-0.09195750319188922,0.4615715147533702,222.10933171161125,219.82319708527083,34.59797489431286
2006-10-19 00:00:00+01:00,221.99000549316406,221.87984094713582,221.5271966851792,0.7327978216567317,-0.06718997131201832,220.95475989233094,221.80809456961495,222.66142924689896,0.7694351091557567,0.3526230763168883,-0.08715875074918555,0.4397818270660738,222.10933171161125,219.82319708527083,34.59797489431286
2006-10-20 00:00:00+01:00,223.5,222.129096186038,221.6733302640548,2.1266727877030007,0.2566624117264382,220.8218509001602,221.91142781575522,223.00100473135024,0.9819926141880829,0.45574799567265245,0.012772934885262877,0.4429750607873896,222.10933171161125,219.82319708527083,34.59797489431286
2006-10-23 00:00:00+01:00,223.44000244140625,222.33077407147925,221.80419486978454,1.835804519863899,1.215809402676399,220.71624015027535,221.98523748488654,223.25423481949773,1.143316870066716,0.5265640332781345,0.06687117799259595,0.45969285528553855,222.35955467785803,220.25702616028238,36.69679273076604
2006-10-24 00:00:00+01:00,223.5800018310547,222.52296295756778,221.93573612617493,1.834268146286007,1.234262042770382,220.68834686435525,222.09190441313245,223.49546196190965,1.2639430081758598,0.5872139965788108,0.1020169130346178,0.485197083544193,222.35955467785803,220.25702616028238,36.69679273076604
2006-10-25 00:00:00+01:00,223.47999572753906,222.6701987683326,222.05012572627598,1.6998742737240207,1.2398675598568332,220.64501480198845,222.1652374267578,223.68546005152717,1.3685513020645623,0.6200621818293541,0.10789207862812888,0.5121701032012252,222.35955467785803,220.25702616028238,36.69679273076604
2006-10-26 00:00:00+01:00,223.75,222.83632203474298,222.17604233914443,1.863950946988382,1.113950946988382,220.59922805699003,222.25476146879652,223.910294880603,1.489761929837365,0.6602705061754648,0.11848032237939166,0.5417901837960731,222.35955467785803,220.25702616028238,36.69679273076604
2006-10-27 00:00:00+01:00,223.1999969482422,222.89227202143516,222.25189082870722,2.0481122230505946,0.4281018470740321,220.77668611994216,222.36380876813615,223.95093141633015,1.4275008662483617,0.6403734170622499,0.07886658661294144,0.5615068304493085,222.35955467785803,220.25702616028238,36.69679273076604
2006-10-30 00:00:00+00:00,223.41000366210938,222.97192304307734,222.3376769645148,1.1723175423211387,0.08232120443051372,220.97928809919276,222.48333304268974,223.98737798618671,1.352051790062301,0.634239499153125,0.05818613496305325,0.5760533641900718,222.99303462085066,220.8288787812186,39.26775527363189
2006-10-31 00:00:00+00:00,222.86000061035156,222.95470420727338,222.37636760494715,1.5936336157559765,0.233633005404414,221.03061611246645,222.52523803710938,224.0198599617523,1.3433280088379707,0.5783310351336297,0.0018221367548463263,0.5765088983787834,222.99303462085066,220.8288787812186,39.26775527363189
2006-11-01 00:00:00+00:00,223.55999755859375,223.04782626132265,222.46404389780986,1.1659609850026413,0.33595915394795384,221.01134905744627,222.56952340262276,224.12769774779926,1.4001686496473262,0.5837776528113636,0.005815003546064235,0.5779626492652994,222.99303462085066,220.8288787812186,39.26775527363189
2006-11-02 00:00:00+00:00,223.41000366210938,223.10354586144368,222.53411499146168,1.1958807360773847,0.18588622924144715,221.03674158555586,222.62619018554688,224.2156387855379,1.4279080090858103,0.5694268840038887,-0.0068286122091285595,0.5762554962130173,222.99303462085066,220.8288787812186,39.26775527363189
2006-11-03 00:00:00+00:00,224.41000366210938,223.3045393692384,222.67306970780595,1.8569290714909243,0.5469315128971743,221.1195502511458,222.77238101050966,224.42521176987353,1.4838740348929438,0.6314662886817359,0.04416863397497495,0.587297654706761,222.99303462085066,220.8288787812186,39.26775527363189
2006-11-06 00:00:00+00:00,224.30999755859375,223.45922524452385,222.79432362267912,1.8556702738052593,1.3756745462661968,221.1180355066411,222.87285723005022,224.62767895345934,1.5747289689904131,0.664898767978741,0.06208089061758404,0.602817877361157,223.54535437939523,221.3747523691137,44.139929887361376
2006-11-07 00:00:00+00:00,224.07000732421875,223.55319171832306,222.88881871168206,1.7411861711304368,1.1211757951538743,221.16474164115786,222.96238127208892,224.76002090301998,1.6125048725034339,0.6643705918313287,0.04924217157613742,0.6151284202551913,223.54535437939523,221.3747523691137,44.139929887361376
2006-11-08 00:00:00+00:00,224.4199981689453,223.68654655688033,223.0022394122201,1.5577581463736578,0.9977605877799078,221.26599379414054,223.08714294433594,224.90829209453133,1.6326796122444436,0.6843051013597403,0.055341344883639176,0.6289637564761011,223.54535437939523,221.3747523691137,44.139929887361376
2006-11-09 00:00:00+00:00,224.61000061035156,223.82861641126053,223.1213328343039,2.118672658860163,1.2286732692117255,221.3332899602767,223.20714314778647,225.08099633529625,1.6790261826603765,0.7072818480100409,0.06265447322715179,0.6446273747828891,223.54535437939523,221.3747523691137,44.139929887361376
2006-11-10 00:00:00+00:00,224.42999267578125,223.9211358365714,223.21827060033925,1.7817293996607475,1.0017306203638725,221.47449456239477,223.3261907668341,225.1778869712734,1.658288441746273,0.7028637732773575,0.0465891187955747,0.6562746544817828,223.54535437939523,221.3747523691137,44.139929887361376
2006-11-13 00:00:00+00:00,224.02000427246094,223.9363463651698,223.27765827975568,1.4823362270802534,0.7823392788380659,221.6751081351853,223.42857215518043,225.18203617517557,1.5695969437402857,0.6586868475292817,0.0019297544379991427,0.6567570930912826,223.44357141731817,221.6412171011209,39.92631170315982
2006-11-14 00:00:00+00:00,223.0399932861328,223.7984458914718,223.26005346541325,1.0399495863445622,-0.6000498033038753,221.95836972752122,223.50142923990884,225.04448875229647,1.3808050513460404,0.5383913786175469,-0.09469257157898858,0.6330839501965355,223.44357141731817,221.6412171011209,39.92631170315982
2006-11-15 00:00:00+00:00,222.6999969482422,223.62945374635956,223.21856779747466,0.23142915076752502,-0.7185677974746625,222.1115254106504,223.5376194545201,224.9637134983898,1.2759320309035114,0.41088506258864754,-0.1777591100863104,0.5886441726749579,223.44357141731817,221.6412171011209,39.92631170315982
2006-11-16 00:00:00+00:00,223.24000549316406,223.56953863048332,223.22015577493315,0.14983934225435291,-0.6601582163393971,222.30926549243858,223.59190513974144,224.8745447870443,1.1473041893007963,0.34938210560719085,-0.1914096536542137,0.5407917592614045,223.44357141731817,221.6412171011209,39.92631170315982
2006-11-17 00:00:00+00:00,223.07000732421875,223.49268766028877,223.20903366747282,0.17097121533967652,-0.509036719230636,222.54894418836528,223.6433337983631,224.73772340836092,0.9786919121716554,0.283653358248813,-0.20571072081007324,0.48936407905888624,223.44357141731817,221.6412171011209,39.92631170315982
2006-11-20 00:00:00+00:00,223.97000122070312,223.56612051573714,223.26540163437878,0.914591041402474,-0.14540651719127595,222.56476170043015,223.66571480887276,224.76666791731537,0.9844630048761819,0.3007183444169357,-0.15091658771356042,0.4516349321304961,223.6273793172746,221.97747110341612,37.24798964021644
2006-11-21 00:00:00+00:00,223.80999755859375,223.603640060792,223.3057420732095,0.9342634199545614,0.3842603681967489,222.585555284364,223.68333362397692,224.78111196358984,0.9815468339347417,0.2978975332474363,-0.12298991910644785,0.42088745235388414,223.6273793172746,221.97747110341612,37.24798964021644
2006-11-22 00:00:00+00:00,223.52000427246094,223.5907730164334,223.32161334722812,0.6183890941781272,-0.31161884039218535,222.5813259869482,223.68047659737724,224.77962720780627,0.9827863630740522,0.26915928476788054,-0.1213825340688029,0.39054181883668343,223.6273793172746,221.97747110341612,37.24798964021644
2006-11-23 00:00:00+00:00,222.75999450683594,223.46296093803377,223.28001195164353,0.6199819448408448,-0.9400156137529052,222.48121772164075,223.6461908249628,224.81116392828483,1.041800085237141,0.18294866109707186,-0.16607452619168928,0.34902318728876114,223.6273793172746,221.97747110341612,37.24798964021644
2006-11-24 00:00:00+00:00,223.8699951171875,223.52558158098051,223.3237144083505,0.8462837605948152,-0.6537162394051848,222.48377828701464,223.6519048781622,224.82003146930978,1.0445934648166078,0.20186689738193309,-0.11772503192546246,0.31959192930739555,223.6273793172746,221.97747110341612,37.24798964021644
2006-11-27 00:00:00+00:00,225.02000427246094,223.7554927642852,223.4493655093957,1.560628997440233,0.505636321658983,222.45323560849283,223.7385718936012,225.02390817870958,1.148962625648306,0.3061270219872654,-0.010771925856104148,0.3168989478433695,225.20491974830026,222.88926103297834,41.61363791273809
2006-11-28 00:00:00+00:00,226.6699981689453,224.203878211156,223.68793089158456,3.242061784196693,1.062069108415443,222.11281494847609,223.89380972726005,225.674804506044,1.5909281109232198,0.5159471225003074,0.1592385397255503,0.3567085827747571,225.20491974830026,222.88926103297834,41.61363791273809
2006-11-29 00:00:00+00:00,226.5,224.557127717132,223.89623230702273,3.1637652515710215,1.8237689136803965,222.0319652137927,224.067143031529,226.10232084926534,1.8165785399869638,0.6608952433567765,0.24334932846561552,0.417545914891161,225.20491974830026,222.88926103297834,41.61363791273809
2006-11-30 00:00:00+00:00,227.4600067138672,225.0037244858605,224.16021559641862,3.6297776897141887,2.059785624284501,221.7734081500013,224.2528577532087,226.7323073564161,2.2112981105784124,0.843508748343595,0.3407702667619472,0.5027384815816478,225.20491974830026,222.88926103297834,41.61363791273809
2006-12-01 00:00:00+00:00,228.3800048828125,225.52315223923773,224.47279258059595,4.497208640107175,2.7072000951853,221.4840698889082,224.48952447800409,227.49497906709996,2.677590053330401,1.050359539250934,0.4380968461354289,0.6122626931155051,225.20491974830026,222.88926103297834,41.61363791273809
2006-12-04 00:00:00+00:00,228.5,225.98112881781654,224.77110424129253,4.168898200113716,3.2288957587074663,221.22835986034934,224.68428620837983,228.14021255641032,3.076251042162641,1.2100244755009726,0.478209425908374,0.7318150495925986,225.82661560693975,223.48651050315553,34.440645931346815
2006-12-05 00:00:00+00:00,226.80999755859375,226.1086470856284,224.92213337590744,3.5778666240925645,1.4228678447956895,221.23671800983047,224.80333382742745,228.36994964502443,3.1730986875265215,1.18651362423995,0.36375885971788124,0.8227547645220689,225.82661560693975,223.48651050315553,34.440645931346815
2006-12-06 00:00:00+00:00,226.74000549316406,226.2057791483262,225.0567905697783,1.7832057681123388,0.6732051577607763,221.28793987097856,224.93047659737724,228.5730133237759,3.238811193130373,1.148988506217819,0.2609869933566,0.8880015128612189,225.82661560693975,223.48651050315553,34.440645931346815
2006-12-07 00:00:00+00:00,225.97999572753906,226.17104323743587,225.12517613701982,1.6148293561442415,0.7648232526286165,221.34331818430286,225.0047621954055,228.66620620650815,3.2545480152307733,1.0458670392136753,0.12629242108196514,0.9195746181317102,225.82661560693975,223.48651050315553,34.440645931346815
2006-12-08 00:00:00+00:00,227.1999969482422,226.32934380832916,225.27886656748075,2.4411346532223774,0.6911346532223774,221.35535627675824,225.12809535435267,228.9008344319471,3.351637716879463,1.0504771890617803,0.1047220567440561,0.9457551323177242,225.82661560693975,223.48651050315553,34.440645931346815
2006-12-11 00:00:00+00:00,228.83999633789062,226.7155980436463,225.54265395788147,3.4573460421185302,1.3973484835247802,221.26516629622728,225.33809552873885,229.41102476125042,3.6149495476605926,1.1729440419453852,0.18175112770212876,0.9911929142432564,227.35441162532962,224.47558095443466,30.64388226207857
2006-12-12 00:00:00+00:00,230.02999877929688,227.22550584913103,225.87504987057892,4.404948908717955,2.9149434155538927,221.13838103057662,225.62428574335007,230.11019045612352,3.976437818290722,1.350455941474081,0.2874104217846598,1.0630455196894213,227.35441162532962,224.47558095443466,30.64388226207857
2006-12-13 00:00:00+00:00,230.97999572753906,227.8031196765784,226.25319400813152,5.071802940110672,3.7768047711653594,221.12970656806212,226.00238109770277,230.87505562734341,4.312055922573797,1.549925637073187,0.3895040939070127,1.1604215431661744,227.35441162532962,224.47558095443466,30.64388226207857
2006-12-14 00:00:00+00:00,231.06500244140625,228.3049477942442,226.60962426244816,4.720377568606523,4.090372685794023,221.31024075609332,226.40071469261534,231.49118862913735,4.496870907349707,1.6953235052490925,0.42792156966633454,1.267401935582758,227.35441162532962,224.47558095443466,30.64388226207857
2006-12-15 00:00:00+00:00,230.85000610351562,228.69649522643982,226.92372662104574,4.816278872118318,2.5912727686026926,221.54241796504868,226.76309567406065,231.98377338307262,4.604521466328841,1.7727685829312634,0.4042933178788044,1.368475265052459,227.35441162532962,224.47558095443466,30.64388226207857
2006-12-18 00:00:00+00:00,229.94000244140625,228.88780402874235,227.14715445959098,3.702851643924646,2.3028424886512084,221.97634285946657,227.0902382986886,232.20413373791064,4.503844355031941,1.7406495501443828,0.29773942807353904,1.4429101220708438,229.1162742134359,225.64192644517948,29.74471611273824
2006-12-19 00:00:00+00:00,232.55999755859375,229.45275687948873,227.54810580025784,5.091893589390594,2.121892368687469,222.0838530280348,227.49928574335007,232.91471845866533,4.760834916576047,1.9046510631480373,0.3693927528617549,1.5352583102862825,229.1162742134359,225.64192644517948,29.74471611273824
2006-12-20 00:00:00+00:00,232.52999877929688,229.92617871022844,227.9171349098163,5.29287180405089,4.482858986668077,222.35887238583092,227.9145238967169,233.47017540760288,4.875206209678512,2.0090437868035735,0.37902838121383287,1.6300154055897407,229.1162742134359,225.64192644517948,29.74471611273824
2006-12-21 00:00:00+00:00,232.00999450683594,230.24676575586037,228.22030969478072,4.749691525922401,3.349697629438026,222.86648184119082,228.31880914597284,233.77113645075485,4.7760649463585265,2.0264560495647004,0.3171525151799677,1.7093035343847327,229.1162742134359,225.64192644517948,29.74471611273824
2006-12-22 00:00:00+00:00,232.67999267578125,230.6211083589251,228.55065658226223,4.379336093519015,3.4393489109018276,223.6363528427469,228.79119001116072,233.94602717957454,4.50615005600728,2.0704517669194615,0.288918586027783,1.7815331808916786,229.1162742134359,225.64192644517948,29.74471611273824
2006-12-25 00:00:00+00:00,232.80999755859375,230.95786054348952,228.86616332124976,5.703844002968992,3.46383850980493,224.28630829639664,229.21690441313245,234.14750052986827,4.302122593758688,2.0916972139953316,0.24813122648292252,1.843565987512409,230.46084744111872,226.7145075096516,30.799970046097474
2006-12-26 00:00:00+00:00,232.9199981689453,231.25972787048272,229.16644738404202,3.9035599401767342,3.3635513952548592,224.79709195258056,229.59309459867933,234.3890972447781,4.177828304881743,2.093280479464653,0.19977159356179497,1.893508885902858,230.46084744111872,226.7145075096516,30.799970046097474
2006-12-27 00:00:00+00:00,232.3300018310547,231.4243854028784,229.4007847504874,3.5392176909188606,2.1592128081063606,225.11811240672108,229.86261858258928,234.60712475845747,4.1281233156782315,2.0236006464882053,0.10407340846827795,1.9195272380199273,230.46084744111872,226.7145075096516,30.799970046097474
2006-12-28 00:00:00+00:00,233.25999450683594,231.70678680348726,229.68665213984653,3.9033441980440955,2.4933405359347205,225.47914286423583,230.1845230829148,234.8899033015938,4.088354990734157,2.020134658646043,0.08048593650089275,1.9396487221451504,230.46084744111872,226.7145075096516,30.799970046097474
2006-12-29 00:00:00+00:00,233.14999389648438,231.92881866394836,229.94319597367155,3.896800364219075,2.8668015849222,225.75355059977963,230.45547485351562,235.15739910725162,4.0805489708801055,1.985622686050533,0.036779171124306176,1.9488435149262269,230.46084744111872,226.7145075096516,30.799970046097474
2007-01-01 00:00:00+00:00,233.4499969482422,232.16284609230127,230.20295900882493,3.4270458739875664,2.097044042932879,225.92589877403466,230.69690304710753,235.4679073201804,4.136166727906736,1.9598870799002555,0.008834851979222957,1.9510522279210325,229.90389605612341,227.01100547772035,25.603670923938882
2007-01-02 00:00:00+00:00,234.5,232.52240823194722,230.52125834150456,4.02874471025325,2.418744099901687,226.0559956364145,230.9826173328218,235.9092390292291,4.265794329716637,2.0011498874167444,0.04007812759656959,1.9610717598201748,229.90389605612341,227.01100547772035,25.603670923938882
2007-01-03 00:00:00+00:00,232.9499969482422,232.58819111137723,230.70116490496662,4.0788338743302575,1.9588387571427575,226.65433008939314,231.2749982561384,235.89566642288364,3.995821599036685,1.887026203850212,-0.05923644477597034,1.9462626486261823,229.90389605612341,227.01100547772035,25.603670923938882
2007-01-04 00:00:00+00:00,230.83999633789062,232.31923806930237,230.71144871481283,2.4235457920231056,0.0735549472965431,227.30889204351996,231.47023591541108,235.6315797873022,3.5955757814251754,1.6077893523230387,-0.2707786370425149,1.8785679893655536,229.90389605612341,227.01100547772035,25.603670923938882
2007-01-05 00:00:00+00:00,229.13999938964844,231.8301244262787,230.59504506109695,0.2649555492546085,-1.8950481128547665,228.0824891887815,231.62071228027344,235.15893537176538,3.0551871261068433,1.2350793633485466,-0.5147909008136056,1.7498702641621522,229.90389605612341,227.01100547772035,25.603670923938882
2007-01-08 00:00:00+00:00,230.27999877929688,231.59164355751227,230.57170829948214,-0.16170463737276464,-2.5417095201852646,228.75856899687338,231.76737903413317,234.77618907139296,2.596405110847523,1.0199352564789592,-0.5839480061465543,1.6038832626255135,231.84259777764998,228.2551477267179,23.353219223075733
2007-01-09 00:00:00+00:00,231.27000427246094,231.5421605905813,230.6234339271102,1.2465611900773013,-0.34343514781332374,229.1601908938978,231.88309369768416,234.6059965014705,2.3485134343914855,0.9187266621585763,-0.5481252803735497,1.466851942532126,231.84259777764998,228.2551477267179,23.353219223075733
2007-01-10 00:00:00+00:00,230.89999389648438,231.44336571456637,230.64391985076753,1.1060801492324686,0.09608564239653106,229.29063914141133,231.92452203659784,234.55840493178434,2.271327647510145,0.799445862688259,-0.5339248638750935,1.3333707265633525,231.84259777764998,228.2551477267179,23.353219223075733
2007-01-11 00:00:00+00:00,233.94000244140625,231.82746367254174,230.88807411674077,3.9019191693920448,-0.01807899955326775,229.33386643103472,232.06547473725817,234.79708304348162,2.354170355858531,0.9393895548612363,-0.31518493736169306,1.2545744922229294,231.84259777764998,228.2551477267179,23.353219223075733
2007-01-12 00:00:00+00:00,235.6300048828125,232.41247001258338,231.2393282475609,4.710668700681282,2.650671142087532,229.2002957717296,232.2828558058966,235.36541584006358,2.6541433920916484,1.1731417642273243,-0.06514618239648406,1.2382879466238084,231.84259777764998,228.2551477267179,23.353219223075733
2007-01-15 00:00:00+00:00,236.5500030517578,233.04901355707176,231.6327115663903,5.307290875015951,3.3672884336097013,229.04932795728698,232.55428423200334,236.0592405067197,3.0143123669308203,1.416301990008634,0.14241123470786055,1.2738907553007734,234.35173022416248,229.84298306821356,26.10219094644661
2007-01-16 00:00:00+00:00,236.83999633789062,233.63224167719773,232.0184363642792,5.241558142556727,4.281566687478602,229.13457342221676,232.88285536993118,236.6311373176456,3.219027817020127,1.6138053123492,0.2719316456387413,1.3418736667104587,234.35173022416248,229.84298306821356,26.10219094644661
2007-01-17 00:00:00+00:00,237.63999938964844,234.24881978680554,232.43484844023249,5.435146676955014,4.195156442580014,228.8696166162927,233.124760219029,237.37990382176534,3.6505290975857445,1.8139713460913072,0.37767814350467876,1.4362932025866284,234.35173022416248,229.84298306821356,26.10219094644661
2007-01-18 00:00:00+00:00,239.3800048828125,235.03823287849892,232.94930447301618,6.970693695929128,4.560690033819753,228.44433188027625,233.4509509858631,238.45757009144995,4.289225710534828,2.0889284050751087,0.5221081619907841,1.5668202430843245,234.35173022416248,229.84298306821356,26.10219094644661
2007-01-19 00:00:00+00:00,239.50999450683594,235.7261962059354,233.4352815125584,6.364721539199422,5.56471848744161,228.22657989161507,233.80809384300596,239.38960779439685,4.774440319537169,2.2909146930320787,0.5792755599582033,1.7116391330738754,234.35173022416248,229.84298306821356,26.10219094644661
2007-01-22 00:00:00+00:00,240.39999389648438,236.4452420044814,233.95118613358994,6.65881447676162,5.40881447676162,227.95903295022356,234.17571294875373,240.3923929472839,5.30941481526789,2.4940558705995954,0.6259333900205761,1.8681224805790193,235.64115388967602,231.03969994714063,29.669889002292134
2007-01-23 00:00:00+00:00,241.19000244140625,237.1752051486237,234.48739474898375,6.942597926797504,5.902604640664691,227.71718404954385,234.57476080031623,241.4323375510886,5.84681551192965,2.687810399392987,0.6557503350511742,2.0320600643418127,235.64115388967602,231.03969994714063,29.669889002292134
2007-01-24 00:00:00+00:00,237.85000610351562,237.27902068014552,234.73647707154166,6.573520487052093,2.733524149161468,227.85771623726512,234.8095230829148,241.7613299285645,5.921230752804601,2.542543608394908,0.4083868352424762,2.134156773152432,235.64115388967602,231.03969994714063,29.669889002292134
2007-01-25 00:00:00+00:00,238.9600067138672,237.5376339161027,235.04933111912132,3.9206701015818055,1.3606725429880555,228.05140525077297,235.12523760114397,242.19906995151496,6.017076195257888,2.488302796804561,0.28331681892170346,2.2049859778828576,235.64115388967602,231.03969994714063,29.669889002292134
2007-01-26 00:00:00+00:00,238.17999267578125,237.6364583406686,235.28123197517021,3.74376192131416,2.288775349048535,228.2226970889899,235.3595232282366,242.49634936748333,6.064616414374603,2.3552263653488126,0.1201923099727642,2.2350340553760484,235.64115388967602,231.03969994714063,29.669889002292134
2007-01-29 00:00:00+00:00,238.7100067138672,237.80161962885302,235.53521528914777,3.5297871522584785,2.544786541906916,228.4227429815608,235.62428574335007,242.82582850513936,6.112733871272885,2.2664043395786564,0.0250962273620865,2.24130811221657,236.36410177931526,232.00688532020536,32.629112575834824
2007-01-30 00:00:00+00:00,238.75,237.94752430133718,235.77334748995165,4.236647016884291,2.5066512893452284,228.62629302411105,235.87666684105284,243.12704065799463,6.14759731349562,2.1741768112784143,-0.053705040750524624,2.227881852028939,236.36410177931526,232.00688532020536,32.629112575834824
2007-01-31 00:00:00+00:00,237.0850067138672,237.81482928788026,235.8705074324639,2.93949012612984,0.8294895157782776,228.7592907835678,235.99976239885603,243.24023401414428,6.135999071940879,1.9443218553257111,-0.2268479973625821,2.171169852688293,236.36410177931526,232.00688532020536,32.629112575834824
2007-02-01 00:00:00+00:00,237.55999755859375,237.77562440645156,235.99565484921428,1.7543451507857242,0.5643427093794742,229.08320070541978,236.2192862374442,243.35537176946863,6.041916090501886,1.779969557160598,-0.312960236422156,2.092929793582754,236.36410177931526,232.00688532020536,32.629112575834824
2007-02-02 00:00:00+00:00,237.92999267578125,237.79937337096382,236.1389391326637,2.551063308742556,1.1610639190941185,229.81054026374196,236.5569051106771,243.30326995761223,5.703798706513123,1.66043423823524,-0.34599644427801124,2.006430682513251,236.36410177931526,232.00688532020536,32.629112575834824
2007-02-05 00:00:00+00:00,235.6999969482422,237.4763923828528,236.10642489678062,1.8235677790006264,-0.6964212346712486,230.97142295199563,236.8692859468006,242.76714894160557,4.979846138540386,1.3699674860172593,-0.5091705571967935,1.8791380432140528,236.90606968393152,232.86161677348517,36.4830476537374
2007-02-06 00:00:00+00:00,236.5800018310547,237.33848614411463,236.14150466968982,1.0685020441773645,-0.7815040593382605,232.0535751915353,237.1692860921224,242.28499699270952,4.313974195292766,1.1969814743783331,-0.5457252550685756,1.7427067294469087,236.90606968393152,232.86161677348517,36.4830476537374
2007-02-07 00:00:00+00:00,237.7100067138672,237.3956431548458,236.25769000629555,1.70231670757164,0.2023167075716401,233.0917597838722,237.47595287504652,241.86014596622084,3.6923259286645917,1.137953148510917,-0.4838028647487935,1.6217560132597104,236.90606968393152,232.86161677348517,36.4830476537374
2007-02-08 00:00:00+00:00,237.24000549316406,237.37169889920244,236.33045411643397,2.459539169698843,0.5495507663785304,234.51743507741,237.7778581891741,241.03828130093822,2.7424110357408855,1.0412447827351912,-0.4644089844196153,1.5056537671548065,236.90606968393152,232.86161677348517,36.4830476537374
2007-02-09 00:00:00+00:00,240.77000427246094,237.89451511047298,236.65930968354706,5.75069397856231,-0.39931517671112715,235.08531389602942,238.1030963716053,241.12087884718116,2.5348536172465774,1.2352054268977497,-0.21635867220564542,1.4515640991033951,236.90606968393152,232.86161677348517,36.4830476537374
2007-02-12 00:00:00+00:00,237.07000732421875,237.76766775874157,236.68973173100423,1.8002737621598328,-0.03973783451985469,235.32096519962928,238.17166791643416,241.02237063323903,2.3938218527361395,1.0779360277134913,-0.298902457111923,1.3768384848254143,235.61404604905331,232.885671345744,32.62066248414057
2007-02-13 00:00:00+00:00,235.9199981689453,237.48341089877292,236.63271443011098,0.5272892319983953,-1.2127162611656672,235.21118825562164,238.14166768391928,241.07214711221692,2.46112279031086,0.8506964686417575,-0.4209136129469253,1.2716100815886828,235.61404604905331,232.885671345744,32.62066248414057
2007-02-14 00:00:00+00:00,236.30999755859375,237.30288576951457,236.60880947666527,0.5211954061472284,-0.9688100870168341,235.13289493125538,238.1164296468099,241.09996436236443,2.505946120542714,0.6940762928322499,-0.4620270310051464,1.1561033238373963,235.61404604905331,232.885671345744,32.62066248414057
2007-02-15 00:00:00+00:00,232.9499969482422,236.6332105662419,236.3377863264117,0.012219777103922524,-3.827791819575765,234.18595062710045,237.8930961972191,241.60024176733776,3.1166483007521513,0.29542423981575894,-0.68854326721731,0.9839675070330689,235.61404604905331,232.885671345744,32.62066248414057
2007-02-16 00:00:00+00:00,232.5500030517578,236.0050247947828,236.05720978754846,-2.6172073461422087,-3.8872116186031462,233.28574142645138,237.56785801478796,241.84997460312454,3.604962913855146,-0.05218499277785327,-0.8289219998487377,0.7767370070708844,235.61404604905331,232.885671345744,32.62066248414057
2007-02-19 00:00:00+00:00,233.47999572753906,235.61655878443761,235.86630504236257,-2.056307483768819,-3.7263056527141316,232.75620006262594,237.2807152157738,241.80523036892166,3.8136391733592365,-0.2497462579352714,-0.8211866120049246,0.5714403540696532,236.26603314077514,233.55486219981182,29.349900342853953
2007-02-20 00:00:00+00:00,234.77999877929688,235.48785724518518,235.7858379117651,-0.6658427945775998,-2.3958385221166623,232.59465748281693,237.01309640066964,241.43153531852235,3.728434407171626,-0.29798066658864286,-0.6955368165266369,0.397556149937994,236.26603314077514,233.55486219981182,29.349900342853953
2007-02-21 00:00:00+00:00,236.27999877929688,235.60972517351007,235.82244242047116,0.5475526967163376,-1.9524473032836624,232.7689062539164,236.77928670247397,240.78966715103152,3.3874419544111696,-0.21271724696848082,-0.4882187175251798,0.275501470556699,236.26603314077514,233.55486219981182,29.349900342853953
2007-02-22 00:00:00+00:00,237.63999938964844,235.92207505291597,235.95707627003986,2.012924950663262,-0.23707504933673818,232.76859999626691,236.76928638276598,240.76997276926505,3.379396413799617,-0.03500121713014437,-0.2484021501494747,0.21340093301933033,236.26603314077514,233.55486219981182,29.349900342853953
2007-02-23 00:00:00+00:00,237.6300048828125,236.18483348828468,236.08099690802302,2.0389982091644754,1.3090024816254129,232.8051306335965,236.7059529622396,240.6067752908827,3.295922455541605,0.1038365802563419,-0.08765148221039074,0.19148806246673264,236.26603314077514,233.55486219981182,29.349900342853953
2007-02-26 00:00:00+00:00,236.89999389648438,236.29485816646925,236.14166335161275,1.4383384794419385,0.138335427684126,232.79859185504387,236.6450006394159,240.49140942378796,3.250783894845892,0.15319481485201436,-0.03063459809177463,0.183829412943789,232.35402168694904,232.2655959968811,31.794484881337034
2007-02-27 00:00:00+00:00,231.74000549316406,235.5941116013454,235.8156146213573,1.0643902614552019,-4.995607297138548,232.0557913264761,236.31309581938245,240.5704003122888,3.603105006216213,-0.2215030200157173,-0.32426594636760503,0.10276292635188773,232.35402168694904,232.2655959968811,31.794484881337034
2007-02-28 00:00:00+00:00,233.14999389648438,235.21809349290524,235.61816123432968,-2.2981539101109263,-4.658154520462489,231.73194068266795,236.04642886207216,240.36091704147637,3.6556267342856277,-0.40006774142767654,-0.4022645342236514,0.0021967927959748584,232.35402168694904,232.2655959968811,31.794484881337034
2007-03-01 00:00:00+00:00,230.44000244140625,234.4830025619054,235.23459391633534,-1.954595137038467,-5.664586592116592,230.83143963764493,235.73000008719308,240.62856053674122,4.156077247474854,-0.7515913544326907,-0.6030305177829324,-0.14856083664975828,232.35402168694904,232.2655959968811,31.794484881337034
2007-03-02 00:00:00+00:00,227.61000061035156,233.42561764628175,234.6698092270032,-4.109811668409463,-8.399804954542276,229.3385086512759,235.25619070870536,241.17387276613482,5.030840667446447,-1.2441915807237933,-0.876504595259228,-0.36768698546456535,232.35402168694904,232.2655959968811,31.794484881337034
2007-03-05 00:00:00+00:00,221.99000549316406,231.66629269964827,233.7305645059781,-9.20056572668122,-12.660557181759344,226.44265310370068,234.4971437000093,242.55163429631793,6.869585248861439,-2.064271806331817,-1.3572678566938015,-0.7070039496380157,231.24601405106498,231.8033678229405,35.61585733452938
2007-03-06 00:00:00+00:00,225.94000244140625,230.78532496761105,233.15348583452834,-6.953488886286152,-11.203488886286152,225.21859914897772,234.03238205682663,242.84616496467555,7.532105455140645,-2.3681608669189984,-1.328925533824786,-1.0392353330942123,231.24601405106498,231.8033678229405,35.61585733452938
2007-03-07 00:00:00+00:00,223.22500610351562,229.62219898851944,232.41804289149036,-6.348035567271609,-9.498044722545046,223.54370090866533,233.39642987932478,243.24915884998424,8.44291318059467,-2.795843902972365,-1.405286855902522,-1.390557047069843,231.24601405106498,231.8033678229405,35.61585733452938
2007-03-08 00:00:00+00:00,226.02000427246094,229.0680151860489,231.9441141048956,-5.244117156653402,-8.94411410489559,222.70779876409506,232.83976309640067,242.9717274287063,8.702950215690404,-2.8760989188479016,-1.1884334974224469,-1.6876654214254547,231.24601405106498,231.8033678229405,35.61585733452938
2007-03-09 00:00:00+00:00,228.52000427246094,228.98370581472767,231.69047633953005,-2.9104775602331756,-5.640473287772238,222.33327472641253,232.42452494303384,242.51577515965516,8.683464207655915,-2.706770524803403,-0.8152840827023586,-1.8914864421010444,231.24601405106498,231.8033678229405,35.61585733452938
2007-03-12 00:00:00+00:00,227.17999267578125,228.706211485659,231.35636643851163,-1.7663701006210033,-5.396359724644441,222.1788856749928,231.77738153366815,241.37587739234348,8.282512983072122,-2.650154952853512,-0.6069348086019741,-2.043220144251538,229.47734351451206,230.965744197007,38.25372782044974
2007-03-13 00:00:00+00:00,223.72000122070312,227.93910221412733,230.790709755711,-3.3707115867656796,-7.410704872898492,221.26518126358167,231.14166695731026,241.01815265103886,8.545828905484784,-2.8516075415844,-0.6467099178662896,-2.2048976237181104,229.47734351451206,230.965744197007,38.25372782044974
2007-03-14 00:00:00+00:00,227.3000030517578,227.84077926607048,230.5321388887515,-3.0521431612124275,-7.882144992267115,220.96732445114537,230.73119099934897,240.49505754755256,8.46341277563218,-2.691359622681631,-0.3891695991708164,-2.3021900235108146,229.47734351451206,230.965744197007,38.25372782044974
2007-03-15 00:00:00+00:00,227.10499572753906,227.72758179860412,230.27827643236537,-2.3332691081466237,-4.038270939201311,220.7460797934856,230.29285757882255,239.8396353641595,8.290989035184795,-2.5506946337617933,-0.19880368820078287,-2.3518909455610104,229.47734351451206,230.965744197007,38.25372782044974
2007-03-16 00:00:00+00:00,226.72000122070312,227.57256940200398,230.01470049076076,-2.284704763221697,-5.3647065942763845,220.4110165109142,229.9961911156064,239.58136572029858,8.335072470721261,-2.442131088757236,-0.0721921145569806,-2.3699389742002555,229.47734351451206,230.965744197007,38.25372782044974
2007-03-19 00:00:00+00:00,228.8800048828125,227.77371332212837,229.93064896424607,-0.8556520160038872,-3.980652016003887,220.29523188735587,229.82142929803757,239.34762670871928,8.290086298547832,-2.1569356421181,0.17040266566572448,-2.3273383077838243,230.04156173265648,230.99492333585533,35.679224381799116
2007-03-20 00:00:00+00:00,229.91000366210938,228.10237337443314,229.9291196826063,0.7308839795030622,-1.2491270068250628,220.26608005293872,229.65142967587425,239.0367792988098,8.173560805767108,-1.8267463081735116,0.40047359968825,-2.2272199078617616,230.04156173265648,230.99492333585533,35.679224381799116
2007-03-21 00:00:00+00:00,231.0749969482422,228.55970007809609,230.01399948006082,1.4659962474782446,-0.14400436287331786,220.34612700503925,229.4750010172526,238.60387502946594,7.956312427711469,-1.454299401965045,0.6183364047173732,-2.072635806682418,230.04156173265648,230.99492333585533,35.679224381799116
2007-03-22 00:00:00+00:00,232.00999450683594,229.09051460559454,230.16185096352564,2.04815575034155,0.5181417122556127,220.57831204063834,229.27166748046875,237.96502292029916,7.583453756291962,-1.0713363579313864,0.8010395590008255,-1.8723759169322118,230.04156173265648,230.99492333585533,35.679224381799116
2007-03-23 00:00:00+00:00,231.61000061035156,229.47812783709563,230.26912130773496,2.0008829647259745,0.540876250858787,221.05059389114533,228.98452468145462,236.9184554717639,6.929665488396087,-0.7909934706395916,0.8651059570340962,-1.6560994276736878,230.04156173265648,230.99492333585533,35.679224381799116
2007-03-26 00:00:00+01:00,232.7100067138672,229.97533997198357,230.44992763411514,2.3000723658848585,0.4160696803379835,221.59941083754063,228.75023905436197,235.9010672711833,6.2520837104978595,-0.47458766213179615,0.9452094124335133,-1.4197970745653095,230.58104237580744,231.08993481103448,32.36027820222293
2007-03-27 00:00:00+01:00,231.57000732421875,230.22067341078898,230.53289650004874,2.4571089931153267,0.8571028895997017,222.192461682283,228.4964301699684,234.80039865765377,5.517782910653035,-0.3122230892599305,0.8860591882443032,-1.1982822775042337,230.58104237580744,231.08993481103448,32.36027820222293
2007-03-28 00:00:00+01:00,229.2899932861328,230.07749185314955,230.44082959531423,1.4591643011701478,-1.6208222710954772,222.23146507777795,228.37976292201452,234.5280607662511,5.384275529120365,-0.3633377421648163,0.667955628271534,-1.0312933704363503,230.58104237580744,231.08993481103448,32.36027820222293
2007-03-29 00:00:00+01:00,231.58999633789062,230.31018485080202,230.5259530577273,1.2040426698117699,-1.3559548887819801,222.35500182180346,228.30547732398622,234.255952826169,5.2127312685875715,-0.21576820692538945,0.6524201308087687,-0.8681883377341582,230.58104237580744,231.08993481103448,32.36027820222293
2007-03-30 00:00:00+01:00,231.8000030517578,230.53938765094907,230.62032713135918,1.5696753100470744,0.02966676512519939,222.29985416762813,228.3702392578125,234.44062434799687,5.316266348813843,-0.08093948041022259,0.6297990858591485,-0.710738566269371,230.58104237580744,231.08993481103448,32.36027820222293
2007-04-02 00:00:00+01:00,232.91000366210938,230.9040978065122,230.78993280030363,2.290069030751056,0.6200708618057433,222.26570965090343,228.62262035551527,234.9795310601271,5.561051390913674,0.11416500620845227,0.6599228579822587,-0.5457578517738064,231.85736280457476,231.56423036118804,30.58163817164328
2007-04-03 00:00:00+01:00,234.41000366210938,231.44346793814253,231.05808619747444,4.0219156335802495,1.8069192956896245,223.13033393624002,229.21404883975075,235.29776374326147,5.308326373802682,0.38538174066800934,0.7449116739534526,-0.35952993328544325,231.85736280457476,231.56423036118804,30.58163817164328
2007-04-04 00:00:00+01:00,234.6199951171875,231.93216442722638,231.32193130263838,3.6580644249006866,2.7580705284163116,223.31446264520594,229.62738182431175,235.94030100341757,5.4984027853749975,0.6102331245879213,0.7758104462986917,-0.16557732171077033,231.85736280457476,231.56423036118804,30.58163817164328
2007-04-05 00:00:00+01:00,233.88999938964844,232.23336980606055,231.5121585683428,3.2978389902509377,2.0178402109540627,224.26373873397293,230.13523864746094,236.00673856094895,5.102651769451465,0.7212112377176538,0.7094308475427393,0.011780390174914501,231.85736280457476,231.56423036118804,30.58163817164328
2007-04-06 00:00:00+01:00,236.72999572753906,232.92515840936494,231.89866502457957,5.0013288719048035,1.9213422996391785,224.441019097355,230.6452382405599,236.84945738376481,5.3798805390762,1.026493384785283,0.8117703956882949,0.21472298909698823,231.85736280457476,231.56423036118804,30.58163817164328
2007-04-09 00:00:00+01:00,233.8800048828125,233.0720578668184,232.04543094000422,2.474573332456714,1.6745702806989016,224.6263605442129,230.90047636486236,237.1745921855118,5.434476289893206,1.0266269268141173,0.6495231501737032,0.37710377664041406,233.77157723755505,232.4264840386634,29.100544137595705
2007-04-10 00:00:00+01:00,234.85000610351562,233.34558836477183,232.25317724841247,3.086819089478155,1.4168209205328424,225.00747589387143,231.26571509951637,237.5239543051613,5.412163409480689,1.092411116359301,0.5722458717751097,0.5201652445841914,233.77157723755505,232.4264840386634,29.100544137595705
2007-04-11 00:00:00+01:00,235.6999969482422,233.7078050699211,232.50849722617764,3.731508266986424,2.261507046283299,226.28967889289402,231.83619108654204,237.38270328019007,4.784854485102865,1.1993078437434406,0.5433140793273993,0.6559937644160413,233.77157723755505,232.4264840386634,29.100544137595705
2007-04-12 00:00:00+01:00,235.6300048828125,234.00352811805826,232.739720015558,3.34427961823107,2.4102738809263826,226.85173168108722,232.23285784040178,237.61398399971634,4.634250475453953,1.263808102500235,0.48625147046735495,0.7775566320328801,233.77157723755505,232.4264840386634,29.100544137595705
2007-04-13 00:00:00+01:00,236.4600067138672,234.38144790202887,233.01529680802534,3.9747086851387223,1.7647019712715348,227.52491494783314,232.67833455403647,237.8317541602398,4.429651446560888,1.3661510940034987,0.4708755695764949,0.8952755244270038,233.77157723755505,232.4264840386634,29.100544137595705
2007-04-16 00:00:00+01:00,238.1300048828125,234.95814897599558,233.3941640728244,5.19583226506623,3.0358286029568546,228.29462630374613,233.22166806175596,238.1487098197658,4.225200684788155,1.5639849031711606,0.5349675029953254,1.0290174001758352,235.21105027100023,233.2355572242673,29.540180564246356
2007-04-17 00:00:00+01:00,238.75,235.54151067199626,233.7908926600226,5.6091012364617825,3.44911283314147,228.62974353869453,233.69166782924108,238.75359211978764,4.332139299245632,1.7506180119736428,0.577280489438246,1.1733375225353968,235.21105027100023,233.2355572242673,29.540180564246356
2007-04-18 00:00:00+01:00,237.9199981689453,235.90743182537304,234.0967523273502,4.785251456829485,2.707248527141985,229.00134971462253,234.0730961390904,239.14484256355829,4.333472328194568,1.8106794980228074,0.5098735803899284,1.300805917632879,235.21105027100023,233.2355572242673,29.540180564246356
2007-04-19 00:00:00+01:00,236.9199981689453,236.0632112628457,234.30588164894985,3.774120182104838,1.0141256752689003,229.32704887095397,234.35142953055245,239.37581019015093,4.28790271914552,1.7573296138958199,0.3652189570103528,1.392110656885467,235.21105027100023,233.2355572242673,29.540180564246356
2007-04-20 00:00:00+01:00,237.86000061035156,236.3396403932312,234.5691497201648,3.710849059132073,2.340853941944573,229.50803711553664,234.63000124976747,239.7519653839983,4.365992504750849,1.7704906730663765,0.3027040129447276,1.467786660121649,235.21105027100023,233.2355572242673,29.540180564246356
2007-04-23 00:00:00+01:00,237.2259979248047,236.47600309039635,234.76595329087885,3.5040509815820826,1.6540448780664576,229.84818402473226,234.89742969331286,239.94667536189345,4.299106784755372,1.710049799517492,0.1938105115166744,1.5162392880008175,236.1840351416043,233.9347640326309,29.90635450831732
2007-04-24 00:00:00+01:00,237.2100067138672,236.58892672477648,234.9469942851743,2.8930020527163265,1.0230069355288265,230.0700407607513,235.11171540759858,240.15339005444585,4.288748128188194,1.6419324396021864,0.10055452128109499,1.5413779183210914,236.1840351416043,233.9347640326309,29.90635450831732
2007-04-25 00:00:00+01:00,237.55999755859375,236.73832223767144,235.14055008320537,2.739454799607131,1.799452358200881,230.51376797733317,235.39695303780692,240.28013809828067,4.148894025564949,1.597772154466071,0.045115388915983656,1.5526567655500874,236.1840351416043,233.9347640326309,29.90635450831732
2007-04-26 00:00:00+01:00,237.91000366210938,236.9185809183542,235.34569479275382,3.2643058175977444,1.9543082590039944,231.65163036635334,235.80742972237724,239.96322907840113,3.5247399633816725,1.5728861256003768,0.01618348804023162,1.5567026375601452,236.1840351416043,233.9347640326309,29.90635450831732
2007-04-27 00:00:00+01:00,238.72000122070312,237.19572250333096,235.59564341704635,3.7143541415474033,1.7343584140083408,232.26914071328576,236.1469537644159,240.02476681554606,3.284237200026486,1.6000790862846088,0.034701158979570934,1.5653779273050379,236.1840351416043,233.9347640326309,29.90635450831732
2007-04-30 00:00:00+01:00,238.64999389648438,237.41945656381608,235.82189160070843,3.178108399291574,2.048103516479074,232.97943900538618,236.47314380464098,239.96684860389578,2.954842772455443,1.5975649631076578,0.025749628642095956,1.5718153344655619,237.20935493001485,234.69551124323164,33.186421304172185
2007-05-01 00:00:00+01:00,239.3520050048828,237.7167717085956,236.08338148249914,3.6866227899618025,2.56661241398524,233.46480116253235,236.7799057733445,240.09501038415664,2.8001570487873217,1.6333902260964521,0.049259913304712244,1.5841303127917399,237.20935493001485,234.69551124323164,33.186421304172185
2007-05-02 00:00:00+01:00,238.95199584960938,237.90680619182848,236.2958714356184,3.255123437428466,2.4741328368425286,233.73556758493623,236.9961911156064,240.25681464627655,2.7516252605761347,1.6109347562100709,0.02144355473466475,1.5894912014754061,237.20935493001485,234.69551124323164,33.186421304172185
2007-05-03 00:00:00+01:00,239.25,238.11345139308563,236.51469577372075,3.0053084987401917,2.395307888388629,234.00274586813256,237.21666753859748,240.4305892090624,2.7096929602908078,1.59875561936488,0.007411534311579038,1.591344085053301,237.20935493001485,234.69551124323164,33.186421304172185
2007-05-04 00:00:00+01:00,238.1999969482422,238.12676609387896,236.63953289775938,3.0804683229437444,0.9704677125921819,234.5518822486549,237.42190551757812,240.29192878650136,2.417656671288694,1.4872331961195755,-0.08328871114698044,1.570521907266556,237.20935493001485,234.69551124323164,33.186421304172185
2007-05-07 00:00:00+01:00,239.27699279785156,238.30372404833628,236.8349002977662,2.7371059278197265,2.285094819421289,234.58641930483378,237.5431910923549,240.49996287987602,2.4894603578610264,1.468823750570067,-0.08135852535719112,1.550182275927258,237.5129016590724,235.18472322522533,34.76197438665504
2007-05-08 00:00:00+01:00,238.6999969482422,238.36468910986025,236.97305560520888,2.417950864517678,1.2169468361973657,235.2765808535208,237.77271452404204,240.26884819456328,2.0995963944120586,1.3916335046513666,-0.1268390170207132,1.5184725216720798,237.5129016590724,235.18472322522533,34.76197438665504
2007-05-09 00:00:00+01:00,239.41000366210938,238.52550673328318,237.1535702760904,2.3464297239096084,0.9364260618002334,235.7704876344351,237.98985726492745,240.2092268954198,1.865095980138147,1.3719364571927883,-0.11722885158343321,1.4891653087762216,237.5129016590724,235.18472322522533,34.76197438665504
2007-05-10 00:00:00+01:00,237.19000244140625,238.32004453453288,237.15626895500267,2.5567284815207643,-0.45627200676048574,236.05367995867272,238.0608099074591,240.06793985624546,1.6862329835528989,1.1637755795302098,-0.2603117833968094,1.4240873629270192,237.5129016590724,235.18472322522533,34.76197438665504
2007-05-11 00:00:00+01:00,238.14999389648438,238.29388289791004,237.22987820992725,1.14011690726025,-0.699879430630375,236.49350445139564,238.1808093843006,239.86811431720557,1.4168269368692317,1.0640046879827878,-0.2880661399553852,1.352070827938173,237.5129016590724,235.18472322522533,34.76197438665504
2007-05-14 00:00:00+01:00,238.10000610351562,238.26405569877244,237.29433212797085,1.355661768513528,0.6056617685135279,236.75563638154756,238.25890459333147,239.76217280511537,1.2618778839344826,0.969723570801591,-0.3058778057092657,1.2756013765108567,238.078603344004,235.75976372360273,36.172092661010936
2007-05-15 00:00:00+01:00,238.69000244140625,238.32958596686996,237.39771511415125,1.562291599715934,0.3422903790128089,236.77255917274718,238.2855711437407,239.7985831147342,1.2699148871929178,0.9318708527187027,-0.27498441903372317,1.206855271752426,238.078603344004,235.75976372360273,36.172092661010936
2007-05-16 00:00:00+01:00,238.7050018310547,238.3873422536676,237.49455116725522,1.8654494430963382,1.0554518845025882,236.77292805011075,238.2834283737909,239.79392869747107,1.2678181894467857,0.8927910864123874,-0.2512513482720309,1.1440424346844182,238.078603344004,235.75976372360273,36.172092661010936
2007-05-17 00:00:00+01:00,239.47999572753906,238.55544278810936,237.64162113468365,1.9503741045741663,0.9383806963710413,236.77433208708575,238.3577139718192,239.94109585655266,1.3285761625660306,0.913821653425714,-0.1841766250069634,1.0979982784326774,238.078603344004,235.75976372360273,36.172092661010936
2007-05-18 00:00:00+01:00,239.1199951171875,238.6422969925829,237.75113031857282,2.048872733184993,0.20887639529436797,236.985939515821,238.4624757312593,239.9390119466976,1.2383803455117335,0.8911666740100941,-0.16546528353806655,1.0566319575481606,238.078603344004,235.75976372360273,36.172092661010936
2007-05-21 00:00:00+01:00,239.44000244140625,238.7650209077865,237.87623195730123,1.6837656012925208,1.1537668219956458,237.03093295459792,238.53771391369048,240.04449487278305,1.2633482013144144,0.8887889504852637,-0.13427440565031756,1.0230633561355813,239.22573698682297,236.58265523058247,39.44971448974091
2007-05-22 00:00:00+01:00,240.2100067138672,238.9873264164143,238.0491041614913,2.1508927867508874,1.0639024303055749,237.13236982957153,238.6798095703125,240.22724931105347,1.2966658080771685,0.938222254923005,-0.06787288097006106,1.006095135893066,239.22573698682297,236.58265523058247,39.44971448974091
2007-05-23 00:00:00+01:00,241.33999633789062,239.34927563510297,238.2928739523357,3.537127878718991,1.7971223855549283,237.09426015316035,238.87647574288505,240.65869133260975,1.4921650063549914,1.056401682767273,0.040245237499365594,1.0161564452679075,239.22573698682297,236.58265523058247,39.44971448974091
2007-05-24 00:00:00+01:00,240.89999389648438,239.5878476753155,238.48599394819857,3.114012155317056,2.264006051801431,237.15804624995533,239.03552318754652,240.9130001251377,1.5708769245298495,1.101853727116918,0.0685578254792083,1.0332959016377097,239.22573698682297,236.58265523058247,39.44971448974091
2007-05-25 00:00:00+01:00,241.42999267578125,239.87125459846408,238.7040679280195,2.9959290202226896,1.0059387858476896,237.13835749718686,239.20314171200707,241.26792592682727,1.7263855315965217,1.167186670444579,0.10711261504549552,1.0600740553990835,239.22573698682297,236.58265523058247,39.44971448974091
2007-05-28 00:00:00+01:00,241.32000732421875,240.09413963319557,238.89784121662686,2.7131512150137667,2.2221539005606417,237.08840217710645,239.3269515264602,241.56550087581394,1.870703934576504,1.196298416568709,0.10897948893570031,1.0873189276330086,240.1038248613325,237.33656171340664,42.52167947279926
2007-05-29 00:00:00+01:00,240.7100067138672,240.18888841483735,239.0320756979039,2.4879285745570314,1.4779188089320314,237.13383089375824,239.425047374907,241.71626385605575,1.9139321522706174,1.1568127169334446,0.05559503144034883,1.1012176854930957,240.1038248613325,237.33656171340664,42.52167947279926
2007-05-30 00:00:00+01:00,240.30999755859375,240.20752059079987,239.12673657647352,1.8142576862217936,0.6032591510655436,237.14913609910815,239.47066606794084,241.79219603677353,1.9388846299646947,1.0807840143263547,-0.01634693693339284,1.0971309512597476,240.1038248613325,237.33656171340664,42.52167947279926
2007-05-31 00:00:00+01:00,241.02699279785156,240.3335932380386,239.2674962965756,1.9124963792056633,0.6525018723697258,237.1693569070576,239.56947544642858,241.96959398579958,2.00369311232031,1.0660969414630017,-0.02482720783739678,1.0909241493003985,240.1038248613325,237.33656171340664,42.52167947279926
2007-06-01 00:00:00+01:00,241.80999755859375,240.56073236427784,239.45582972339176,2.684169666256679,1.374172107662929,237.11497482800354,239.6913800920759,242.26778535614824,2.1497688094437435,1.1049026408860811,0.01118279326854621,1.093719847617535,240.1038248613325,237.33656171340664,42.52167947279926
2007-06-04 00:00:00+01:00,242.39999389648438,240.843695676925,239.67391595843566,2.9060858726190304,1.956088924376843,237.16160923510054,239.89137994675409,242.62115065840763,2.2758389336535885,1.1697797184893375,0.06084789669744195,1.1089318217918955,239.85588344433884,237.6256244129702,39.18843049264986
2007-06-05 00:00:00+01:00,241.822998046875,240.99435757999422,239.833107224246,3.1068952171602575,1.686897048214945,237.1786019201073,240.01261829194567,242.84663466378404,2.3615561481781286,1.1612503557482228,0.041854827165061836,1.119395528583161,239.85588344433884,237.6256244129702,39.18843049264986
2007-06-06 00:00:00+01:00,241.07000732421875,241.0059960021826,239.9247294538736,2.3252705461264043,1.0152729875326543,237.3209293079975,240.12547592889695,242.9300225497964,2.3359009368334633,1.081266548309003,-0.030503184219326407,1.1117697325283293,239.85588344433884,237.6256244129702,39.18843049264986
2007-06-07 00:00:00+01:00,239.05999755859375,240.70661162624586,239.8606752394084,2.0923276902790917,-0.8806795118693458,237.28337047254303,240.10880897158668,242.93424747063034,2.3534650903857552,0.845936386837451,-0.21266667655270277,1.0586030633901538,239.85588344433884,237.6256244129702,39.18843049264986
2007-06-08 00:00:00+01:00,239.47999572753906,240.51790148798327,239.83247675704771,0.24752507400697255,-2.022479198453965,237.6903863826699,240.21785627092635,242.74532615918278,2.1043147478644237,0.6854247309355515,-0.29854266596368184,0.9839673968992333,239.85588344433884,237.6256244129702,39.18843049264986
2007-06-11 00:00:00+01:00,239.72999572753906,240.3966852171457,239.8248855696767,0.14011076821392976,-0.8848831282704452,237.92744251126962,240.29309445335753,242.65874639544543,1.968972056787172,0.5717996474689926,-0.3297341995441926,0.9015338470131852,241.2672544088561,238.54910611653028,39.50366580279488
2007-06-12 00:00:00+01:00,240.14999389648438,240.3587327062747,239.84896766795873,0.9760292802834556,-0.2689658369040444,238.2352614730647,240.39071291968935,242.546164366314,1.793290115450304,0.509765038315976,-0.31341504695776734,0.8231800852737433,241.2672544088561,238.54910611653028,39.50366580279488
2007-06-13 00:00:00+01:00,241.77999877929688,240.5773890252012,239.99200700953932,2.177991159405991,-0.24200700953932142,238.4459493791971,240.53785560244606,242.62976182569503,1.7393571735389632,0.5853820156618781,-0.19023845568949216,0.7756204713513702,241.2672544088561,238.54910611653028,39.50366580279488
2007-06-14 00:00:00+01:00,242.1199951171875,240.81471303935294,240.149635758254,2.195365462449132,1.5503611899881946,238.67384932550033,240.70047433035714,242.72709933521395,1.6839393528367577,0.6650772810989452,-0.08843455220194008,0.7535118333008852,241.2672544088561,238.54910611653028,39.50366580279488
2007-06-15 00:00:00+01:00,244.0399932861328,241.310910000396,240.4378103899487,3.9721932721606663,1.6321969342700413,238.51779583794823,240.91761707124255,243.31743830453686,1.9922339117148575,0.8730996104472979,0.09567022171713013,0.7774293887301678,241.2672544088561,238.54910611653028,39.50366580279488
2007-06-18 00:00:00+01:00,245.32000732421875,241.92769420406105,240.79945460730204,4.612547956174524,3.0805502755104612,238.2996801903733,241.21285574776786,244.12603130516243,2.4154397147396027,1.1282395967590162,0.28064816642307877,0.8475914303359374,243.4115019219848,239.85637623534626,43.200798638790815
2007-06-19 00:00:00+01:00,245.25999450683594,242.44035578910334,241.12986497023047,4.3751399125820285,3.950136860824216,238.2188265029213,241.48999822707404,244.76116995122678,2.7091571064378743,1.3104908188728643,0.3703195108295415,0.9401713080433228,243.4115019219848,239.85637623534626,43.200798638790815
2007-06-20 00:00:00+01:00,245.89999389648438,242.97260780562348,241.4832078536567,5.086799470562056,3.245796052593306,238.04621909579643,241.76094999767486,245.47568089955328,3.0730611390418114,1.4893999519667886,0.4393829151387727,1.050017036828016,243.4115019219848,239.85637623534626,43.200798638790815
2007-06-21 00:00:00+01:00,246.52999877929688,243.51989872465015,241.85704421851892,4.732952119371703,4.022960664293578,237.78277502985992,242.00809297107514,246.23341091229037,3.4918815229209996,1.6628545061312252,0.49026997544256745,1.1725845306886578,243.4115019219848,239.85637623534626,43.200798638790815
2007-06-22 00:00:00+01:00,247.97999572753906,244.20606749432537,242.31059618215005,5.6993983246858875,4.1693995453890125,237.45056139910133,242.34523591541108,247.23991043172083,4.039422931357479,1.8954713121753173,0.5783094251893277,1.3171618869859896,243.4115019219848,239.85637623534626,43.200798638790815
2007-06-25 00:00:00+01:00,246.88999938964844,244.61898009360584,242.64981123455735,5.1211848591926525,3.80018571368484,237.36480269950684,242.60523623511904,247.84566977073123,4.320132258426171,1.9691688590484944,0.5216055776500039,1.4475632813984904,244.68100168822426,240.90832266182582,46.28143371171911
2007-06-26 00:00:00+01:00,245.88999938964844,244.81452152376625,242.8898251719715,4.130179100489443,2.430182152247255,237.43645944703468,242.82285490490142,248.20925036276816,4.4364814506247825,1.9246963517947506,0.38170645631700806,1.5429898954777426,244.68100168822426,240.90832266182582,46.28143371171911
2007-06-27 00:00:00+01:00,246.24600219726562,245.03474931968924,243.13843087754884,3.1515624085839704,0.9115721742089704,237.5985821067243,243.0864737374442,248.5743653681641,4.515176468969087,1.896318442140398,0.2826628373301243,1.6136556048102737,244.68100168822426,240.90832266182582,46.28143371171911
2007-06-28 00:00:00+01:00,246.57000732421875,245.27094285884763,243.3926217254503,3.333376199354376,1.9473746124403135,237.85242758968593,243.3845694405692,248.9167112914525,4.546008700222174,1.8783211333973213,0.211732422869638,1.6665887105276833,244.68100168822426,240.90832266182582,46.28143371171911
2007-06-29 00:00:00+01:00,247.3300018310547,245.5877211622641,243.68427951105065,4.09872524969154,2.794724395199353,238.01456401180772,243.6847127278646,249.35486144392146,4.653676180654814,1.9034416512134555,0.18948235254861778,1.7139592986648378,244.68100168822426,240.90832266182582,46.28143371171911
2007-07-02 00:00:00+01:00,246.61000061035156,245.74499492350833,243.90099959248033,3.669007731738418,2.1389936936524805,238.17724639752174,243.9132843017578,249.64932220599388,4.703341944377018,1.8439953310279975,0.10402882589052775,1.7399665051374698,245.87733588296982,241.95999146334512,49.52281484614897
2007-07-03 00:00:00+01:00,246.97000122070312,245.93345743076907,244.12833304642277,3.4016657328741076,2.13166146041317,238.29513329337834,244.13090369814918,249.96667410292002,4.780853481774977,1.8051243843462998,0.05212630336706403,1.7529980809792358,245.87733588296982,241.95999146334512,49.52281484614897
2007-07-04 00:00:00+01:00,247.2899932861328,246.1421552546712,244.3625301012161,3.0774723401901554,2.177463184916718,238.50298678072375,244.3912368047805,250.27948682883726,4.818707987275573,1.7796251534551004,0.021301657980691724,1.7583234954744087,245.87733588296982,241.95999146334512,49.52281484614897
2007-07-05 00:00:00+01:00,247.32000732421875,246.32336326537083,244.58160248810518,3.009400929863574,2.1183944601370115,238.8707834132789,244.68885585239954,250.50692829152018,4.755486243010758,1.7417607772656538,-0.013250174567003947,1.7550109518326578,245.87733588296982,241.95999146334512,49.52281484614897
2007-07-06 00:00:00+01:00,247.97999572753906,246.5782297980121,244.83333532065583,3.3466573551254157,2.2266622379379157,239.71395264311167,245.1136176699684,250.51328269682512,4.4058466258917255,1.7448944773562687,-0.00809317958111122,1.75298765693738,245.87733588296982,241.95999146334512,49.52281484614897
2007-07-09 00:00:00+01:00,248.61000061035156,246.89080992298742,245.11308830507775,3.64791328183631,3.05690986386756,240.5801258329986,245.54837980724517,250.51663378149175,4.046659952019757,1.7777216179096627,0.01978716877782616,1.7579344491318365,246.67155542425851,242.85999189812952,49.50621627107298
2007-07-10 00:00:00+01:00,245.89999389648438,246.7383766881408,245.17137760814492,3.4786162883394525,0.018624833261327467,241.60975529063847,245.8421892438616,250.07462319708475,3.443212059118787,1.5669990799958669,-0.15274829530877576,1.7197473753046426,246.67155542425851,242.85999189812952,49.50621627107298
2007-07-11 00:00:00+01:00,248.4600067138672,247.00324284594484,245.41497976412435,3.515012911656896,0.04502694974283372,242.71358469304036,246.23790413992745,249.76222358681454,2.8625320372158116,1.588263081820486,-0.1051874347873254,1.6934505166078113,246.67155542425851,242.85999189812952,49.50621627107298
2007-07-12 00:00:00+01:00,248.30999755859375,247.2042820325062,245.62942552667764,3.1005702008614264,2.050567149103614,243.53778238283726,246.5488564627511,249.55993054266494,2.4425780132294035,1.5748565058285635,-0.09487520862339816,1.6697317144519617,246.67155542425851,242.85999189812952,49.50621627107298
2007-07-13 00:00:00+01:00,248.1300048828125,247.34670093255332,245.81465362713206,3.025342710758565,2.155347593571065,244.49432368565704,246.83504740397134,249.17577112228565,1.8965894373042327,1.5320473054212584,-0.11014752722456267,1.6421948326458211,246.67155542425851,242.85999189812952,49.50621627107298
2007-07-16 00:00:00+01:00,248.05499267578125,247.45566889304993,245.98060466777275,2.6393904494147478,1.8994002150397478,244.9944432455854,247.02623785109748,249.05803245660957,1.645003075937881,1.4750642252771797,-0.13370448589491302,1.6087687111720927,247.58103491500046,243.7942778978945,54.039248702853726
2007-07-17 00:00:00+01:00,249.82000732421875,247.8194132670759,246.26500486454654,4.134989031937835,1.7349951354534596,245.0322001992791,247.24052356538317,249.44884693148725,1.7863765488428012,1.5544084025293614,-0.04348824691418507,1.5978966494435465,247.58103491500046,243.7942778978945,54.039248702853726
2007-07-18 00:00:00+01:00,250.28700256347656,248.19904238959907,246.56293062002283,3.922069990328737,3.017071211031862,245.0991166966946,247.4799049014137,249.8606931061328,1.9240254724257377,1.636111769576246,0.03057209610615952,1.6055396734700864,247.58103491500046,243.7942778978945,54.039248702853726
2007-07-19 00:00:00+01:00,250.16000366210938,248.50072873921604,246.8293804749922,3.570613421492169,2.942622698835919,245.15367700958024,247.6827625093006,250.21184800902097,2.042197425527663,1.6713482642238375,0.05264687260300094,1.6187013916208366,247.58103491500046,243.7942778978945,54.039248702853726
2007-07-20 00:00:00+01:00,249.36000061035156,248.63292441169844,247.01683381835215,4.059170209968158,1.6131710644603459,245.2472429736982,247.81752450125558,250.38780602881295,2.0743339541706605,1.6160905933462857,-0.0020886386196408147,1.6181792319659265,247.58103491500046,243.7942778978945,54.039248702853726
2007-07-23 00:00:00+01:00,249.27999877929688,248.7324743144059,247.18447566731103,2.685519449876466,1.375521891282716,245.2349281958665,247.87942940848214,250.52393062109778,2.1336996126917382,1.5479986470948575,-0.05614446789685523,1.6041431149917127,244.8373586445055,243.15938192726892,46.376241910526936
2007-07-24 00:00:00+01:00,247.71600341796875,248.5760941764925,247.22384809328568,2.166151296362756,0.08614946530806833,245.30996731203422,247.91876293364027,250.52755855524632,2.104556823966033,1.3522460832068077,-0.20151762542792406,1.5537637086347318,244.8373586445055,243.15938192726892,46.376241910526936
2007-07-25 00:00:00+01:00,247.25,248.37207968780135,247.22578527156082,0.8542165594938638,-0.9457864922639487,245.5156816718651,247.9835248674665,250.45136806306792,1.990328346949927,1.1462944162405222,-0.32597543391536776,1.47226985015589,244.8373586445055,243.15938192726892,46.376241910526936
2007-07-26 00:00:00+01:00,242.5500030517578,247.4763755899485,246.8794310330569,0.8025758028805967,-5.339437746924091,244.48867567291006,247.8075249081566,251.12637414340315,2.6785701818188055,0.5969445568916001,-0.7002602346114319,1.297204791503032,244.8373586445055,243.15938192726892,46.376241910526936
2007-07-27 00:00:00+01:00,240.17999267578125,246.35385514161507,246.38317633992537,-2.1231818330894328,-6.636182321370683,242.8735024172634,247.50323849632628,252.13297457538914,3.741151919619497,-0.029321198310299224,-1.061220791850665,1.0318995935403659,244.8373586445055,243.15938192726892,46.376241910526936
2007-07-30 00:00:00+01:00,241.63999938964844,245.62864656438944,246.0318298991641,-4.310836857171921,-6.981826847406296,241.97080447032187,247.23228599911644,252.49376752791102,4.256306175815062,-0.40318333477466695,-1.1480663426520263,0.7448830078773593,243.144903931949,242.67375515292136,39.99066023296355
2007-07-31 00:00:00+01:00,240.3000030517578,244.8088552547538,245.60725013268956,-2.7272452498770576,-5.46725074304112,240.89841017539118,246.9318099248977,252.9652096744042,4.886693011598242,-0.798394877935749,-1.2346223086504866,0.4362274307147376,243.144903931949,242.67375515292136,39.99066023296355
2007-08-01 00:00:00+01:00,241.75,244.33826213863784,245.32152790063847,-3.201532783450972,-7.627527656497847,240.2591440179745,246.68323843819755,253.1073328584206,5.208375292050898,-0.9832657620006273,-1.1355945541722918,0.15232879217166456,243.144903931949,242.67375515292136,39.99066023296355
2007-08-02 00:00:00+01:00,242.6199951171875,244.07391336610704,245.12141436112358,-2.0414125300688966,-4.971420464639209,239.81662671370137,246.46085757300966,253.10508843231796,5.391712846199164,-1.0475009950165486,-0.9598638297505705,-0.08763716526597806,243.144903931949,242.67375515292136,39.99066023296355
2007-08-03 00:00:00+01:00,241.02999877929688,243.6056188142901,244.81834654024752,-1.9183526437631429,-4.48834470919283,239.14248053282833,246.16133335658483,253.18018618034134,5.702644463327732,-1.2127277259574214,-0.9000724485531546,-0.3126552774042668,243.144903931949,242.67375515292136,39.99066023296355
2007-08-06 00:00:00+01:00,241.33999633789062,243.25706151022865,244.56069096970256,-2.8306952421635003,-5.620688528296313,238.58828012145142,245.8451429094587,253.10200569746598,5.90360476690799,-1.3036294594739104,-0.7927793456557148,-0.5108501138181956,241.90993676843473,242.21179047984776,35.73102859189784
2007-08-07 00:00:00+01:00,240.22999572753906,242.79135908212257,244.2398987295423,-2.80990605376104,-5.459899950245415,237.92447898503272,245.4460950578962,252.96771113075968,6.128935211692221,-1.4485396474197216,-0.7501516268812208,-0.6983880205385008,241.90993676843473,242.21179047984776,35.73102859189784
2007-08-08 00:00:00+01:00,243.80999755859375,242.94807269388735,244.2080541983609,-0.18804992589997482,-4.318054808712475,237.79635848772244,245.34657142275856,252.89678435779467,6.154732785750883,-1.2599815044735578,-0.4492747871480456,-0.8107067173255122,241.90993676843473,242.21179047984776,35.73102859189784
2007-08-09 00:00:00+01:00,239.2689971923828,242.38206107827128,243.842198123844,0.15780187615598606,-4.892201175601826,237.07125606201,244.90890430268786,252.7465525433657,6.40046001021763,-1.4601370455727363,-0.5195442625977792,-0.9405927829749571,241.90993676843473,242.21179047984776,35.73102859189784
2007-08-10 00:00:00+01:00,239.6199951171875,241.95712785348917,243.52944234557316,-3.4764485711590964,-7.129448449088784,236.5033137601523,244.49509466262091,252.48687556508952,6.537375249590569,-1.57231449208399,-0.5053773672872264,-1.0669371247967636,241.90993676843473,242.21179047984776,35.73102859189784
2007-08-13 00:00:00+01:00,237.85000610351562,241.32526296887787,243.10874336468,-3.4917389701487593,-6.568750078547197,235.71073859515639,244.00557091122582,252.30040322729525,6.798887652517786,-1.783480395802144,-0.5732346168043043,-1.2102457789978396,236.41329056860494,239.8129630068617,39.55429827721858
2007-08-14 00:00:00+01:00,234.4499969482422,240.2675297349339,242.46735474124017,-4.537362065458922,-8.257348027372984,234.33584252845128,243.3577139718192,252.37958541518714,7.414493911964229,-2.19982500630627,-0.7916633818467442,-1.4081616244595256,236.41329056860494,239.8129630068617,39.55429827721858
2007-08-15 00:00:00+01:00,231.10000610351562,238.85714148394646,241.62532891622354,-6.945336240442288,-10.785332578332913,232.52242401917235,242.4662853422619,252.41014666535145,8.2022630973646,-2.768187432277074,-1.0880206462540385,-1.6801667860230354,236.41329056860494,239.8129630068617,39.55429827721858
2007-08-16 00:00:00+01:00,226.3800048828125,236.93758200684894,240.4960456544894,-8.856046264840955,-18.95605236835658,229.86769500128827,241.3278568812779,252.78801876126755,9.497587247565463,-3.558463647640451,-1.5026374892939325,-2.0558261583465187,236.41329056860494,239.8129630068617,39.55429827721858
2007-08-17 00:00:00+01:00,226.32000732421875,235.304108978752,239.445968741136,-10.665969961839124,-19.705963247971937,227.77393071706493,240.19261896042596,252.611307203787,10.340607714849998,-4.141859762384001,-1.6688268832299862,-2.4730328791540153,236.41329056860494,239.8129630068617,39.55429827721858
2007-08-20 00:00:00+01:00,228.36000061035156,234.2357846143827,238.62478591663344,-9.08479263050063,-13.694793240852192,226.5085831481787,239.19261896042596,251.87665477267322,10.605708376265417,-4.389001302250733,-1.5327747384773742,-2.856226563773359,235.9921916778981,239.14682456252208,42.74028205631201
2007-08-21 00:00:00+01:00,226.02000427246094,232.9718184079332,237.6910983874355,-8.781094725326113,-12.091092283919863,225.06015685912772,238.08500017438615,251.1098434896446,10.941338854374148,-4.719279979502289,-1.4904427325831442,-3.228837246919145,235.9921916778981,239.14682456252208,42.74028205631201
2007-08-22 00:00:00+01:00,230.5800018310547,232.60384662687497,237.16435049437024,-6.53434561155774,-11.201353057846802,224.61815671757822,237.26900009881882,249.91984348005943,10.663713654941631,-4.560503867495271,-1.0653332964609006,-3.4951705710343703,235.9921916778981,239.14682456252208,42.74028205631201
2007-08-23 00:00:00+01:00,232.3800048828125,232.56940943548074,236.80995452314374,-2.019961237010932,-6.359957574901557,224.57692613109424,236.56090509323846,248.54488405538268,10.131833877978135,-4.240545087663008,-0.5962996133029104,-3.644245474360098,235.9921916778981,239.14682456252208,42.74028205631201
2007-08-24 00:00:00+01:00,234.63999938964844,232.88796173612192,236.64921710584778,-1.7992110023321572,-5.785218692761845,224.48300636718096,236.18423825218565,247.88547013719034,9.908562884294337,-3.761255369725859,-0.0936079162926089,-3.66764745343325,235.9921916778981,239.14682456252208,42.74028205631201
2007-08-27 00:00:00+01:00,232.1199951171875,232.76981302551664,236.31371918076184,-0.823713687597774,-4.5637191807618365,224.11990079884868,235.80042884463356,247.48095689041844,9.90713045181191,-3.543906155245196,0.09899303855044339,-3.6428991937956394,235.2281267680128,238.36870633191066,45.03387704440631
2007-08-28 00:00:00+01:00,228.72000122070312,232.14676505554533,235.75122155409082,-3.0612191126845687,-7.541214840223631,223.43894233112144,235.18519083658853,246.93143934205563,9.98893549690263,-3.6044564985454883,0.030754156200120786,-3.635210654745609,235.2281267680128,238.36870633191066,45.03387704440631
2007-08-29 00:00:00+01:00,233.61000061035156,232.37187821782322,235.59261259529532,-1.072608322834384,-8.142615647053134,223.33154619901254,234.86661929175966,246.4016923845068,9.822658603024253,-3.2207343774720982,0.3315810218188089,-3.552315399290907,235.2281267680128,238.36870633191066,45.03387704440631
2007-08-30 00:00:00+01:00,233.47999572753906,232.54235783470259,235.436122456943,-1.456126729403934,-4.146129170810184,223.3472146984702,234.47280956449964,245.5984044305291,9.48988062768871,-2.893764622240411,0.5268406216403969,-3.420605243880808,235.2281267680128,238.36870633191066,45.03387704440631
2007-08-31 00:00:00+01:00,233.5800018310547,232.7019953726029,235.29863204021052,0.1113716218988543,-2.4486259366948957,223.52823436058222,234.0423336937314,244.55643302688057,8.984784220198351,-2.596636667607612,0.659174861018557,-3.255811528626169,235.2281267680128,238.36870633191066,45.03387704440631
2007-09-03 00:00:00+01:00,233.57000732421875,232.8355356728515,235.17058576495188,-0.7305833235456305,-2.120582713194068,223.6479957434413,233.68709600539435,243.7261962673474,8.591916655698707,-2.3350500921003743,0.7366091492206359,-3.07165924132101,232.99874894071948,236.96460446822812,46.945175251599686
2007-09-04 00:00:00+01:00,234.08999633789062,233.02852962131905,235.09054210368808,-0.7005427140396421,-3.110546376149017,223.89823045079748,233.34185791015625,242.78548536951502,8.094242108070342,-2.0620124823690276,0.807717407161586,-2.8697298895306136,232.99874894071948,236.96460446822812,46.945175251599686
2007-09-05 00:00:00+01:00,232.55999755859375,232.95644776551515,234.90309435960702,-0.19308764573983694,-2.943087645739837,224.04759274858804,232.97661990211122,241.9056470556344,7.665170142201265,-1.9466465940918738,0.7384666363509917,-2.6851132304428655,232.99874894071948,236.96460446822812,46.945175251599686
2007-09-06 00:00:00+01:00,233.63999938964844,233.06160955384334,234.80953176923973,-0.8695293278334759,-2.9195323795912884,224.97445301353497,232.4923342750186,240.01021553650224,6.467207862940225,-1.747922215396386,0.7497528120371837,-2.4976750274335697,232.99874894071948,236.96460446822812,46.945175251599686
2007-09-07 00:00:00+01:00,230.0,232.5905926994059,234.45327015670344,-0.6632768705706269,-5.253273208461252,225.11011859165907,232.0509534563337,238.99178832100833,5.9821644869739545,-1.8626774572975364,0.5079980561088266,-2.370675513406363,232.99874894071948,236.96460446822812,46.945175251599686
2007-09-10 00:00:00+01:00,230.0,232.5905926994059,234.45327015670344,-0.6632768705706269,-5.253273208461252,225.11011859165907,232.0509534563337,238.99178832100833,5.9821644869739545,-1.8626774572975364,0.5079980561088266,-2.370675513406363,232.3591665708312,236.12394694863193,48.4521235044797
2007-09-11 00:00:00+01:00,232.27000427246094,232.54127140295284,234.29154675787066,-1.7915467578706625,-4.6115540820894125,225.636147716258,231.7009538922991,237.76576006834023,5.235029096047834,-1.750275354917818,0.4963201267908359,-2.246595481708654,232.3591665708312,236.12394694863193,48.4521235044797
2007-09-12 00:00:00+01:00,231.57000732421875,232.39184616007068,234.0899512442668,-1.8199469718058765,-2.989945140751189,225.99585815156755,231.40190633138022,236.8079545111929,4.672431844248434,-1.6981050841961292,0.43879231801001994,-2.136897402206149,232.3591665708312,236.12394694863193,48.4521235044797
2007-09-13 00:00:00+01:00,231.1300048828125,232.1977167328002,233.87069595823317,0.8912974499699544,-2.7806996203425456,226.01219833283966,231.24381147112166,236.47542460940366,4.524759477885823,-1.6729792254329823,0.37113454141853364,-2.044113766851516,232.3591665708312,236.12394694863193,48.4521235044797
2007-09-14 00:00:00+01:00,231.5500030517578,232.0980684741783,233.69879277997575,-0.4787915592726222,-3.4387982731398097,226.03247217423885,231.2652398972284,236.49800762021798,4.525338719571471,-1.6007243057974563,0.3547115688432476,-1.955435874640704,232.3591665708312,236.12394694863193,48.4521235044797
2007-09-17 00:00:00+01:00,229.3000030517578,231.667596870729,233.37295650381145,-1.7179577245145765,-4.4329540624052015,226.55718970346877,231.40428742908296,236.25138515469715,4.189289472088672,-1.7053596330824519,0.20006099324660154,-1.9054206263290534,232.60277649318434,235.69052543281174,50.43526366269083
2007-09-18 00:00:00+01:00,233.3249969482422,231.9225814980387,233.36940394413966,0.8105887316415874,-5.1394082166006,227.39871359734832,231.73785836356026,236.0770031297722,3.74487345041785,-1.4468224461009527,0.36687854418248067,-1.8137009902834333,232.60277649318434,235.69052543281174,50.43526366269083
2007-09-19 00:00:00+01:00,232.0399932861328,231.9406448500532,233.2709290805836,0.5090696987132617,-2.070932132341426,227.84499910029044,231.91309611002603,235.98119311976163,3.508294337811416,-1.3302842305304239,0.3867334078024076,-1.7170176383328315,232.60277649318434,235.69052543281174,50.43526366269083
2007-09-20 00:00:00+01:00,230.4499969482422,231.71131440362072,233.06197114485462,-0.8719687034483741,-3.4519705345030616,228.93591444372873,232.1240481422061,235.31218184068348,2.746922366720252,-1.3506567412339052,0.293088717679141,-1.6437454589130462,232.60277649318434,235.69052543281174,50.43526366269083
2007-09-21 00:00:00+01:00,233.1199951171875,231.92803451340023,233.06626921687928,0.5437313934722852,-2.6562655547699023,229.1080424579552,232.24500020345053,235.38195794894585,2.7014211223038562,-1.1382347034790428,0.4044086043472028,-1.5426433078262456,232.60277649318434,235.69052543281174,50.43526366269083
2007-09-24 00:00:00+01:00,232.11000061035156,231.9560292975466,232.99543450528463,0.48456122225442755,-1.20744012051901,229.09529055108715,232.23214285714286,235.36899516319858,2.7014798791098817,-1.0394052077380422,0.40259048007056264,-1.4419956878086049,233.3618526230604,235.57473678281184,49.94922146035119
2007-09-25 00:00:00+01:00,231.5,231.88587094407788,232.88466157896727,-0.6246670721313308,-3.0946682928344558,229.1248873830528,232.08261907668341,235.04035077031403,2.5488610094091912,-0.9987906348893887,0.35456404233537286,-1.3533546772247615,233.3618526230604,235.57473678281184,49.94922146035119
2007-09-26 00:00:00+01:00,232.66000366210938,232.00496828531348,232.86802025179261,0.34198646207457273,-1.6380245242535523,229.14037734914052,232.10833376929872,235.07629018945693,2.5573889329696944,-0.8630519664791336,0.3922421685965023,-1.255294135075636,233.3618526230604,235.57473678281184,49.94922146035119
2007-09-27 00:00:00+01:00,234.1300048828125,232.331896992621,232.96150059483114,1.4884963534110511,-0.5115036465889489,229.6948143511089,232.36595299130394,235.03709163149898,2.2990791945281277,-0.6296036022101248,0.5005524262924088,-1.1301560285025336,233.3618526230604,235.57473678281184,49.94922146035119
2007-09-28 00:00:00+01:00,235.24000549316406,232.77929830039687,233.1302787354484,2.109726757715663,-0.6502830079093371,229.54711607598202,232.44357227143786,235.3400284668937,2.492180073771608,-0.3509804350515253,0.6233404747608067,-0.974320909812332,233.3618526230604,235.57473678281184,49.94922146035119
2007-10-01 00:00:00+01:00,236.67999267578125,233.37940512737907,233.3932205088064,3.5867752187326687,1.3267807118967312,229.20324034934575,232.59595307849702,235.9886658076483,2.917258605962323,-0.013815381427320972,0.7684044227080088,-0.7822198041353298,235.16456983952725,236.0312035670474,43.07687468231695
2007-10-02 00:00:00+01:00,236.02000427246094,233.78565114969936,233.58779708389193,3.132204136811197,1.3621998643502593,229.0371990965524,232.71214367094495,236.3870882453375,3.1583608112767227,0.1978540658074337,0.7840590959542107,-0.586205030146777,235.16456983952725,236.0312035670474,43.07687468231695
2007-10-03 00:00:00+01:00,236.9199981689453,234.2678583834295,233.8346267938959,4.005369543994732,2.065367102588482,228.7929627656939,232.87166704450334,236.9503713233128,3.5029630960042777,0.4332315895336194,0.8155492957443171,-0.3823177062106977,235.16456983952725,236.0312035670474,43.07687468231695
2007-10-04 00:00:00+01:00,237.32000732421875,234.73741975893554,234.09280312947536,3.6871956498215184,2.1271980912277684,228.55026074758794,233.02547709147134,237.50069343535475,3.840967433897119,0.644616629460188,0.8215474685367086,-0.17693083907652055,235.16456983952725,236.0312035670474,43.07687468231695
2007-10-05 00:00:00+01:00,238.47999572753906,235.31320067718224,234.41778035896155,4.642217199632199,2.3022208617415743,228.27395210797783,233.30738176618303,238.34081142438822,4.314848180199988,0.8954203182206868,0.8578809258377659,0.03753939238292092,235.16456983952725,236.0312035670474,43.07687468231695
2007-10-08 00:00:00+01:00,238.75999450683594,235.8434766509751,234.7394258513967,4.940566824384547,3.830581472822047,228.00685936626084,233.55119105747767,239.0955227486945,4.747851352085247,1.1040507995784026,0.8532091257563853,0.2508416738220173,236.5163802999192,236.48674608899822,36.02170605309047
2007-10-09 00:00:00+01:00,238.75,236.29063408928664,235.03650541795992,4.033501906258834,2.0534909199307094,228.24149768777275,233.96785772414435,239.69421776051595,4.894997194976384,1.2541286713267255,0.8026295980037665,0.4514990733229589,236.5163802999192,236.48674608899822,36.02170605309047
2007-10-10 00:00:00+01:00,239.14999389648438,236.7305355980863,235.34120826822098,5.028786848966519,3.325799178068081,228.21864106024273,234.29547627766928,240.37231149509583,5.187326118259956,1.3893273298653241,0.7502626052338922,0.6390647246314319,236.5163802999192,236.48674608899822,36.02170605309047
2007-10-11 00:00:00+01:00,238.75999450683594,237.04276004558625,235.59445169330357,4.205551358454244,2.195541592829244,228.40562634405427,234.63785661969865,240.87008689534304,5.312212074751083,1.4483083522826803,0.6473949021209987,0.8009134501616816,236.5163802999192,236.48674608899822,36.02170605309047
2007-10-12 00:00:00+01:00,239.30999755859375,237.39156581681817,235.8696773129547,3.8703281802093557,1.6003239077484182,228.69904286283443,235.02738008045014,241.35571729806585,5.385191474669474,1.5218885038634653,0.5767800429614269,0.9451084609020384,236.5163802999192,236.48674608899822,36.02170605309047
2007-10-15 00:00:00+01:00,239.64999389648438,237.73901629061297,236.14970076358654,4.510302898522838,2.8002961846556502,228.9928380159251,235.41309393019904,241.833349844473,5.454459484040071,1.5893155270264288,0.5153656528995123,1.0739498741269164,235.38092040339666,236.00435387776298,34.36086102543497
2007-10-16 00:00:00+01:00,237.66000366210938,237.7268605016124,236.261575052366,3.6684176234152517,0.4284273890402517,229.94353779563204,235.81118919735863,241.67884059908522,4.976567415395838,1.4652854492464087,0.31306846009559375,1.152216989150815,235.38092040339666,236.00435387776298,34.36086102543497
2007-10-17 00:00:00+01:00,237.58999633789062,237.70580447642445,236.35997662907153,2.30002703303785,-0.41197858219652517,230.2100035542547,236.01428440638952,241.81856525852433,4.918584370207443,1.345827847352922,0.15488868656168564,1.1909391607912363,235.38092040339666,236.00435387776298,34.36086102543497
2007-10-18 00:00:00+01:00,235.97999572753906,237.4402954381344,236.33182989562468,1.7081633905081333,-0.39182745421842924,230.67555515137784,236.20190357026598,241.72825198915413,4.679342829465517,1.1084655425097196,-0.06597889462521334,1.174444437134933,235.38092040339666,236.00435387776298,34.36086102543497
2007-10-19 00:00:00+01:00,235.0500030517578,237.07255814792262,236.23687975904195,0.6731239030674203,-1.4068779279872672,231.49149503854463,236.4209514799572,241.3504079213698,4.170067340102454,0.835678388880666,-0.27101283860341363,1.1066912274840797,235.38092040339666,236.00435387776298,34.36086102543497
2007-10-22 00:00:00+01:00,232.5500030517578,236.37678044082034,235.9637777807246,-1.5637838842402232,-5.503771066857411,231.38628994820942,236.39380900065103,241.40132805309264,4.236590690433705,0.41300266009574216,-0.55495085391067,0.9679535140064122,235.0872802689311,235.7894461809397,34.97277387392183
2007-10-23 00:00:00+01:00,235.4600067138672,236.2357383289814,235.92646140540182,-0.17545432532369887,-3.526467508917449,231.90100930370062,236.55333310081846,241.2056568979363,3.9334248527667417,0.30927692357957426,-0.5269412723414704,0.8362181959210446,235.0872802689311,235.7894461809397,34.97277387392183
2007-10-24 00:00:00+01:00,234.02000427246094,235.89485616643978,235.7852423585173,-0.1352484620329335,-2.925241748165746,232.4371897021339,236.67333330426897,240.90947690640402,3.5797388265023007,0.10961380792247155,-0.5812835103988585,0.6908973183213301,235.0872802689311,235.7894461809397,34.97277387392183
2007-10-25 00:00:00+01:00,233.72000122070312,235.56026309786492,235.63226153349405,-0.5592634866190451,-2.54226519560342,232.65833002860222,236.72380937848772,240.7892887283732,3.434787029288946,-0.07199843562912633,-0.6103166031603651,0.5383181675312387,235.0872802689311,235.7894461809397,34.97277387392183
2007-10-26 00:00:00+01:00,234.50999450683594,235.3986833146297,235.54913064263047,-0.21912881157578568,-1.8491336943882857,232.7196109831898,236.74190412248885,240.7641972617879,3.398040709529768,-0.1504473280007801,-0.5510123964256151,0.40056506842483497,235.0872802689311,235.7894461809397,34.97277387392183
2007-10-29 00:00:00+00:00,236.3800048828125,235.54965586358088,235.61067688264396,1.0793255587622923,-1.2406817654564577,232.82600792544724,236.7961898077102,240.76637168997314,3.3532481122157636,-0.061021019063076665,-0.3692688699903293,0.30824785092725265,236.4548543264228,236.2752399324349,29.773178582862965
2007-10-30 00:00:00+00:00,237.32000732421875,235.82201762675595,235.73729395239025,1.882701164797254,-0.4672896799293085,232.8506987860677,236.82666669573103,240.80263460539436,3.3577028846768755,0.08472367436570494,-0.17881934124923815,0.2635430156149431,236.4548543264228,236.2752399324349,29.773178582862965
2007-10-31 00:00:00+00:00,239.9600067138672,236.45863133246536,236.05008749027743,4.069907626910066,0.9899057958553783,232.84132117776412,237.01428585960753,241.18725054145094,3.5212769278516944,0.4085438421879246,0.11600066125838521,0.2925431809295394,236.4548543264228,236.2752399324349,29.773178582862965
2007-11-01 00:00:00+00:00,237.8000030517578,236.6649962123565,236.1797108652019,5.160285472688713,1.4602885244465256,232.8702014226876,237.05619085402716,241.24218028536674,3.5316432076791435,0.48528534715458704,0.15419373298003813,0.3310916141745489,236.4548543264228,236.2752399324349,29.773178582862965
2007-11-02 00:00:00+00:00,239.72000122070312,237.13499698287137,236.44195459523903,3.8480386908937874,1.2780466254640999,232.83358762561576,237.17047627766928,241.5073649297228,3.6571909962149496,0.6930423876323459,0.2895606187662376,0.4034817688661083,236.4548543264228,236.2752399324349,29.773178582862965
2007-11-05 00:00:00+00:00,237.86000061035156,237.2465360024837,236.54699504080293,3.0730000763845737,0.6130086213064487,232.83177169706806,237.14095270066034,241.4501337042526,3.6342782252643557,0.699540961680782,0.23684735425173892,0.46269360742904303,234.52323743831832,235.4730633223884,28.315872024375732
2007-11-06 00:00:00+00:00,239.39999389648438,237.57783721694534,236.75832828937192,2.811679034846833,1.0716735416827703,232.80816379217185,237.17142886207216,241.53469393197247,3.679418799165543,0.8195089275734233,0.2854522561155042,0.5340566714579191,234.52323743831832,235.4730633223884,28.315872024375732
2007-11-07 00:00:00+00:00,236.4199981689453,237.39970813263764,236.73326679896994,2.891733201030064,-1.2232722921339985,232.745184147272,237.0604763939267,241.3757686405814,3.6406678264527956,0.6664413336677057,0.10590772976782925,0.5605336038998765,234.52323743831832,235.4730633223884,28.315872024375732
2007-11-08 00:00:00+00:00,237.55999755859375,237.4243680443232,236.79450611449764,1.945499378666426,-0.6645012316851364,232.76401476350793,236.98476228259858,241.20550980168923,3.562041270870835,0.6298619298255517,0.05546266074054018,0.5743992690850115,234.52323743831832,235.4730633223884,28.315872024375732
2007-11-09 00:00:00+00:00,231.49000549316406,236.5113891902987,236.401580142547,1.618424129913933,-5.3015740390313795,231.8966351912567,236.63857232956659,241.38050946787646,4.007746574557408,0.1098090477516962,-0.37167217706665223,0.48148122481834843,234.52323743831832,235.4730633223884,28.315872024375732
2007-11-12 00:00:00+00:00,225.16000366210938,234.76502218596187,235.5688707736257,-4.548866501164753,-11.26686882050069,229.30088805560143,235.96476309640067,242.6286381371999,5.648195055358152,-0.803848587663822,-1.0282638499857364,0.22441526232191433,232.22215666460804,234.35119643593114,30.3232469570293
2007-11-13 00:00:00+00:00,230.5800018310547,234.12117290059155,235.19932492602783,-4.459319432863765,-10.169326146730953,228.7066442704416,235.5328587123326,242.3590731542236,5.796400960112482,-1.0781520254362817,-1.042053830206557,-0.036098195229724905,232.22215666460804,234.35119643593114,30.3232469570293
2007-11-14 00:00:00+00:00,228.4199981689453,233.2440690957229,234.69715257365135,-2.381158310956039,-6.814156968182601,227.7038350141043,235.09285845075334,242.48188188740238,6.286046701156492,-1.453083477928459,-1.1335882261589871,-0.31949525176947174,232.22215666460804,234.35119643593114,30.3232469570293
2007-11-15 00:00:00+00:00,225.82000732421875,232.1019057462607,234.03958625887856,-4.39958686923012,-8.929585648526995,226.25399978611523,234.53238278343565,242.81076578075607,7.059479717958248,-1.9376805126178454,-1.2945482086786988,-0.6431323039391466,232.22215666460804,234.35119643593114,30.3232469570293
2007-11-16 00:00:00+00:00,227.50999450683594,231.3954578632723,233.5559127957643,-5.2859085233033625,-9.473912063342425,225.3612169393277,234.12904939197358,242.89688184461946,7.489743349162085,-2.1604549324920015,-1.213858102842284,-0.9465968296497176,232.22215666460804,234.35119643593114,30.3232469570293
2007-11-19 00:00:00+00:00,224.86000061035156,230.3900029012845,232.9117711524004,-4.641766879939468,-8.31176504888478,224.0450445714115,233.64381118047805,243.2425777895446,8.216581094589316,-2.521768251115901,-1.2601371371729468,-1.2616311139429544,229.54810342581942,232.90102508054702,37.100229995740044
2007-11-20 00:00:00+00:00,226.64999389648438,229.814616900546,232.44793580011032,-4.31393311456344,-8.057936410461878,223.31748395334088,233.36285836356026,243.40823277377964,8.6092315466667,-2.6333188995643013,-1.0973502284970775,-1.5359686710672238,229.54810342581942,232.90102508054702,37.100229995740044
2007-11-21 00:00:00+00:00,223.47999572753906,228.8400597970065,231.7836439428828,-4.963636618664054,-9.25364516358593,221.95845128674074,232.7923816499256,243.62631201311046,9.30780490873364,-2.943584145876315,-1.126092379847273,-1.817491766029042,229.54810342581942,232.90102508054702,37.100229995740044
2007-11-22 00:00:00+00:00,223.72999572753906,228.0538960940115,231.1870774084129,-5.757084732631654,-7.967076187709779,220.82327873721397,232.30238124302454,243.78148374883511,9.882896976248936,-3.133181314401412,-1.0525516386978961,-2.080629675703516,229.54810342581942,232.90102508054702,37.100229995740044
2007-11-23 00:00:00+00:00,221.41000366210938,227.03175879679577,230.46284972350153,-5.7428485027984095,-9.05284606139216,219.3625936715314,231.7161908830915,244.0697880946516,10.662696606982374,-3.431090926705764,-1.0803690008017983,-2.3507219259039656,229.54810342581942,232.90102508054702,37.100229995740044
2007-11-26 00:00:00+00:00,221.41000366210938,227.03175879679577,230.46284972350153,-5.7428485027984095,-9.05284606139216,219.3625936715314,231.7161908830915,244.0697880946516,10.662696606982374,-3.431090926705764,-1.0803690008017983,-2.3507219259039656,229.10540269078066,232.2323073862836,42.74770560516989
2007-11-27 00:00:00+00:00,224.94000244140625,226.70995012673583,230.0537499248278,-4.313744431663736,-7.953743821312173,218.64937171063363,231.26047697521392,243.8715822397942,10.906407726497877,-3.3437997980919647,-0.7944622977503992,-2.5493375003415655,229.10540269078066,232.2323073862836,42.74770560516989
2007-11-28 00:00:00+00:00,228.55999755859375,226.99457280856012,229.94310160140304,-0.6230942771842933,-6.213105873863981,218.44293312140394,230.88809567406065,243.33325822671736,10.780254838452354,-2.9485287928429216,-0.31935303400108506,-2.6291757588418365,229.10540269078066,232.2323073862836,42.74770560516989
2007-11-29 00:00:00+00:00,226.41000366210938,226.90463909372156,229.68139064293683,-0.611383318718083,-3.871393084343083,218.13165109575692,230.36857169015067,242.60549228454443,10.62377606859724,-2.776751549215277,-0.1180606322987523,-2.6586909169165245,229.10540269078066,232.2323073862836,42.74770560516989
2007-11-30 00:00:00+00:00,229.02999877929688,227.23161750688698,229.63313939377832,-0.40413548752832185,-3.233145497293947,218.3817549561248,229.8480951218378,241.31443528755076,9.977320159764565,-2.401521886891345,0.20573522402014355,-2.6072571109114886,229.10540269078066,232.2323073862836,42.74770560516989
2007-12-03 00:00:00+00:00,227.91000366210938,227.33598460769042,229.50549970995098,-1.125494827138482,-2.885504592763482,218.4564794071789,229.37714276994978,240.29780613272067,9.522015341976415,-2.1695151022605614,0.35019360692074164,-2.519708709181303,228.38693410993451,231.47769160942053,47.45392815737758
2007-12-04 00:00:00+00:00,226.1300048828125,227.1504492654015,229.25546305608887,-1.2054600043310586,-3.665466718198246,218.7691798845654,228.73000008719308,238.69082028982075,8.709675336711893,-2.105013790687366,0.33175593479515,-2.436769725482516,228.38693410993451,231.47769160942053,47.45392815737758
2007-12-05 00:00:00+00:00,224.80999755859375,226.79037977204646,228.92616931553368,-1.6661748086977468,-5.206168094830559,218.904079258604,228.10857137044272,237.31306348228142,8.070272902538884,-2.1357895434872205,0.24078414559623607,-2.3765736890834566,228.38693410993451,231.47769160942053,47.45392815737758
2007-12-06 00:00:00+00:00,225.86000061035156,226.6472445164011,228.6990457077424,-2.674051811258039,-4.649042655984601,219.73478195010438,227.46380978538878,235.19283762067317,6.795830811571042,-2.051801191341326,0.25981799819370455,-2.3116191895350306,228.38693410993451,231.47769160942053,47.45392815737758
2007-12-07 00:00:00+00:00,226.4600067138672,226.61843870062665,228.53319096745537,-1.5411865729241185,-3.6631958502678685,220.37504891158434,226.98952447800409,233.60400004442383,5.828000725258758,-1.9147522668287138,0.31749353816505366,-2.2322458049937675,228.38693410993451,231.47769160942053,47.45392815737758
2007-12-10 00:00:00+00:00,228.52999877929688,226.91252486657592,228.53295450907325,0.2770430495205005,-2.022960002237312,221.84986844063485,226.5595245361328,231.26918063163077,4.157544120151827,-1.620429642497328,0.48945292999715173,-2.1098825724944796,228.4146231468574,231.04802155388947,49.12761582243108
2007-12-11 00:00:00+00:00,225.6699981689453,226.7213669130943,228.32088366906376,1.4691096170690514,-3.510886110470011,222.11177769626556,226.28238133021765,230.45298496416973,3.686193869301607,-1.5995167559694607,0.4082926532200153,-2.007809409189476,228.4146231468574,231.04802155388947,49.12761582243108
2007-12-12 00:00:00+00:00,229.02999877929688,227.07654104635623,228.3734107142662,1.8995842808509735,-2.7934088832115265,222.1706078621449,226.46666681198846,230.76272576183203,3.793987883797607,-1.2968696679099878,0.5687517930235906,-1.8656214609335784,228.4146231468574,231.04802155388947,49.12761582243108
2007-12-13 00:00:00+00:00,229.38999938964844,227.43245771455503,228.44871357910935,1.2512833691328353,-0.9087202929765397,222.3053323515858,226.41000002906435,230.5146677065429,3.625871363412948,-1.0162558645543243,0.6794924771034032,-1.6957483416577275,228.4146231468574,231.04802155388947,49.12761582243108
2007-12-14 00:00:00+00:00,228.38999938964844,227.57977181841557,228.44436437989003,1.445635009758405,-0.23435766602284502,222.30668298462075,226.40857151576452,230.5104600469083,3.623439257341158,-0.864592561474467,0.6649246241466085,-1.5295171856210754,228.4146231468574,231.04802155388947,49.12761582243108
2007-12-17 00:00:00+00:00,228.08999633789062,227.6582678983348,228.4181148952975,0.6218783908353203,-0.9681179470553047,222.36320002936293,226.51666623070128,230.67013243203962,3.667249982487514,-0.7598469969626933,0.6157361509267056,-1.375583147889399,227.71308128410286,230.37116098313294,50.93599227877108
2007-12-19 00:00:00+00:00,226.0850067138672,227.416227716109,228.2452920670434,0.2957082991675293,-2.2752908463402832,222.31596418558138,226.44880966913132,230.58165515268126,3.6501366375813786,-0.8290643509344022,0.4372150375639974,-1.2662793884983996,227.71308128410286,230.37116098313294,50.93599227877108
2007-12-20 00:00:00+00:00,224.49000549316406,226.96603968180978,227.9671226912005,-1.5341240339739386,-4.397115366981751,222.26835659515228,226.43119085402716,230.59402511290205,3.676908859750267,-1.001083009390726,0.2121571032861389,-1.2132401126768648,227.71308128410286,230.37116098313294,50.93599227877108
2007-12-21 00:00:00+00:00,226.4600067138672,226.88818845597245,227.8554844706573,-1.2454838603057397,-3.505478367141677,222.26042535029035,226.4221438453311,230.58386234037187,3.6760702150083233,-0.9672960146848482,0.1967552783936133,-1.1640512930784614,227.71308128410286,230.37116098313294,50.93599227877108
2007-12-24 00:00:00+00:00,225.77000427246094,226.71616012004762,227.7010044559761,-1.2850040897651525,-2.02101178019484,222.56829709161934,226.53119187127976,230.49408665094018,3.4987630153045104,-0.9848443359284715,0.14336556571999193,-1.1282099016484635,226.58205663080815,229.50671046043092,52.44297133924439
2007-12-25 00:00:00+00:00,225.75,226.56752010157876,227.55648560738527,-1.006482555627457,-2.476483776330582,222.84728267186452,226.62738255092077,230.40748242997702,3.335960409115084,-0.9889655058065046,0.11139551667356717,-1.1003610224800717,226.58205663080815,229.50671046043092,52.44297133924439
2007-12-26 00:00:00+00:00,226.60000610351562,226.5725179480306,227.4856352737653,-0.6356291702496719,-1.985635273765297,223.89794715575113,226.87452552432106,229.851103892891,2.6239864186522266,-0.913117325734703,0.14979495739629511,-1.062912283130998,226.58205663080815,229.50671046043092,52.44297133924439
2007-12-27 00:00:00+00:00,227.05999755859375,226.64751481119416,227.45410655412297,0.8458964976348398,-0.9141132679901602,224.12714981333122,226.97547767275856,229.8238055321859,2.5098110938080405,-0.8065917429288163,0.2050564321617454,-1.0116481750905617,226.58205663080815,229.50671046043092,52.44297133924439
2007-12-28 00:00:00+00:00,223.64999389648438,226.18635774739266,227.17232043133492,0.33767407550101325,-3.5423155485224243,223.65580980184333,226.74166797456286,229.82752614728238,2.7219153852795284,-0.9859626839422617,0.02054839291864008,-1.0065110768609018,226.58205663080815,229.50671046043092,52.44297133924439
2007-12-31 00:00:00+00:00,221.6199951171875,225.48384041966878,226.7610370747314,-1.8920337788329675,-5.761037074731405,222.73336863061388,226.51357232956659,230.2937760285193,3.3377282076966988,-1.2771966550626246,-0.21654846256137827,-1.0606481925012463,222.42803612626793,227.30860826853902,56.39738252554833
2008-01-01 00:00:00+00:00,222.1699981689453,224.9740185349421,226.42096011874725,-3.6809546255831833,-5.300965001559746,222.15570622094566,226.18690563383558,230.2181050467255,3.5644852221603465,-1.4469415838051418,-0.30903471304311636,-1.1379068707620255,222.42803612626793,227.30860826853902,56.39738252554833
2008-01-02 00:00:00+00:00,216.5,223.67032337572024,225.68607418402522,-3.466072963322091,-9.236077235783029,219.9534282273584,225.64357212611608,231.33371602487378,5.043479719047682,-2.015750808304972,-0.7022751500343571,-1.3134756582706149,222.42803612626793,227.30860826853902,56.39738252554833
2008-01-03 00:00:00+00:00,216.1300048828125,222.51027437681137,224.9782171987502,-7.401221349140826,-11.328223302265826,218.19133334236867,225.1673816499256,232.14342995748254,6.196322270516789,-2.467942821938834,-0.9235737309345755,-1.5443690910042587,222.42803612626793,227.30860826853902,56.39738252554833
2008-01-04 00:00:00+00:00,214.41000366210938,221.26407888224182,224.19538656640643,-7.445386566406427,-10.545392669922052,216.32337090916596,224.6721438453311,233.02091678149625,7.431960894905257,-2.931307684164608,-1.1095508745282794,-1.8217568096363286,222.42803612626793,227.30860826853902,56.39738252554833
2008-01-07 00:00:00+00:00,214.82000732421875,220.27268325793057,223.5009140299481,-7.360914640299654,-9.46092074381528,214.82890658522584,224.14642987932478,233.46395317342373,8.313782467215994,-3.2282307720175254,-1.1251791699049574,-2.103051602112568,219.35202306692602,225.29309236563947,59.958471214939706
2008-01-08 00:00:00+00:00,214.83999633789062,219.43688527023212,222.85936457127715,-5.599370064441217,-8.299367012683405,213.53978497032526,223.59309605189733,233.6464071334694,8.992505814435917,-3.42247930104503,-1.0555421591459693,-2.3669371418990606,219.35202306692602,225.29309236563947,59.958471214939706
2008-01-09 00:00:00+00:00,215.02000427246094,218.75736511672886,222.27867121580928,-5.898666332996783,-8.448669384754595,212.52044485155267,222.94976298014322,233.37908110873377,9.355756192949556,-3.5213060990804195,-0.9234951657450869,-2.5978109333353325,219.35202306692602,225.29309236563947,59.958471214939706
2008-01-10 00:00:00+00:00,214.97000122070312,218.17469374810952,221.73728825320882,-5.797285811802567,-8.127287642857254,211.55669062212067,222.44023931594123,233.32378800976178,9.785593404583777,-3.562594505099298,-0.7718268574111726,-2.7907676476881256,219.35202306692602,225.29309236563947,59.958471214939706
2008-01-11 00:00:00+00:00,213.7100067138672,217.48781881976456,221.1426748058502,-6.062672974795504,-9.012669923037691,210.6396312192531,221.71071588425409,232.78180054925508,9.986963977673271,-3.6548559860856358,-0.6912706707180081,-2.9635853153676277,219.35202306692602,225.29309236563947,59.958471214939706
2008-01-14 00:00:00+00:00,211.50999450683594,216.56815354085245,220.42914293184913,-7.049138049036628,-9.679142931849128,209.53424884844418,220.85928708031065,232.18432531217712,10.255433114522704,-3.8609893909966786,-0.7179232605032406,-3.143066130493438,215.9580147675991,222.98979319468316,63.72797275282214
2008-01-15 00:00:00+00:00,208.94700622558594,215.39566933850375,219.57861428694073,-7.588608793776672,-10.808610014479797,208.0567948807666,219.93343026297433,231.81006564518205,10.800209288789643,-4.182944948436983,-0.8319030543548362,-3.351041894082147,215.9580147675991,222.98979319468316,63.72797275282214
2008-01-16 00:00:00+00:00,210.63999938964844,214.66402780791063,218.91649466491907,-7.046499547731571,-11.876501378786259,207.18311298915074,219.10247802734375,231.02184306553676,10.880173647972601,-4.252466857008443,-0.7211399703410368,-3.531326886667406,215.9580147675991,222.98979319468316,63.72797275282214
2008-01-17 00:00:00+00:00,209.58999633789062,213.88340758175372,218.22564293699105,-5.875636833475426,-8.6556356127723,206.16989284679286,218.31700134277344,230.464109838754,11.127954690902646,-4.342235355237335,-0.6487267748559433,-3.693508580381392,215.9580147675991,222.98979319468316,63.72797275282214
2008-01-18 00:00:00+00:00,208.6999969482422,213.0859597919827,217.52003953041705,-6.064045878073301,-9.340046854635801,205.08915750702297,217.56509617396765,230.04103484091232,11.46869501252054,-4.434079738434349,-0.5924569264423658,-3.841622811991983,215.9580147675991,222.98979319468316,63.72797275282214
2008-01-21 00:00:00+00:00,208.6999969482422,213.0859597919827,217.52003953041705,-6.064045878073301,-9.340046854635801,205.08915750702297,217.56509617396765,230.04103484091232,11.46869501252054,-4.434079738434349,-0.5924569264423658,-3.841622811991983,214.66534378875096,221.43125157130766,67.16787974173118
2008-01-22 00:00:00+00:00,209.88999938964844,212.59427357623898,216.95485137184158,-6.974855644302522,-12.134844047622835,204.5568545920225,216.7760482061477,228.9952418202729,11.273564321557432,-4.360577795602609,-0.4151639868885004,-3.9454138087141084,214.66534378875096,221.43125157130766,67.16787974173118
2008-01-23 00:00:00+00:00,208.83700561523438,212.01623235146903,216.35352946394477,-5.9935288535932045,-11.560530196366642,203.99868524470543,215.96971493675596,227.9407446288065,11.085841082446308,-4.3372971124757385,-0.31350664300930386,-4.023790469466435,214.66534378875096,221.43125157130766,67.16787974173118
2008-01-24 00:00:00+00:00,211.92999267578125,212.00296470905553,216.02586007222894,-4.06585335836175,-8.905864955041437,204.06609417331612,215.3116193498884,226.55714452646066,10.4458135706071,-4.022895363173404,0.0007160850344245517,-4.023611448207829,214.66534378875096,221.43125157130766,67.16787974173118
2008-01-25 00:00:00+00:00,211.49000549316406,211.9240479066107,215.68987084415005,-1.7098751166109878,-4.539876947665675,204.4480877287149,214.59209551130022,224.73610329388552,9.454223146864356,-3.7658229375393546,0.20623080853477926,-3.972053746074134,214.66534378875096,221.43125157130766,67.16787974173118
2008-01-28 00:00:00+00:00,212.27999877929688,211.97880957933165,215.437287728235,-2.8272871178834293,-5.997285286828742,205.38366993510854,213.88828604561942,222.3929021561303,7.9523907248449905,-3.458478148903339,0.41086047773663603,-3.869338626639975,212.91689524881573,219.71535822811305,70.03446789022192
2008-01-29 00:00:00+00:00,212.94000244140625,212.1266854042662,215.25230363291433,-2.0523066846721463,-4.319304975687771,206.07700398100113,213.37828645252046,220.67956892403978,6.843510267989674,-3.125618228648136,0.5949763183934711,-3.7205945470416073,212.91689524881573,219.71535822811305,70.03446789022192
2008-01-30 00:00:00+00:00,210.6999969482422,211.9071948725702,214.91509573034602,-1.2951006131585245,-4.425090237181962,206.48214223626564,212.85828653971353,219.23443084316142,5.990975880808167,-3.0079008577758373,0.5701549514126159,-3.578055809188453,212.91689524881573,219.71535822811305,70.03446789022192
2008-01-31 00:00:00+00:00,211.4199981689453,211.83224153355098,214.6561996146867,-2.226206938905449,-4.616206328553886,207.5002225972459,212.34638177780877,217.19254095837164,4.564390633821773,-2.8239580811357143,0.6032781824421911,-3.4272362635779055,212.91689524881573,219.71535822811305,70.03446789022192
2008-02-01 00:00:00+00:00,209.41000366210938,211.4595895533292,214.26759250708838,-2.007598000252443,-5.287596779549318,207.38432133220462,212.0087629045759,216.63320447694716,4.362500407072991,-2.8080029537591713,0.4953866478549873,-3.3033896016141586,212.91689524881573,219.71535822811305,70.03446789022192
2008-02-04 00:00:00+00:00,210.66000366210938,211.3365763392954,214.0003637037566,-2.3003667555144034,-4.590360041647216,207.4791644109912,211.748286655971,216.01740890095078,4.032261429265657,-2.6637873644612,0.5116817897223669,-3.175469154183567,211.65792996242664,218.20459267976096,72.80192814000198
2008-02-05 00:00:00+00:00,209.27999877929688,211.0201797916033,213.6507070426855,-1.6307027702245591,-4.650707042685497,207.2852693625128,211.50400070917038,215.72273205582798,3.9892686024966295,-2.630527251082185,0.4359535224811055,-3.0664807735632906,211.65792996242664,218.20459267976096,72.80192814000198
2008-02-06 00:00:00+00:00,208.49000549316406,210.63092220722805,213.26843285383205,-3.668426750316428,-5.328430412425803,207.0709721586538,211.20257205054872,215.33417194244365,3.91245225072929,-2.6375106466039995,0.34317610156743283,-2.9806867481714323,211.65792996242664,218.20459267976096,72.80192814000198
2008-02-07 00:00:00+00:00,208.4199981689453,210.29078004749223,212.90928954384043,-3.58928221962168,-6.96928710243418,206.9407343257197,210.89685785202752,214.85298137833536,3.751714052642346,-2.618509496348196,0.2897418014585891,-2.908251297806785,211.65792996242664,218.20459267976096,72.80192814000198
2008-02-08 00:00:00+00:00,208.8699951171875,210.07219775052226,212.61008254927356,-2.810079497515744,-4.380086821734494,207.01900364129776,210.60400027320497,214.1889969051122,3.4044905388849194,-2.5378847987512927,0.2962931992443938,-2.8341779979956865,211.65792996242664,218.20459267976096,72.80192814000198
2008-02-11 00:00:00+00:00,208.25,209.7918596350573,212.2871134715496,-3.027118964713651,-5.447117133658963,207.14278399026776,210.28400021507628,213.4252164398848,2.9875941313611247,-2.4952538364922816,0.271139329202724,-2.7663931656950056,211.47195534278964,217.18965174029734,71.90213189342063
2008-02-12 00:00:00+00:00,210.3699951171875,209.88080355538503,212.1451047045598,-1.2151120287785488,-4.205102263153549,207.38054965227275,210.1249520438058,212.86935443533883,2.6121623013728557,-2.26430114917477,0.40167361321618866,-2.6659747623909587,211.47195534278964,217.18965174029734,71.90213189342063
2008-02-13 00:00:00+00:00,212.4199981689453,210.27144888054815,212.16546718340317,0.5645285441358965,-2.7754677937547285,207.31134349679593,210.1682855515253,213.02522760625465,2.7187185233320514,-1.8940183028550166,0.6175651676287535,-2.51158347048377,211.47195534278964,217.18965174029734,71.90213189342063
2008-02-14 00:00:00+00:00,212.27999877929688,210.58045655727872,212.17395100532121,1.5460502153819107,-0.2539528363759018,207.3898827815038,210.3269994826544,213.26411618380502,2.7929050558179407,-1.5934944480424917,0.7344712179530228,-2.3279656659955146,211.47195534278964,217.18965174029734,71.90213189342063
2008-02-15 00:00:00+00:00,211.17999267578125,210.6726928832022,212.10032446239234,1.139681030771726,-1.580320189931399,207.39569824549804,210.35271344866072,213.3097286518234,2.811482823000884,-1.4276315791901482,0.7202672694442933,-2.1478988486344415,211.47195534278964,217.18965174029734,71.90213189342063
2008-02-18 00:00:00+00:00,211.0,210.723047824248,212.01881894665956,-0.278813453495502,-1.3888140638470645,207.47114409437384,210.41985648018974,213.36856886600563,2.8026940376641742,-1.2957711224115656,0.6817021809783008,-1.9774733033898664,211.421306003266,216.35113110942896,71.15230184066328
2008-02-19 00:00:00+00:00,210.22000122070312,210.64565603908724,211.88557318918132,-0.8455799030485025,-3.0555713581266275,207.64300196561638,210.4922376360212,213.34147330642602,2.707212106635174,-1.2399171500940724,0.5900449226366351,-1.8299620727307075,211.421306003266,216.35113110942896,71.15230184066328
2008-02-20 00:00:00+00:00,209.82000732421875,210.5186331598767,211.7325683102952,-0.8725676999436303,-2.6125731931076928,207.63669668336166,210.48890468052454,213.34111267768742,2.7100791858762316,-1.2139351504184788,0.4928215378497831,-1.7067566882682619,211.421306003266,216.35113110942896,71.15230184066328
2008-02-21 00:00:00+00:00,210.8800048828125,210.57422880955914,211.669415463815,0.1705808740756254,-1.9594087499478121,207.8281835163069,210.58619035993303,213.34419720355916,2.6193615439950366,-1.0951866542558548,0.48925602720992556,-1.5844426814657804,211.421306003266,216.35113110942896,71.15230184066328
2008-02-22 00:00:00+00:00,210.77999877929688,210.60588572798034,211.60353274644328,-0.17354007066202826,-1.5235309153885908,207.83739863667773,210.53142874581474,213.22545885495174,2.559266447946489,-0.997647018462942,0.46943653040227074,-1.4670835488652127,211.421306003266,216.35113110942896,71.15230184066328
2008-02-25 00:00:00+00:00,212.41000366210938,210.88344233323096,211.66327133278892,1.1167274465079515,-1.083269501734236,207.79184147590544,210.57523818243118,213.3586348889569,2.64361254490364,-0.7798289995579637,0.5498036394457992,-1.329632639003763,209.1308716860966,214.6652556726188,71.98757971618411
2008-02-26 00:00:00+00:00,213.38999938964844,211.26906649575673,211.79117711477852,1.6288210541667922,0.018820443815229737,207.67993011688074,210.62809535435267,213.5762605918246,2.7994035957188386,-0.5221106190217881,0.6460176159855799,-1.168128235007368,209.1308716860966,214.6652556726188,71.98757971618411
2008-02-27 00:00:00+00:00,210.94000244140625,211.21844125662588,211.72812713897318,1.5818704196205715,-1.0781332424888035,207.7659367992005,210.5328572591146,213.2997777190287,2.628492764441704,-0.5096858823472985,0.5267538821280557,-1.0364397644753542,209.1308716860966,214.6652556726188,71.98757971618411
2008-02-28 00:00:00+00:00,208.75999450683594,210.84021867973513,211.50826546251858,-0.3082685142763921,-3.028269734979517,207.57428264604002,210.4404761904762,213.3066697349124,2.723994543561007,-0.6680467827834491,0.2947143853535241,-0.9627611681369732,209.1308716860966,214.6652556726188,71.98757971618411
2008-02-29 00:00:00+00:00,206.39999389648438,210.15710717461963,211.1298749761457,-2.3398816900128736,-5.189872534739436,206.89789184159804,210.20142836797805,213.50496489435807,3.143210350214036,-0.9727678015260608,-0.008005306711270088,-0.9647624948147907,209.1308716860966,214.6652556726188,71.98757971618411
2008-03-03 00:00:00+00:00,205.3800048828125,209.42216836049545,210.7039586729358,-4.9639531797717495,-7.1639653868029995,206.12692507594105,210.00952366420202,213.892122252463,3.697545254632468,-1.2817903124403642,-0.2536222541004589,-1.0281680583399053,208.25391445739774,213.4987905765304,72.98720993148369
2008-03-04 00:00:00+00:00,205.22000122070312,208.77568110821971,210.29773960240007,-4.647745705915696,-6.537745095564134,205.38069479383364,209.75047592889695,214.12025706396025,4.166647170368865,-1.5220584941803565,-0.3951123486723609,-1.1269461455079957,208.25391445739774,213.4987905765304,72.98720993148369
2008-03-05 00:00:00+00:00,206.9499969482422,208.49480662206932,210.04975866505504,-2.3997647685706625,-5.58975195118785,205.11211493147337,209.6395234607515,214.1669319900296,4.319231845731357,-1.5549520429857182,-0.3424047179821781,-1.2125473250035401,208.25391445739774,213.4987905765304,72.98720993148369
2008-03-06 00:00:00+00:00,206.32000732421875,208.1602221147077,209.77348078795606,-2.2034734637373106,-3.913480177604498,204.8136997533882,209.53619021461122,214.25868067583426,4.507565453381739,-1.6132586732483674,-0.3205690785958617,-1.2926895946525057,208.25391445739774,213.4987905765304,72.98720993148369
2008-03-07 00:00:00+00:00,206.57000732421875,207.9155736854017,209.53618645730884,-1.7061846262541565,-4.5861895090666565,204.57886370424134,209.4480954124814,214.31732712072144,4.649583180645036,-1.6206127719071333,-0.2623385418037021,-1.3582742301034312,208.25391445739774,213.4987905765304,72.98720993148369
2008-03-10 00:00:00+00:00,203.7100067138672,207.2685633820887,209.1046175874243,-2.3246188081274113,-5.434619418478974,203.75483048696404,209.20238167898995,214.64993287101586,5.207924640537691,-1.8360542053355857,-0.3822239801857237,-1.453830225149862,204.90594520955423,211.31467859614995,75.01398234064597
2008-03-11 00:00:00+00:00,207.10000610351562,207.24263149307745,208.9561278478755,-1.276135172094257,-5.296124185766132,203.64008410001486,209.14762006487166,214.65515602972846,5.266649425079299,-1.7134963547980533,-0.2077329037185529,-1.5057634510795004,204.90594520955423,211.31467859614995,75.01398234064597
2008-03-12 00:00:00+00:00,205.6699981689453,207.00068790474944,208.71271083462142,-0.8227114449729811,-3.692706562160481,203.25357511542148,208.92381068638392,214.59404625734635,5.428041497361005,-1.7120229298719778,-0.16500758303398189,-1.547015346837996,204.90594520955423,211.31467859614995,75.01398234064597
2008-03-13 00:00:00+00:00,204.55999755859375,206.62519708226395,208.40510244380457,-2.315106105913941,-5.395107936968628,202.81452958141404,208.54952494303384,214.28452030465365,5.499888204671142,-1.7799053615406137,-0.18631201176209422,-1.5935933497785195,204.90594520955423,211.31467859614995,75.01398234064597
2008-03-14 00:00:00+00:00,199.22999572753906,205.48747379692165,207.72546490926638,-2.6254588057507533,-8.615464298914816,201.20215575327654,207.9280962262835,214.65403669929043,6.469486899632124,-2.23799111234473,-0.5155182100529685,-1.7224729022917615,204.90594520955423,211.31467859614995,75.01398234064597
2008-03-17 00:00:00+00:00,193.89999389648438,203.70478458146977,206.7013559453566,-8.551362048872221,-14.071351062544096,198.27353434919956,207.10523914155505,215.93694393391053,8.528712097253194,-2.9965713638868294,-1.0192787692760543,-1.9772925946107751,202.3006289189997,209.28258113068432,77.35751875483611
2008-03-18 00:00:00+00:00,200.42999267578125,203.20097044213307,206.23681051798064,-4.5168092972775185,-12.676812959386893,197.51434920970556,206.6019054594494,215.68946170919324,8.79716595985364,-3.035840075847574,-0.8468379849894392,-2.1890020908581347,202.3006289189997,209.28258113068432,77.35751875483611
2008-03-19 00:00:00+00:00,195.57000732421875,202.0269761163001,205.44667694807237,-4.326681830884866,-9.986670234205178,195.8382536577108,205.90428670247397,215.97031974723714,9.777390462305735,-3.419700831772275,-0.9845589927313121,-2.4351418390409627,202.3006289189997,209.28258113068432,77.35751875483611
2008-03-20 00:00:00+00:00,197.14999389648438,201.27667115940537,204.83210783313993,-6.572113326303992,-9.76210050892118,194.7394152639488,205.3009527297247,215.8624901955006,10.288834343287231,-3.5554366737345617,-0.8962358677548794,-2.6592008059796823,202.3006289189997,209.28258113068432,77.35751875483611
2008-03-21 00:00:00+00:00,200.8699951171875,201.21410561444878,204.53861800232863,-3.668622885141133,-7.718610678109883,194.41043944509272,204.82428559802827,215.23813175096382,10.168565824633635,-3.3245123878798495,-0.5322492655201336,-2.792263122359716,202.3006289189997,209.28258113068432,77.35751875483611
2008-03-24 00:00:00+00:00,200.22999572753906,201.06270409338575,204.21946079678867,-3.879464458898042,-7.129464458898042,194.08946435740563,204.32190450032553,214.55434464324543,10.015999183194376,-3.1567567034029196,-0.291594864834563,-2.8651618385683566,200.5970867598019,207.5550698893589,79.31046560680214
2008-03-25 00:00:00+00:00,200.35000610351562,200.95305824879034,203.93283452321288,-3.1128271989941254,-4.912830250751938,194.05596701965234,203.74761890229723,213.43927078494212,9.51338909859095,-2.979776274422534,-0.09169154868334184,-2.888084725739192,200.5970867598019,207.5550698893589,79.31046560680214
2008-03-26 00:00:00+00:00,199.0399932861328,200.65874056222765,203.57040183898474,-2.6903969561722363,-5.990400007930049,194.20020037747037,203.0642852783203,211.92837017917026,8.730323886054915,-2.911661276757087,-0.018861240814316282,-2.892800035942771,200.5970867598019,207.5550698893589,79.31046560680214
2008-03-27 00:00:00+00:00,199.7259979248047,200.5152416949318,203.2856311786751,-1.6456317890266519,-5.495637892542277,194.29988882528005,202.53028506324404,210.76068130120802,8.127570881948726,-2.770389483743287,0.09792844175958715,-2.868317925502874,200.5970867598019,207.5550698893589,79.31046560680214
2008-03-28 00:00:00+00:00,197.08999633789062,199.98828087077163,202.8266952645429,-2.4066970955975933,-5.736698926652281,193.92787092343067,201.97457086472284,210.021270806015,7.968032715050674,-2.8384143937712736,0.023922825385280344,-2.862337219156554,200.5970867598019,207.5550698893589,79.31046560680214
2008-03-31 00:00:00+01:00,198.05999755859375,199.69162189966735,202.47360654558372,-2.6336102076930956,-5.413608986989971,193.62086046835984,201.57742818196616,209.53399589557247,7.8943042238080725,-2.781984645916367,0.0642820585921493,-2.8462667045085164,201.2413907663002,206.83720258792147,74.7871997168561
2008-04-02 00:00:00+01:00,203.27999877929688,200.2436798811488,202.53333930363655,1.4466564239025104,-1.6633441864490521,193.6630242525745,201.47742789132255,209.2918315300706,7.757100852968161,-2.2896594224877447,0.44528582561661745,-2.734945248104362,201.2413907663002,206.83720258792147,74.7871997168561
2008-04-03 00:00:00+01:00,204.0399932861328,200.8277280973002,202.64494330233998,1.8950499837928305,0.13505547695689302,193.69885980859922,201.42123703729538,209.14361426599154,7.667887798014344,-1.817215205039787,0.7341840344516601,-2.551399239491447,201.2413907663002,206.83720258792147,74.7871997168561
2008-04-04 00:00:00+01:00,202.19000244140625,201.0373087656242,202.61124397930786,2.3597490626843296,-0.5112378757922329,193.86518800274547,201.19457063220796,208.52395326167044,7.285865226314583,-1.5739352136836544,0.7819712206462341,-2.3559064343298886,201.2413907663002,206.83720258792147,74.7871997168561
2008-04-07 00:00:00+01:00,203.6300048828125,201.4361850913455,202.68670774993782,1.753294691468426,-0.306702867125324,194.0109691812377,201.0664752778553,208.12198137447288,7.018083036336648,-1.250522658592331,0.8843070205900458,-2.134829679182377,200.5442584763616,205.73902991771618,71.01781168950136
2008-04-08 00:00:00+01:00,202.10000610351562,201.53831140091012,202.64324836872137,1.3667461381145642,-1.4532459273151233,194.2178747194979,200.85361807686942,207.48936143424095,6.607541771870831,-1.1049369678112555,0.8239141690968972,-1.9288511369081527,200.5442584763616,205.73902991771618,71.01781168950136
2008-04-09 00:00:00+01:00,200.92999267578125,201.44472390473643,202.5163405396147,-0.00634603277876522,-1.9663374878568902,194.20893927853658,200.72123645600817,207.23353363347977,6.488897031977866,-1.0716166348782679,0.685787601623908,-1.7574042365021758,200.5442584763616,205.73902991771618,71.01781168950136
2008-04-10 00:00:00+01:00,201.1999969482422,201.40707360373733,202.41883360692043,-1.1488293344594922,-4.318827503404805,194.57618038736703,200.4402836390904,206.3043868908138,5.851222264564532,-1.0117600031830989,0.5965153866552615,-1.6082753898383604,200.5442584763616,205.73902991771618,71.01781168950136
2008-04-11 00:00:00+01:00,199.50999450683594,201.11521528113713,202.2033640439512,-0.3733622128965237,-3.7533670957090237,194.76189055624707,200.14695013137091,205.53200970649476,5.381105804099681,-1.088148762814086,0.4161013016194195,-1.5042500644335055,200.5442584763616,205.73902991771618,71.01781168950136
2008-04-14 00:00:00+01:00,199.8699951171875,200.9236429482218,202.03052190122798,-1.340519459821735,-3.8305249529857974,194.91318315132355,199.92361668178015,204.93405021223674,5.012347829252947,-1.1068789530061736,0.31789688914186565,-1.4247758421480392,203.02417016099886,206.05973900522437,60.93071114037201
2008-04-15 00:00:00+01:00,199.67999267578125,200.73231213707712,201.85640862526895,-1.6264128977298924,-3.3664031321048924,194.94281833215302,199.9450451078869,204.94727188362077,5.003601637674751,-1.1240964881918387,0.24054348316496044,-1.3646399713567992,203.02417016099886,206.05973900522437,60.93071114037201
2008-04-16 00:00:00+01:00,200.6699981689453,200.72272537274915,201.768526369245,-0.8685324727606201,-2.5585196553778076,196.05480751596824,200.2674262637184,204.48004501146855,4.206993445057658,-1.0458009964958421,0.2550711798887657,-1.3008721763846078,203.02417016099886,206.05973900522437,60.93071114037201
2008-04-17 00:00:00+01:00,203.9600067138672,201.22076865599809,201.9308582466244,2.4091380912662146,-1.3408619087337854,195.93827085356267,200.4355221702939,204.93277348702512,4.48747933303985,-0.7100895906263247,0.4726260686066266,-1.1827156592329513,203.02417016099886,206.05973900522437,60.93071114037201
2008-04-18 00:00:00+01:00,206.00999450683594,201.95757263305006,202.23301648812156,6.676987173987811,1.3369908360971863,196.38882478188373,200.9326644170852,205.47650405228666,4.522748601760048,-0.2754438550715008,0.7258174433291604,-1.0012612984006612,203.02417016099886,206.05973900522437,60.93071114037201
2008-04-21 00:00:00+01:00,204.58999633789062,202.36256089533322,202.40760758810447,5.672394242950219,1.6223911911924063,196.8185297132749,201.28695024762834,205.75537078198178,4.439851196370432,-0.04504669277125117,0.764971684503528,-0.8100183772747792,204.35978206045758,206.19849141296018,52.52479434792089
2008-04-22 00:00:00+01:00,205.3489990234375,202.82201291504157,202.62548843516618,3.444518889052574,0.8045042406150742,196.71540523241384,201.50023614792596,206.28506706343808,4.749206260978734,0.1965244798753929,0.8052342857201377,-0.6087098058447448,204.35978206045758,206.19849141296018,52.52479434792089
2008-04-23 00:00:00+01:00,204.66600036621094,203.10570329214454,202.7766374670954,3.1833692467717754,1.3333631432561504,196.7801714510341,201.7114744640532,206.6427774770723,4.8894620656772725,0.3290658250491276,0.7502205047150979,-0.4211546796659703,204.35978206045758,206.19849141296018,52.52479434792089
2008-04-24 00:00:00+01:00,205.60000610351562,203.48944218620164,202.98577588460802,3.124224725743545,1.1832304630482327,196.80445859388865,201.9614744640532,207.11849033421774,5.106930303266757,0.5036663015936256,0.7398567850076767,-0.23619048341405113,204.35978206045758,206.19849141296018,52.52479434792089
2008-04-25 00:00:00+01:00,207.02999877929688,204.034143200524,203.28534795088126,4.25865839677499,2.1346502180640528,196.93054067624624,202.34195091610863,207.75336115597102,5.348777369558894,0.7487952496427397,0.7879885864454327,-0.03919333680269296,204.35978206045758,206.19849141296018,52.52479434792089
2008-04-28 00:00:00+01:00,207.46499633789062,204.56196676011888,203.59495153510417,4.94504175102864,3.20505151665364,197.01522978530687,202.7104746500651,208.40571951482332,5.619092821512856,0.9670152250147055,0.8049668494539188,0.16204837556078672,205.4698555207738,206.4115644170239,44.18328090382747
2008-04-29 00:00:00+01:00,204.60000610351562,204.5678189667953,203.66940002165316,3.8905975369405894,-0.06339721403597309,197.91181550297537,203.06809416271392,208.22437282245247,5.078374011435726,0.89841894514214,0.5890964556650826,0.3093224894770574,205.4698555207738,206.4115644170239,44.18328090382747
2008-04-30 00:00:00+01:00,206.5399932861328,204.87123040053953,203.88203655976275,3.747968323049747,-0.16203533905962786,198.6290078300987,203.4719034830729,208.31479913604713,4.760259839390659,0.9891938407767782,0.5438970810397766,0.44529675973700156,205.4698555207738,206.4115644170239,44.18328090382747
2008-05-02 00:00:00+01:00,207.47999572753906,205.27257891238563,204.14855205367212,4.818443185585693,2.1714552705466303,198.5390107465936,203.6719033377511,208.80479592890862,5.040354125473643,1.1240268587135063,0.5429840791812037,0.5810427795323025,205.4698555207738,206.4115644170239,44.18328090382747
2008-05-05 00:00:00+01:00,206.95599365234375,205.53156579545612,204.35651069061075,3.9234880886861276,2.10349602325644,198.49117530470016,203.81076049804688,209.1303456913936,5.220122019413876,1.1750551048453701,0.4752098602504541,0.699845244594916,203.86857046925283,205.59076955262205,41.58578090310834
2008-05-06 00:00:00+01:00,206.52000427246094,205.68363325345686,204.5167694744515,2.648223811681305,1.0482329669547426,198.62940334757235,204.01695106143043,209.40449877528852,5.281470667832761,1.1668637790053538,0.3736148275283502,0.7932489514770036,203.86857046925283,205.59076955262205,41.58578090310834
2008-05-07 00:00:00+01:00,204.55999755859375,205.51076622347793,204.51997155475834,2.28003149699947,-0.22997826862552984,198.67185080023617,204.06123642694382,209.45062205365147,5.282125817793043,0.9907946687195874,0.1580365737940671,0.8327580949255203,203.86857046925283,205.59076955262205,41.58578090310834
2008-05-08 00:00:00+01:00,203.1219940185547,205.1432628073359,204.4164176631877,0.29358905067948626,-1.9654136348673887,198.7740440869395,204.10990251813615,209.4457609493328,5.228417010019908,0.7268451441482,-0.08473036062185624,0.8115755047700562,203.86857046925283,205.59076955262205,41.58578090310834
2008-05-09 00:00:00+01:00,200.85000610351562,204.48276177597893,204.15223902913792,-0.9222433015988543,-4.272234146325417,198.7610547117523,204.10609363374255,209.45113255573278,5.237510381813121,0.33052274684101235,-0.38484220634323507,0.7153649531842474,203.86857046925283,205.59076955262205,41.58578090310834
2008-05-12 00:00:00+01:00,202.8800048828125,204.23618379241486,204.05799946274345,-0.3580025145012655,-3.850998730321578,198.96866789797187,204.18609401157923,209.4035201251866,5.1104617470291425,0.17818432967141007,-0.4297444988102699,0.60792882848168,203.85904575879877,205.3406590933747,39.42119761862415
2008-05-13 00:00:00+01:00,203.61000061035156,204.1398479182513,204.02481436256627,0.1251795339181001,-2.464816803972525,199.58890665672993,204.38133239746094,209.17375813819194,4.689690280921705,0.11503355568501661,-0.39431621823733065,0.5093497739223473,203.85904575879877,205.3406590933747,39.42119761862415
2008-05-14 00:00:00+01:00,204.47999572753906,204.1921783504494,204.0585315007124,0.8444683772172823,-0.6585376042280302,200.25346240506747,204.6008562360491,208.94825006703076,4.249634054283754,0.1336468497370049,-0.30056233934827387,0.4342091890852788,203.85904575879877,205.3406590933747,39.42119761862415
2008-05-15 00:00:00+01:00,204.05599975585938,204.17122779743556,204.05834396405663,0.7316493220761799,-0.8883457951113201,201.04488805807577,204.80923752557663,208.5735869930775,3.6759567224410676,0.11288383337893038,-0.25706028456507873,0.3699441179440091,203.85904575879877,205.3406590933747,39.42119761862415
2008-05-16 00:00:00+01:00,203.7899932861328,204.1125763341582,204.03846613606228,0.2715314225314671,-1.4084612532497829,201.63870869279478,204.95780872163317,208.27690875047156,3.238812953300337,0.0741101980959229,-0.236667135878469,0.3107773339743919,203.85904575879877,205.3406590933747,39.42119761862415
2008-05-19 00:00:00+01:00,203.47999572753906,204.01525624083217,203.99709795765315,0.052905094104659156,-1.0471010094109658,201.5822383877253,204.93495105561755,208.28766372350978,3.2719774256391605,0.018158283179019463,-0.23409524063629794,0.2522535238153174,204.10603254037105,205.23485152339484,34.57181940382294
2008-05-20 00:00:00+01:00,203.77999877929688,203.97906278521137,203.98101653703418,0.6959854160908208,-1.2710098231669917,201.47771335004785,204.8287607828776,208.17980821570734,3.2720477534714174,-0.0019537518228105455,-0.20336582051050237,0.20141206868769182,204.10603254037105,205.23485152339484,34.57181940382294
2008-05-21 00:00:00+01:00,203.0800018310547,203.84074571534111,203.91427470696163,0.04573200690555268,-1.2742753173131973,201.32458511388117,204.7568562825521,208.18912745122302,3.3525335668707434,-0.0735289916205204,-0.21995284824656977,0.14642385662604937,204.10603254037105,205.23485152339484,34.57181940382294
2008-05-22 00:00:00+01:00,206.0,204.1729386822117,204.06877287681633,2.434233104628987,-1.3887802010350754,201.32314606324218,204.78785632905505,208.25256659486791,3.3837067567578223,0.10416580539538245,-0.03380644098453353,0.13797224637991598,204.10603254037105,205.23485152339484,34.57181940382294
2008-05-23 00:00:00+01:00,204.47999572753906,204.2201782276467,204.0992338287217,2.1107728851454794,0.10076311952047945,201.3121375550255,204.77899896530877,208.24586037559206,3.385954055640833,0.12094439892499054,-0.01362227796394036,0.1345666768889309,204.10603254037105,205.23485152339484,34.57181940382294
2008-05-26 00:00:00+01:00,204.7989959716797,204.3092271113441,204.1510680615334,0.9789368212790919,0.09693303709940437,201.29339372541654,204.74085562569755,208.18831752597856,3.367634554173772,0.15815904981067774,0.01887389833739747,0.13928515147328027,205.62068632574216,205.72272900526477,31.28808501998093
2008-05-27 00:00:00+01:00,205.82000732421875,204.54165483640173,204.2746931921027,1.866313277623874,0.3753007043816865,201.35226000529858,204.68323698497954,208.0142139646605,3.2547628508781195,0.26696164429904456,0.10214119426061144,0.16482045003843313,205.62068632574216,205.72272900526477,31.28808501998093
2008-05-28 00:00:00+01:00,207.3000030517578,204.96601610030268,204.4987902187438,3.141209170904631,0.7412152744202558,201.3700057983811,204.67538016183036,207.98075452527962,3.2298700125396667,0.4672258815588748,0.24192434521635334,0.22530153634252145,205.62068632574216,205.72272900526477,31.28808501998093
2008-05-29 00:00:00+01:00,208.39199829101562,205.4930902834893,204.78717600187505,4.119821678789009,2.0828191153124465,201.19192485210075,204.85595121837798,208.5199775846552,3.5771734670000845,0.7059142816142412,0.3844901962173758,0.3214240853968654,205.62068632574216,205.72272900526477,31.28808501998093
2008-05-30 00:00:00+01:00,209.0,206.03261485526016,205.0992370387732,4.180761740523678,2.6037658909143033,200.9604788609989,204.9730943952288,208.9857099294587,3.9152607283107854,0.933377816486967,0.48956298487208133,0.4438148316148857,205.62068632574216,205.72272900526477,31.28808501998093
2008-06-02 00:00:00+01:00,205.32200622558594,205.9232904506949,205.11573846001858,3.124267033145486,-0.40573174615138896,201.0122279749777,204.8703329903739,208.7284380057701,3.7663872158371348,0.8075519906763304,0.2909897272491557,0.5165622634271747,205.80712177575518,205.78805238676713,28.094296691169333
2008-06-03 00:00:00+01:00,206.2760009765625,205.97755360852068,205.20168383161442,1.8383094545183951,-1.2016838316144174,201.03945597637195,204.83795238676527,208.63644879715858,3.70878186013222,0.7758697769062621,0.20744601078326996,0.5684237661229922,205.80712177575518,205.78805238676713,28.094296691169333
2008-06-04 00:00:00+01:00,205.58099365234375,205.91654438449345,205.22978085537216,1.3112195108387823,-0.6997820760752802,201.05334091338455,204.7932375953311,208.53313427727767,3.6523634528758717,0.6867635291212935,0.09467181039864103,0.5920917187226524,205.80712177575518,205.78805238676713,28.094296691169333
2008-06-05 00:00:00+01:00,207.3800048828125,206.1416921534656,205.38905670925664,2.121944877657427,0.1309475632043018,201.0315154653894,204.92752365838913,208.82353185138888,3.8023278898293107,0.7526354442089769,0.12843498038905954,0.6242004638199173,205.80712177575518,205.78805238676713,28.094296691169333
2008-06-06 00:00:00+01:00,206.72000122070312,206.23066277919446,205.487645191586,2.527354198062426,0.8423566394686759,201.21910039852563,205.09885733468192,208.97861427083822,3.783304291964221,0.743017587608449,0.09505369903082539,0.6479638885776237,205.80712177575518,205.78805238676713,28.094296691169333
2008-06-09 00:00:00+01:00,209.85000610351562,206.78748482909003,205.81078303691413,4.279213300976494,0.3992236769530564,201.63141779056824,205.52742876325334,209.42343973593844,3.7912321446622212,0.976701792175902,0.2629903228786227,0.7137114692972794,207.5120802072743,206.52147305584504,29.268753242630815
2008-06-10 00:00:00+01:00,209.64999389648438,207.2278708394584,206.09516902651194,4.58482364926931,2.5348358563005604,201.76748000246334,205.84980919247582,209.9321383824883,3.9663181676261563,1.1327018129464648,0.33519227491934833,0.7975095380271164,207.5120802072743,206.52147305584504,29.268753242630815
2008-06-11 00:00:00+01:00,209.97000122070312,207.6497370519576,206.38219363348907,4.2178124700265585,3.0278100286203085,201.84262318598778,206.15266636439733,210.4627095428069,4.18140910269973,1.2675434184685344,0.37602710435313436,0.8915163141154,207.5120802072743,206.52147305584504,29.268753242630815
2008-06-12 00:00:00+01:00,209.89999389648438,207.99593041265402,206.64277143074798,3.617223076087953,2.897221855384828,201.8883887630941,206.41076151529947,210.93313426750484,4.381915670487138,1.3531589819060343,0.3693141342325075,0.9838448476735269,207.5120802072743,206.52147305584504,29.268753242630815
2008-06-13 00:00:00+01:00,210.38999938964844,208.364248716807,206.920343872148,3.9196524657426153,2.7996573485551153,202.01686664455792,206.7123805454799,211.40789444640188,4.543040807262045,1.443904844658988,0.3680479975883688,1.0758568470706191,207.5120802072743,206.52147305584504,29.268753242630815
2008-06-16 00:00:00+01:00,212.42300415039062,208.988672629666,207.32794833720303,5.417046779984474,3.462044948929787,202.0286965784528,207.12347630092077,212.21825602338873,4.919557950124375,1.6607242924629873,0.4678939563138944,1.1928303361490928,209.0280526577141,207.312690841952,31.992222157011646
2008-06-17 00:00:00+01:00,211.2899932861328,209.34272196143013,207.62143314823487,4.928569903522941,2.9885674621166913,202.37858440534512,207.49538094656808,212.61217748779103,4.9319618758555155,1.7212888131952582,0.42276678163693227,1.298522031558326,209.0280526577141,207.312690841952,31.992222157011646
2008-06-18 00:00:00+01:00,211.1750030517578,209.6246113599421,207.88466054849582,3.6053449446682464,2.632337742519809,202.78440073462124,207.84752400716147,212.9106472797017,4.871959189050308,1.7399508114462776,0.35314302391036145,1.3868077875359162,209.0280526577141,207.312690841952,31.992222157011646
2008-06-19 00:00:00+01:00,212.80999755859375,210.11467077511927,208.2495003270216,4.940502114384657,2.600505776494032,203.297094414342,208.31085713704428,213.32461985974655,4.813731546794794,1.8651704480976719,0.38269012844940464,1.4824803196482672,209.0280526577141,207.312690841952,31.992222157011646
2008-06-20 00:00:00+01:00,212.86000061035156,210.53702921130886,208.59101886652752,4.47898845769123,3.144973565113105,203.3805602105446,208.6375238327753,213.894487455006,5.039327083314313,1.9460103447813424,0.3708240201064601,1.5751863246748823,209.0280526577141,207.312690841952,31.992222157011646
2008-06-23 00:00:00+01:00,211.9199981689453,210.74979366632985,208.83760992596586,3.272390684385698,2.297384580870073,203.9032424660476,208.99180966331846,214.08037686058933,4.86963312626312,1.9121837403639859,0.26959793255128295,1.642585807812703,209.98536640397086,207.96801984974232,34.84464412099829
2008-06-24 00:00:00+01:00,212.32400512695312,210.99198004488727,209.0958614223353,3.744134915555321,2.589136136258446,204.43624991871212,209.3501434326172,214.26403694652225,4.6944257437174235,1.8961186225519668,0.20282625179141123,1.6932923707605556,209.98536640397086,207.96801984974232,34.84464412099829
2008-06-25 00:00:00+01:00,212.80999755859375,211.27167504699597,209.37098261761372,3.779011278870655,2.75902226519878,204.82402903773942,209.68300011044457,214.5419711831497,4.63458751557906,1.9006924293822465,0.16592004689735274,1.7347723824848937,209.98536640397086,207.96801984974232,34.84464412099829
2008-06-26 00:00:00+01:00,212.52000427246094,211.4637256970675,209.60424348093574,4.252751147970514,2.305760181173639,205.05162675811303,209.9315715971447,214.8115164361764,4.649081414391747,1.8594822161317666,0.09976786691749817,1.7597143492142684,209.98536640397086,207.96801984974232,34.84464412099829
2008-06-27 00:00:00+01:00,211.55999755859375,211.47853675268692,209.74911415335484,3.210892560512349,0.8308876776998488,205.20631894607374,210.08242870512464,214.95853846417555,4.642091953244789,1.7294225993320822,-0.02423339990574891,1.753655999237831,209.98536640397086,207.96801984974232,34.84464412099829
2008-06-30 00:00:00+01:00,211.49600219726562,211.48122374416056,209.8785132677186,2.41148001841421,-0.3685187608826652,205.31483795505312,210.20128595261346,215.0877339501738,4.649303619067212,1.6027104764419562,-0.12075641823670002,1.7234668946786562,210.51691154633212,208.48401727564408,34.484445946161024
2008-07-02 00:00:00+01:00,211.00999450683594,211.4087269384183,209.96232669283842,2.007674527864708,0.8676751382162706,206.09335767744264,210.4721425374349,214.85092739742717,4.160916316242134,1.4464002455798948,-0.2216533192790091,1.6680535648589039,210.51691154633212,208.48401727564408,34.484445946161024
2008-07-03 00:00:00+01:00,211.63499450683594,211.44353733355948,210.08622801239378,1.8137658840906,0.5637658840905999,206.75027273120756,210.72733270554315,214.70439267987874,3.7746028702340926,1.357309321165701,-0.2485953949545623,1.6059047161202633,210.51691154633212,208.48401727564408,34.484445946161024
2008-07-04 00:00:00+01:00,211.58999633789062,211.46606948807195,210.19761825872686,1.8233778350231375,1.062376248109075,207.7597823859266,211.0134756905692,214.26716899521182,3.0838725289884668,1.2684512293450894,-0.26996278942013907,1.5384140187652284,210.51691154633212,208.48401727564408,34.484445946161024
2008-07-07 00:00:00+01:00,211.74899291992188,211.50959616989502,210.31253490029687,2.0674699825156324,0.8274644893515699,208.3927875001892,211.22152273995536,214.05025797972152,2.6784535998717782,1.1970612695981515,-0.2730821993336616,1.4701434689318131,210.84460769755475,208.91487195055205,34.307655028072325
2008-07-08 00:00:00+01:00,211.47000122070312,211.5035046392501,210.39827314625288,1.3717311262080614,-0.14827314625287613,209.46047814951834,211.44771321614584,213.43494828277335,1.8796467801911068,1.105231492997234,-0.2919295807476634,1.3971610737448974,210.84460769755475,208.91487195055205,34.307655028072325
2008-07-09 00:00:00+01:00,211.77999877929688,211.5460421992573,210.50062319314503,1.789370092987781,0.5393700929877809,209.6821660885909,211.53961762927827,213.39706916996565,1.7561264045986409,1.0454190061122688,-0.28139365410610284,1.3268126602183716,210.84460769755475,208.91487195055205,34.307655028072325
2008-07-10 00:00:00+01:00,211.7100067138672,211.57126750919727,210.59020715764296,1.4947995562242227,0.6497983355210977,209.98331451796673,211.63771347772507,213.2921124374834,1.5634254713609586,0.981060351554305,-0.2766018469312532,1.2576621984855583,210.84460769755475,208.91487195055205,34.307655028072325
2008-07-11 00:00:00+01:00,211.22000122070312,211.51722654173662,210.63685856972148,1.461148632426955,-0.3988519779246076,210.20514682878473,211.6972372872489,213.18932774571306,1.409645659607325,0.8803679720151365,-0.30183538117633746,1.182203353191474,210.84460769755475,208.91487195055205,34.307655028072325
2008-07-14 00:00:00+01:00,211.76499938964844,211.55534544141537,210.72042455638274,1.466571903578199,0.359577274671949,210.52890516492516,211.78604707263764,213.04318898035012,1.1871810490719532,0.8349208850326306,-0.2778259745270746,1.1127468595597052,211.6144074510391,209.52046266590287,28.66680559166578
2008-07-15 00:00:00+01:00,209.97000122070312,211.31144633053657,210.6648376426287,1.2241699257306777,-1.6148345908708848,210.4111404646732,211.76604715983072,213.12095385498824,1.279625996073777,0.6466086879078716,-0.37291053732146695,1.0195192252293386,211.6144074510391,209.52046266590287,28.66680559166578
2008-07-16 00:00:00+01:00,210.1790008544922,211.13722394960666,210.62884973239636,-0.3558547372791736,-2.628849732396361,210.1801207089976,211.65918986002603,213.13825901105446,1.3975950224571498,0.508374217210303,-0.4089160064152285,0.9172902236255315,211.6144074510391,209.52046266590287,28.66680559166578
2008-07-17 00:00:00+01:00,212.1699981689453,211.29611229104339,210.74300887584442,2.7469966173196383,-1.0630162000631742,210.21638666925912,211.70109485444567,213.18580303963222,1.402645731433136,0.5531034151989616,-0.29134944674125596,0.8444528619402175,211.6144074510391,209.52046266590287,28.66680559166578
2008-07-18 00:00:00+01:00,213.7100067138672,211.6674806637855,210.96278649347573,2.8472110651180174,0.6172153375789549,210.13004639914374,211.82180931454613,213.51357222994852,1.597345354453279,0.7046941703097787,-0.11180695330435109,0.8165011236141297,211.6144074510391,209.52046266590287,28.66680559166578
2008-07-21 00:00:00+01:00,213.1300048828125,211.89248438978967,211.12332118898215,2.6066745385569163,1.0816806420725413,210.10467765206437,211.83704775855654,213.5694178650487,1.6355685889907756,0.769163200807526,-0.037870338245282964,0.807033539052809,212.5462728547292,210.2189685225038,27.428206400165987
2008-07-22 00:00:00+01:00,213.6199951171875,212.1582552709278,211.30825999847883,2.481733287653981,1.5617351187086683,210.0287727979833,211.8732379731678,213.71770314835229,1.7411025505902582,0.8499952724489788,0.0343693867169359,0.8156258857320429,212.5462728547292,210.2189685225038,27.428206400165987
2008-07-23 00:00:00+01:00,215.47999572753906,212.66929226425262,211.6172774598907,4.183717413156188,1.8327194883515006,209.6418180857911,212.04276166643416,214.44370524707722,2.2645843336260625,1.0520148043619315,0.18911113490391096,0.8629036694580206,212.5462728547292,210.2189685225038,27.428206400165987
2008-07-24 00:00:00+01:00,213.36199951171875,212.77586261001665,211.74651613039646,3.8624773998769797,1.0434771557363547,209.62821071835674,212.0921899704706,214.55616922258446,2.3234983357538215,1.0293464796201874,0.13315424812973353,0.8961922314904539,212.5462728547292,210.2189685225038,27.428206400165987
2008-07-25 00:00:00+01:00,214.13999938964844,212.98572980688309,211.92381118663735,3.2261827098470235,-0.283811796988914,209.55633636310165,212.15552339099702,214.7547104188924,2.4502657167262485,1.0619186202457342,0.13258111100422432,0.9293375092415099,212.5462728547292,210.2189685225038,27.428206400165987
2008-07-28 00:00:00+01:00,214.27099609375,213.18346308178567,212.09767673531238,2.720316428750124,1.5723214336329363,209.49025271442736,212.23890395391555,214.98755519340375,2.5901483547851574,1.0857863464732986,0.125159069785431,0.9606272766878676,212.48085060432467,210.52340246264833,26.39604041042296
2008-07-29 00:00:00+01:00,214.0489959716797,213.3166219879232,212.24221890096922,2.5377798783276546,1.4877768265698421,209.52278811477123,212.35742768787202,215.1920672609728,2.669687238128734,1.0744030869539927,0.09102064821290001,0.9833824387410927,212.48085060432467,210.52340246264833,26.39604041042296
2008-07-30 00:00:00+01:00,214.177001953125,213.4489881364158,212.38553616409186,1.9304580986034523,0.8544693290722023,209.57661002862665,212.48509434291296,215.39357865719927,2.7375890278614445,1.0634519723239464,0.06405562686628297,0.9993963454576634,212.48085060432467,210.52340246264833,26.39604041042296
2008-07-31 00:00:00+01:00,213.77699279785156,213.49945039202132,212.48860702585185,2.021387480984089,0.9013923637965888,209.73705053014567,212.61685616629464,215.4966618024436,2.7089156410972253,1.0108433661694676,0.009157616569443361,1.0016857496000242,212.48085060432467,210.52340246264833,26.39604041042296
2008-08-01 00:00:00+01:00,212.35000610351562,213.32261280917427,212.47834029086397,1.3216627608938438,-0.4183427322702187,209.80159249296128,212.6509043375651,215.5002161821689,2.679802235950786,0.844272518310305,-0.12593058503177534,0.9702031033420804,212.48085060432467,210.52340246264833,26.39604041042296
2008-08-04 00:00:00+01:00,212.17999267578125,213.14682509634457,212.4562404675245,0.3907596545458034,-0.3962429089307591,209.86061788461421,212.67899940127418,215.49738091793415,2.6503618360008923,0.6905846288200621,-0.22369477961761464,0.9142794084376767,211.61390203048728,210.4314885226718,23.46349284037646
2008-08-05 00:00:00+01:00,211.77999877929688,212.9365441244911,212.40614849061876,-0.22615581483751157,-1.8161521527281366,209.86401288311208,212.68047587076822,215.49693885842436,2.64853929456836,0.530395633872331,-0.3071070196522766,0.8375026535246076,211.61390203048728,210.4314885226718,23.46349284037646
2008-08-06 00:00:00+01:00,213.1999969482422,212.9770753281451,212.46495208007235,1.4050430371151492,-0.8849502490176633,209.99200254224914,212.76285661969865,215.53371069714817,2.604640792544213,0.5121232480727542,-0.26030352436148274,0.772426772434237,211.61390203048728,210.4314885226718,23.46349284037646
2008-08-07 00:00:00+01:00,212.47000122070312,212.89906392700019,212.46532609048944,1.224676350916809,-0.07532670084100346,210.05607007737618,212.79571387881325,215.5353576802503,2.5749050594104452,0.43373783651074405,-0.27095114873879433,0.7046889852495384,211.61390203048728,210.4314885226718,23.46349284037646
2008-08-08 00:00:00+01:00,211.2100067138672,212.63920897113357,212.3723394699989,0.26765991964953173,-1.6623327561317183,209.98662142549557,212.77190435500373,215.55718728451188,2.6180927768179325,0.26686950113466423,-0.3502555872918993,0.6171250884265636,211.61390203048728,210.4314885226718,23.46349284037646
2008-08-11 00:00:00+01:00,210.52999877929688,212.3147150954664,212.23586978920616,-0.7338708878389752,-2.2558740616671002,209.8664003680847,212.73904709588913,215.61169382369357,2.7006294961071546,0.07884530626023434,-0.43062382573306335,0.5094691319932977,209.64593692494725,209.756991121414,28.556276270798005
2008-08-12 00:00:00+01:00,207.10000610351562,211.51245217362782,211.85543544211797,-1.3154421559851528,-4.965436052469528,208.78449203969143,212.51690455845423,216.24931707721703,3.512579412463797,-0.34298326849014416,-0.6819619203867535,0.3389786518966093,209.64593692494725,209.756991121414,28.556276270798005
2008-08-13 00:00:00+01:00,203.77999877929688,210.32284395911537,211.25725494857565,-4.027259221036587,-8.75725494857565,207.03682498356864,212.2221425374349,217.40746009130117,4.886688534822992,-0.9344109894602752,-1.0187117130855077,0.08430072362523239,209.64593692494725,209.756991121414,28.556276270798005
2008-08-14 00:00:00+01:00,204.83999633789062,209.47932894046542,210.78190245889527,-4.971904900301524,-7.243908074129649,205.95009343559525,211.96790422712053,217.9857150186458,5.678039619693821,-1.3025735184298526,-1.109499393644068,-0.19307412478578462,209.64593692494725,209.756991121414,28.556276270798005
2008-08-15 00:00:00+01:00,206.0800018310547,208.9563555390176,210.43361352349967,-4.001606687562173,-6.026615842835611,205.16075924676562,211.6779044015067,218.1950495562478,6.157605512174277,-1.4772579844820655,-1.0273470877570245,-0.4499108967250408,209.64593692494725,209.756991121414,28.556276270798005
2008-08-18 00:00:00+01:00,205.32000732421875,208.39691735212548,210.0548278791085,-3.904833982624126,-5.024829099811626,204.2964227670276,211.27838062104723,218.26033847506687,6.609249686121561,-1.6579105269830166,-0.9663997042063805,-0.691510822776636,207.55062482008202,208.84313533411935,33.22397792141705
2008-08-19 00:00:00+01:00,204.80999755859375,207.84508353773597,209.66632192944076,-4.366318877682943,-5.736329253659505,203.43663160963797,210.88218979608445,218.32774798253092,7.061343770800242,-1.8212383917047816,-0.9037820551425165,-0.9174563365622651,207.55062482008202,208.84313533411935,33.22397792141705
2008-08-20 00:00:00+01:00,204.33999633789062,207.3058393531444,209.27177929302962,-4.161778682678062,-5.151784175842124,202.60575092045607,210.44028509230841,218.27481926416075,7.445850178748586,-1.9659399398852315,-0.8387868826583731,-1.1271530572268584,207.55062482008202,208.84313533411935,33.22397792141705
2008-08-21 00:00:00+01:00,203.44000244140625,206.71109521287698,208.839795822539,-4.24279570046869,-7.04980253640619,201.83194583346994,209.86695207868303,217.9019583238961,7.657238231773252,-2.128700609662019,-0.8012380419481284,-1.3274625677138905,207.55062482008202,208.84313533411935,33.22397792141705
2008-08-22 00:00:00+01:00,204.11000061035156,206.31092681248845,208.48944062163622,-3.9524380581596574,-5.701446236870595,201.19406429054104,209.42638070242745,217.65869711431387,7.861775946540049,-2.1785138091477734,-0.6808409931471062,-1.4976728160006672,207.55062482008202,208.84313533411935,33.22397792141705
2008-08-25 00:00:00+01:00,202.07000732421875,205.65847766044695,208.01392704404975,-4.329921306745064,-6.293925823346626,200.33543193354964,208.85161917550224,217.36780641745483,8.155251345977135,-2.355449383602803,-0.6862212540817088,-1.6692281295210942,203.78708138233333,207.04554378736458,39.722945565433406
2008-08-26 00:00:00+01:00,201.5500030517578,205.02640464372556,207.53511785943553,-5.40511297662303,-6.641120667052718,199.5499729699385,208.24585760207404,216.94174223420958,8.351555927467283,-2.5087132157099745,-0.6715880689511042,-1.8371251467588703,203.78708138233333,207.04554378736458,39.722945565433406
2008-08-27 00:00:00+01:00,201.02000427246094,204.4100353558387,207.05251685299297,-4.890514289516403,-6.532512580532028,198.81580657135794,207.62542942592077,216.4350522804836,8.486073097039437,-2.6424814971542787,-0.6442850803163267,-1.998196416837952,203.78708138233333,207.04554378736458,39.722945565433406
2008-08-28 00:00:00+01:00,200.17999267578125,203.75925955890676,206.5434409880143,-5.473433663795561,-6.713439156959623,198.11494874905992,206.95890517461868,215.80286160017744,8.546582151753068,-2.784181429107548,-0.6287880098156768,-2.155393419291871,203.78708138233333,207.04554378736458,39.722945565433406
2008-08-29 00:00:00+01:00,197.02999877929688,202.723988669736,205.83874156514636,-5.538738513388552,-8.808742785849489,196.90967775657822,206.16142926897322,215.41318078136823,8.975249681961115,-3.114752895410362,-0.7674875808947927,-2.3472653145155693,203.78708138233333,207.04554378736458,39.722945565433406
2008-09-01 00:00:00+01:00,193.49899291992188,201.30475855438,204.92468610994456,-8.11468855135081,-12.124683058186747,194.98674063653573,205.26376197451637,215.540783312497,10.0134785011458,-3.6199275555645727,-1.0181297928392028,-2.60179776272537,200.31138779167273,205.09046619064844,47.01519736181926
2008-09-02 00:00:00+01:00,193.5800018310547,200.11633444309916,204.0843391263231,-9.314334853862164,-11.187335952494976,193.45239579133917,204.37804812476747,215.30370045819578,10.691610408920704,-3.9680046832239384,-1.0929655363988546,-2.8750391468250838,200.31138779167273,205.09046619064844,47.01519736181926
2008-09-03 00:00:00+01:00,192.07000732421875,198.8784379632714,203.19438862246352,-9.144385570705708,-11.234381908596333,191.8521964547713,203.4394771030971,215.02675775142288,11.391378716977036,-4.3159506591921115,-1.1527292098936224,-3.163221449298489,200.31138779167273,205.09046619064844,47.01519736181926
2008-09-04 00:00:00+01:00,187.88999938964844,197.1879089519448,202.06073016077352,-8.590728940070392,-15.80073565393758,189.72972130032392,202.23423912411644,214.73875694790897,12.366370677833812,-4.872821208828725,-1.3676798076241887,-3.5051414012045363,200.31138779167273,205.09046619064844,47.01519736181926
2008-09-05 00:00:00+01:00,190.25,196.12053834395329,201.18586125997547,-10.755868584194218,-14.79085698751453,188.55533067439316,201.17614382789247,213.7969569813918,12.54702760810099,-5.065322916022183,-1.248145211854117,-3.8171777041680657,200.31138779167273,205.09046619064844,47.01519736181926
2008-09-08 00:00:00+01:00,190.4770050048828,195.25230244563474,200.39261264848713,-4.83261508989338,-11.872608376026193,187.61852543449595,200.18885803222656,212.75919062995717,12.55847375452537,-5.14031020285239,-1.0585059989474601,-4.08180420390493,197.2332571443183,203.08854185621428,53.1350918967093
2008-09-09 00:00:00+01:00,189.02099609375,194.29363992996016,199.55027068146956,-8.642265920727368,-12.000267629711743,186.62651613896674,199.1646198091053,211.70272347924384,12.590693750884105,-5.256630751509391,-0.9398612380835685,-4.316769513425823,197.2332571443183,203.08854185621428,53.1350918967093
2008-09-10 00:00:00+01:00,188.8000030517578,193.44846502562135,198.75395456075017,-8.823961884968924,-11.273958833211111,185.5403837014438,198.2931910923549,211.045998483266,12.862577197591714,-5.305489535128828,-0.7909760173624045,-4.5145135177664235,197.2332571443183,203.08854185621428,53.1350918967093
2008-09-11 00:00:00+01:00,187.74000549316406,192.57024048216638,197.93810648166973,-9.018108312724422,-11.988109533427547,184.27119714553965,197.52938188825334,210.78756663096704,13.424012788349774,-5.367865999503351,-0.6826819853895421,-4.685184014113809,197.2332571443183,203.08854185621428,53.1350918967093
2008-09-12 00:00:00+01:00,193.60000610351562,192.72866596237395,197.61676571291758,-3.9367730371363336,-9.806768154323834,184.05604236062265,196.99414425804503,209.9322461554674,13.135519277643699,-4.888099750543631,-0.1623325891438574,-4.725767161399774,197.2332571443183,203.08854185621428,53.1350918967093
2008-09-15 00:00:00+01:00,187.1300048828125,191.86733348859528,196.83996861439127,-4.901965074352205,-9.516970567516267,183.1709839672417,196.09176345098587,209.01254293473002,13.17829903342551,-4.972635125795989,-0.19749437151697258,-4.7751407542790165,196.65217326060022,202.0030366614928,55.21412629940351
2008-09-16 00:00:00+01:00,188.16400146484375,191.2975901003258,196.19730438109144,-6.341301573474254,-11.669304503161754,182.62462631309583,195.27481079101562,207.92499526893542,12.956289064295243,-4.899714280765636,-0.09965882118929592,-4.80005545957634,196.65217326060022,202.0030366614928,55.21412629940351
2008-09-17 00:00:00+01:00,189.33200073242188,190.9951917360329,195.68876337007887,-3.8987700839460615,-8.768765201133562,182.4025582231876,194.53776332310267,206.67296842301772,12.475937722960259,-4.6935716340459805,0.08518706042428725,-4.778758694470268,196.65217326060022,202.0030366614928,55.21412629940351
2008-09-18 00:00:00+01:00,191.6199951171875,191.0913153331336,195.38737312912394,-3.3473798429911312,-6.294370809788006,182.56914587248278,193.93204897925966,205.29495208603655,11.718437634815178,-4.29605779599035,0.386160718783934,-4.682218514774284,196.65217326060022,202.0030366614928,55.21412629940351
2008-09-19 00:00:00+01:00,196.1699981689453,191.8726511540277,195.4453453542959,1.5686622140634654,-4.055345964647472,182.9853447753063,193.58585829961868,204.18637182393107,10.95174370423862,-3.5726942002682165,0.8876194516048539,-4.46031365187307,196.65217326060022,202.0030366614928,55.21412629940351
2008-09-22 00:00:00+01:00,196.05999755859375,192.5168582931917,195.49087514720685,1.4891205803322123,-1.0708769782615377,183.61855889901207,193.20252482096353,202.786490742915,9.921160120275559,-2.9740168540151615,1.1890374382863271,-4.163054292301489,196.02144700934545,200.96831635368468,56.89620140800837
2008-09-23 00:00:00+01:00,196.16000366210938,193.0773421961021,195.5404402223848,0.9995530637480101,-0.5804335085176149,184.0766595144983,192.9210960751488,201.7655326357993,9.168967770331683,-2.463098026282694,1.359965012815036,-3.82306303909773,196.02144700934545,200.96831635368468,56.89620140800837
2008-09-24 00:00:00+01:00,196.13999938964844,193.54852022587846,195.5848520125525,1.813142982564699,-0.25785616294311353,184.55485842935906,192.6634768531436,200.77209527692816,8.41739031831683,-2.036331786674026,1.4293850019389631,-3.465716788612989,196.02144700934545,200.96831635368468,56.89620140800837
2008-09-25 00:00:00+01:00,195.6479949951172,193.87151634422287,195.58952927052025,1.5204713398313174,-0.26952194630149506,185.0671404834382,192.4076668875558,199.74819329167337,7.630180774872584,-1.7180129262973765,1.3981630898524902,-3.1161760161498666,196.02144700934545,200.96831635368468,56.89620140800837
2008-09-26 00:00:00+01:00,195.60000610351562,194.13743784565253,195.5903053322236,0.2696952781279549,-2.3403053322236076,185.5467016730483,192.1895722888765,198.8324429047047,6.912831468133379,-1.4528674865710798,1.3306468236630296,-2.7835143102341093,196.02144700934545,200.96831635368468,56.89620140800837
2008-09-29 00:00:00+01:00,187.0260009765625,193.04337063502328,194.95591241698946,0.45609014648709945,-8.325907534176963,185.09233536452726,191.71319144112724,198.3340475177272,6.90704278284696,-1.9125417819661834,0.6967780226143407,-2.609319804580524,192.47696483565738,198.74255694434135,60.08935681813322
2008-09-30 00:00:00+01:00,188.91000366210938,192.40746802380576,194.50806732403538,-3.6680709861447554,-7.708064272277568,184.82128699872203,191.49466814313615,198.16804928755028,6.969782719408128,-2.100599300229618,0.40697640348072506,-2.507575703710343,192.47696483565738,198.74255694434135,60.08935681813322
2008-10-01 00:00:00+01:00,187.51199340820312,191.65431808294383,193.98983962656632,-4.356844021097572,-7.954835964456947,184.39447399452675,191.2057153610956,198.01695672766445,7.1245164964924745,-2.335521543622491,0.1376433280702818,-2.4731648716927728,192.47696483565738,198.74255694434135,60.08935681813322
2008-10-02 00:00:00+01:00,185.55999755859375,190.7167303099669,193.36540688079057,-5.3854111532515105,-8.558400044853073,183.68894136450197,190.89571489606584,198.1024884276297,7.550482246799132,-2.6486765708236817,-0.1404093593047273,-2.5082672115189544,192.47696483565738,198.74255694434135,60.08935681813322
2008-10-03 00:00:00+01:00,186.30999755859375,190.03877142514025,192.84278396803526,-4.462779085222763,-8.1027784748712,183.4584386781609,190.82047671363466,198.18251474910844,7.716192897392269,-2.804012542895009,-0.23659626510084397,-2.567416277794165,192.47696483565738,198.74255694434135,60.08935681813322
2008-10-06 00:00:00+01:00,177.63900756835938,188.13111544717395,191.71657830880002,-6.083582703331274,-17.60657769844846,180.95763421248336,190.21995326450892,199.48227231653448,9.738535724636534,-3.5854628616260698,-0.8144372670655238,-2.771025594560546,185.86264411895388,195.0127634787993,64.90410750496677
2008-10-07 00:00:00+01:00,177.0959930419922,186.43340430791523,190.63357199274017,-8.813564668521423,-14.423565278872985,178.76790114713594,189.582762218657,200.39762329017805,11.409118576980783,-4.200167684824947,-1.1433136722115211,-3.0568540126134263,185.86264411895388,195.0127634787993,64.90410750496677
2008-10-08 00:00:00+01:00,171.8000030517578,184.18211180696792,189.23849281192668,-11.233487929114176,-18.3284891498173,175.55495877708682,188.76271493094308,201.97047108479933,13.99403071595805,-5.056381004958752,-1.5996215938762601,-3.4567594110824915,185.86264411895388,195.0127634787993,64.90410750496677
2008-10-09 00:00:00+01:00,170.00999450683594,182.00178606848607,187.8141596041422,-11.49415227992344,-18.035152646134378,172.4333849827027,187.86795261928015,203.3025202558576,16.43129381183606,-5.812373535656121,-1.8844912996589036,-3.9278822359972176,185.86264411895388,195.0127634787993,64.90410750496677
2008-10-10 00:00:00+01:00,172.9499969482422,180.60920312691007,186.71311051851995,-12.783117842738704,-20.62311418062933,170.47150413220635,187.1636664980934,203.85582886398043,17.836968764508665,-6.10390739160988,-1.7408201244901296,-4.3630872671197505,185.86264411895388,195.0127634787993,64.90410750496677
2008-10-13 00:00:00+01:00,178.36000061035156,180.26317197051645,186.0943616364334,-7.904359195027155,-17.354356143269342,169.60365212818698,186.43795195079986,203.27225177341273,18.058876582226535,-5.831189665916952,-1.1744819190377616,-4.65670774687919,182.4327620949276,192.23565413138152,68.91639974233445
2008-10-14 00:00:00+01:00,177.55999755859375,179.8472989840668,185.46218651955638,-4.182187740259508,-8.557187740259508,168.73449289645413,185.98223731631325,203.22998173617236,18.54773301874485,-5.614887535489572,-0.7665438308883052,-4.848343704601267,182.4327620949276,192.23565413138152,68.91639974233445
2008-10-15 00:00:00+01:00,171.36199951171875,178.54186829601326,184.41772822267953,-5.747730053734216,-13.977725781273278,166.88646117770014,185.18214198521204,203.47782279272394,19.759659988135276,-5.875859926666266,-0.8220129776519993,-5.053846949014266,182.4327620949276,192.23565413138152,68.91639974233445
2008-10-16 00:00:00+01:00,175.56199645996094,178.08342647508215,183.76174809210778,-7.531752364568717,-13.051741378240592,165.8888344259602,184.52642749604723,203.16402056613427,20.200459438782854,-5.678321617025631,-0.49957973440909154,-5.1787418826165394,182.4327620949276,192.23565413138152,68.91639974233445
2008-10-17 00:00:00+01:00,175.6199951171875,177.70443703540604,183.15865527915074,-6.658655279150736,-9.238657110205423,165.04120034874128,183.76452273414247,202.48784511954366,20.377515863046938,-5.454218243744691,-0.2203810889025215,-5.23383715484217,182.4327620949276,192.23565413138152,68.91639974233445
2008-10-20 00:00:00+01:00,174.64999389648438,177.23452270634118,182.5283840656199,-3.4403866290964515,-8.868380403510514,164.4949667892664,182.73976062593005,200.98455446259368,19.968061437938392,-5.293861359278708,-0.048019363549230754,-5.245841995729477,171.12850948743872,185.99056129439288,73.28942738013706
2008-10-21 00:00:00+01:00,167.2550048828125,175.69921227195215,181.39702264467118,-5.8770183722102445,-14.497028748186807,163.0044721604656,181.36809430803572,199.73171645560583,20.250113138842735,-5.697810372719033,-0.3615747015916444,-5.336235671127389,171.12850948743872,185.99056129439288,73.28942738013706
2008-10-22 00:00:00+01:00,158.53399658203125,173.05840985811815,179.7034651585497,-12.185459787455954,-21.883457834330954,160.0310764324035,179.57637968517486,199.12168293794622,21.768233981593013,-6.645055300431551,-1.0470557034433297,-5.597999596988221,171.12850948743872,185.99056129439288,73.28942738013706
2008-10-23 00:00:00+01:00,158.0970001220703,170.7566545141108,178.10298626695865,-17.675984313833652,-23.56299298082584,157.6523068225514,177.76480829148065,197.8773097604099,22.628214956866852,-7.346331752847846,-1.3986657246876995,-5.947666028160146,171.12850948743872,185.99056129439288,73.28942738013706
2008-10-24 00:00:00+01:00,149.75999450683594,167.5263991283762,176.00350539583846,-17.303508447596272,-36.903499292322834,153.81083165447396,175.5796654110863,197.34849916769863,24.79653176880679,-8.477106267462261,-2.0235521914416923,-6.453554076020569,171.12850948743872,185.99056129439288,73.28942738013706
2008-10-27 00:00:00+00:00,144.77999877929688,164.02695292082552,173.6906530538724,-24.12064572965366,-32.58065244352085,149.60546360053854,173.159665062314,196.71386652408944,27.205182515569234,-9.663700133046888,-2.568116845621055,-7.095583287425833,166.9790038835529,182.08905149173407,76.93361707725869
2008-10-28 00:00:00+00:00,158.0,163.09972939454468,172.52838245728927,-13.148377574476768,-29.65937916139083,148.2337043848101,171.77747453962053,195.32124469443096,27.41194119649262,-9.428653062744587,-1.8664558202550037,-7.562197242489583,166.9790038835529,182.08905149173407,76.93361707725869
2008-10-29 00:00:00+00:00,159.6280059814453,162.5656181002217,171.57279901463417,-10.832793521470109,-18.232802676743546,147.6072559604519,170.38309369768416,193.1589314349164,26.734856426124182,-9.007180914412459,-1.1559869375382998,-7.851193976874159,166.9790038835529,182.08905149173407,76.93361707725869
2008-10-30 00:00:00+00:00,161.62399291992188,162.4207526878679,170.83585041502585,-5.9998518798695955,-12.585850415025845,147.43885787059241,169.15033176967077,190.86180566874913,25.6712164521705,-8.415097727157956,-0.4511230002270379,-7.9639747269309185,166.9790038835529,182.08905149173407,76.93361707725869
2008-10-31 00:00:00+00:00,157.7899932861328,161.70832816452403,169.86949062770043,-8.17948818629418,-14.129485134536367,146.9070330892146,167.82795061383928,188.74886813846396,24.9313865158996,-8.161162463176396,-0.15775018899638127,-8.003412274180015,166.9790038835529,182.08905149173407,76.93361707725869
2008-11-03 00:00:00+00:00,156.0500030517578,160.83781660871384,168.84582488133432,-5.615829153795261,-13.114822073717136,146.61989771627927,166.38699849446616,186.15409927265304,23.760391084696824,-8.008008272620486,-0.0036767987523766976,-8.00433147386811,163.41066994743372,178.4011872893714,79.97044182413283
2008-11-04 00:00:00+00:00,158.92999267578125,160.54430523441653,168.1113187920341,-6.391317571330973,-14.370321477580973,146.15599306785236,165.49609302339098,184.8361929789296,23.37227375247477,-7.567013557617571,0.34985433300043134,-7.916867890618002,163.41066994743372,178.4011872893714,79.97044182413283
2008-11-05 00:00:00+00:00,155.55999755859375,159.77748866890533,167.18159129326074,-6.4615900725576125,-11.861583969041988,145.41781140252616,164.47056942894346,183.52332745536077,23.16859252396364,-7.404102624355403,0.4102122130100794,-7.814314837365482,163.41066994743372,178.4011872893714,79.97044182413283
2008-11-06 00:00:00+00:00,151.50999450683594,158.50556649012543,166.02073227204409,-8.480738985911273,-14.577739107981586,143.9842218184566,163.50437854585192,183.02453527324724,23.87722812196278,-7.515165781918654,0.23931924435746232,-7.754485026276116,163.41066994743372,178.4011872893714,79.97044182413283
2008-11-07 00:00:00+00:00,153.6300048828125,157.75548008900037,165.10290061358248,-9.032893289363727,-14.602900613582477,142.99842053046737,162.72437903994606,182.45033754942475,24.24462594463034,-7.347420524582105,0.3256516013552089,-7.673072125937314,163.41066994743372,178.4011872893714,79.97044182413283
2008-11-10 00:00:00+00:00,153.1199951171875,157.04232855487533,164.21527798421988,-6.765281035977694,-12.115271880704256,142.2045920522795,161.78009323846726,181.355594424655,24.200135868796973,-7.1729494293445555,0.40009815727420683,-7.573047586618762,155.94377813390113,173.05958832043777,82.72140082860454
2008-11-11 00:00:00+00:00,149.61000061035156,155.89889348648705,163.13340558615556,-8.912412544163374,-13.977399726780561,141.66126973660025,160.41104561941964,179.16082150223903,23.377163100481045,-7.234512099668507,0.2708283895602044,-7.505340489228711,155.94377813390113,173.05958832043777,82.72140082860454
2008-11-12 00:00:00+00:00,141.20599365234375,153.63844735815732,161.50915285031766,-9.849149188208287,-21.21915956418485,139.87021667378804,158.67990257626488,177.48958847874172,23.707710424685338,-7.87070549216034,-0.2922920023453033,-7.578413489815037,155.94377813390113,173.05958832043777,82.72140082860454
2008-11-13 00:00:00+00:00,145.3699951171875,152.36637778262352,160.3136596849006,-14.103652971033426,-21.293655412439676,138.71293994351424,157.4421880812872,176.17143621906018,23.79190529047155,-7.947281902277098,-0.2950947299696489,-7.652187172307449,155.94377813390113,173.05958832043777,82.72140082860454
2008-11-14 00:00:00+00:00,143.14999389648438,150.94847256937135,159.04227703390683,-13.112284358125578,-17.982279475313078,138.0767098709465,155.89875938778832,173.72080890463013,22.863619424334985,-8.09380446453548,-0.3532938337824252,-7.740510630753056,155.94377813390113,173.05958832043777,82.72140082860454
2008-11-17 00:00:00+00:00,144.50999450683594,149.95793748282745,157.9658116615312,-11.575812271882768,-17.049811295320268,138.3092246392507,154.41733078729538,170.52543693534008,20.863080673545728,-8.007874178703759,-0.21389083836056244,-7.793983340343196,151.7125187559341,168.80107570323239,85.03532349863494
2008-11-18 00:00:00+00:00,144.66000366210938,149.1428707411785,156.98019625416663,-10.510195033463503,-13.300203578385378,139.15181664883437,152.9892360142299,166.82665537962544,18.089402530395642,-7.837325512988116,-0.034673738115936104,-7.80265177487218,151.7125187559341,168.80107570323239,85.03532349863494
2008-11-19 00:00:00+00:00,143.80499267578125,148.3216587311174,156.0042552483603,-8.294248534493107,-13.131254149727482,139.07456504668588,151.87256876627603,164.6705724858662,16.85360802619414,-7.682596517242899,0.09604420610342412,-7.7786407233463235,151.7125187559341,168.80107570323239,85.03532349863494
2008-11-20 00:00:00+00:00,138.5970001220703,146.8255574066486,154.71482894270918,-10.9348301634123,-17.024826501302925,137.31065858739728,150.9231879824684,164.5357173775395,18.03901650507458,-7.889271536060562,-0.08850465017139086,-7.800766885889171,151.7125187559341,168.80107570323239,85.03532349863494
2008-11-21 00:00:00+00:00,143.00999450683594,146.23854772975434,153.84780416968152,-10.457804780033086,-15.507807831790899,136.59001830716284,150.2047591436477,163.81949998013255,18.12824162710378,-7.609256439927179,0.15320835676959366,-7.762464796696773,151.7125187559341,168.80107570323239,85.03532349863494
2008-11-24 00:00:00+00:00,146.6999969482422,146.309539917214,153.31833696809343,-5.492332939773121,-12.218330864577808,136.36312420717553,150.05904497419084,163.75496574120615,18.25404229297996,-7.008797050879423,0.6029341966538802,-7.611731247533303,149.90501026600035,165.58520678650387,86.1617401567586
2008-11-25 00:00:00+00:00,147.17999267578125,146.44345572622436,152.86364479829254,-4.392651756300353,-9.033642967237853,136.61617014745462,150.17333039783296,163.7304906482113,18.055350060444507,-6.420189072068183,0.9532337403720961,-7.373422812440279,149.90501026600035,165.58520678650387,86.1617401567586
2008-11-26 00:00:00+00:00,146.55999755859375,146.46138523889658,152.39670796572227,-5.178705646386334,-7.636713458886334,136.4593441014262,149.6285683768136,162.797792652201,17.60255333356259,-5.935322726825689,1.1504800684916727,-7.0858027953173615,149.90501026600035,165.58520678650387,86.1617401567586
2008-11-27 00:00:00+00:00,146.92799377441406,146.53317116743773,151.99161802562537,-4.194620955312871,-6.091624129140996,136.60168033919194,149.02380589076452,161.4459314423371,16.671330432505638,-5.458446858187642,1.3018847497037758,-6.760331607891418,149.90501026600035,165.58520678650387,86.1617401567586
2008-11-28 00:00:00+00:00,146.91000366210938,146.5911453973872,151.6152021468464,-4.1152021468464,-6.015196043330775,137.23460280339427,148.32313973563058,159.41167666786689,14.951863818417527,-5.0240567494591915,1.389019886745781,-6.4130766362049725,149.90501026600035,165.58520678650387,86.1617401567586
2008-12-01 00:00:00+00:00,138.5500030517578,145.35404657498268,150.64740962128428,-4.231409255073345,-12.523416701362407,136.41966211829043,147.40694972446985,158.39423733064928,14.907421429880532,-5.293363046301607,0.895770871922692,-6.189133918224299,145.40000664054972,161.41446287266737,87.41330740225317
2008-12-02 00:00:00+00:00,138.74000549316406,144.33650179316442,149.76537968586797,-8.979384202469532,-12.475386399735157,135.71613415294746,146.58266412644159,157.4491940999357,14.826487208774843,-5.428877892703554,0.6082048204165966,-6.03708271312015,145.40000664054972,161.41446287266737,87.41330740225317
2008-12-03 00:00:00+00:00,137.64100646972656,143.3064255895586,148.86727796615378,-9.347273693692841,-12.517271862638154,135.56088222020585,145.56890287853423,155.5769235368626,13.750217883663355,-5.560852376595193,0.3809842692199661,-5.941836645815159,145.40000664054972,161.41446287266737,87.41330740225317
2008-12-04 00:00:00+00:00,135.7100067138672,142.13774576252914,147.8926652807992,-9.944667233924207,-13.552668942908582,134.82128058558723,144.62366521926154,154.42604985293585,13.555713193705989,-5.754919518270071,0.14953370203607008,-5.9044532203061415,145.40000664054972,161.41446287266737,87.41330740225317
2008-12-05 00:00:00+00:00,136.36000061035156,141.24886189296336,147.03839382372902,-9.688387720213399,-13.625399438963399,134.0037772572446,143.90223693847656,153.80069661970853,13.75720057147398,-5.789531930765662,0.09193703163238354,-5.881468962398046,145.40000664054972,161.41446287266737,87.41330740225317
2008-12-08 00:00:00+00:00,138.1699981689453,140.77519055080674,146.38147562707837,-5.701482951297123,-10.051473796023686,133.99840144526502,143.16604614257812,152.33369083989123,12.807009684660999,-5.606285076271632,0.22014710890113065,-5.826432185172763,142.23467341303575,157.770112027716,88.45913485372861
2008-12-09 00:00:00+00:00,136.1719970703125,140.06700693842302,145.62521795620682,-7.1752210079646375,-10.165211242339637,133.88047947196085,142.35899861653647,150.83751776111208,11.911462186403362,-5.558211017783805,0.21457693391116628,-5.772787951694971,142.23467341303575,157.770112027716,88.45913485372861
2008-12-10 00:00:00+00:00,137.36000061035156,139.65054442641204,145.0129796342916,-6.832986958510361,-8.852975972182236,133.6967111551801,141.77566528320312,149.85461941122614,11.396813567243642,-5.362435207879571,0.3282821950523198,-5.690717402931891,142.23467341303575,157.770112027716,88.45913485372861
2008-12-11 00:00:00+00:00,137.47000122070312,139.31507624091836,144.45424049254433,-5.874238661489642,-8.606233290395892,133.314508222681,141.59776088169642,149.88101354071182,11.699694412450466,-5.139164251625971,0.44124252104473616,-5.580406772670707,142.23467341303575,157.770112027716,88.45913485372861
2008-12-12 00:00:00+00:00,136.0399932861328,138.8112173247975,143.83096292169904,-5.750961090644353,-10.493957306464665,132.7275707608424,141.15347508021765,149.57937939959288,11.938642409741291,-5.019745596901544,0.448528940615331,-5.468274537516875,142.23467341303575,157.770112027716,88.45913485372861
2008-12-15 00:00:00+00:00,138.41000366210938,138.7494921459224,143.42941038395165,-4.329404280436023,-7.979413435709461,132.47397708991846,140.9277612595331,149.38154542914774,11.997329829211031,-4.679918238029245,0.6306850395901034,-5.310603277619348,139.4931137776358,154.37580952473314,89.37505501206178
2008-12-16 00:00:00+00:00,138.14999389648438,138.65726164600886,143.03834249599112,-4.038342495991117,-6.090344449116117,132.25083555017787,140.6249040876116,148.99897262504535,11.909794487349924,-4.381080849982254,0.7436179421096751,-5.124698792091929,139.4931137776358,154.37580952473314,89.37505501206178
2008-12-17 00:00:00+00:00,135.36900329589844,138.15137574599188,142.47024329598426,-3.445249399499886,-7.454236826257699,131.7265591625971,140.18247549874442,148.63839183489173,12.064156102341121,-4.318867549992376,0.6446649936796423,-4.963532543672018,139.4931137776358,154.37580952473314,89.37505501206178
2008-12-18 00:00:00+00:00,134.7259979248047,137.62439454273232,141.8965954907117,-4.256596101063252,-8.226597321766377,131.15209609560563,139.7501424153646,148.34818873512356,12.304883803558353,-4.272200947979371,0.5530652765541175,-4.825266224533489,139.4931137776358,154.37580952473314,89.37505501206178
2008-12-19 00:00:00+00:00,133.57000732421875,137.000642662961,141.2798111820826,-5.511805810988847,-8.973811426223222,130.526388380408,139.51076180594308,148.49513523147814,12.879828493850772,-4.279168519121583,0.4368781643295243,-4.716046683451108,139.4931137776358,154.37580952473314,89.37505501206178
2008-12-22 00:00:00+00:00,133.63800048828125,136.48331309762565,140.7137511306899,-6.053747468580525,-8.613745027174275,129.89063486578428,139.0644763764881,148.23831788719193,13.193651965966575,-4.230438033064246,0.3884869203094894,-4.618924953373735,137.26874495983012,151.29640921037395,90.14841505070571
2008-12-23 00:00:00+00:00,133.927001953125,136.09003446001017,140.2110289693888,-5.901031410795042,-7.311035072904417,129.70398566913187,138.45623851957777,147.20849137002367,12.64262693256444,-4.120994509378619,0.3983443551960928,-4.519338864574712,137.26874495983012,151.29640921037395,90.14841505070571
2008-12-24 00:00:00+00:00,133.22999572753906,135.65002850116846,139.69391539591845,-5.637915640059077,-6.993918447676265,129.69606242618076,137.79195295061385,145.88784347504694,11.75089016603857,-4.043886894749988,0.38036157585977826,-4.424248470609767,137.26874495983012,151.29640921037395,90.14841505070571
2008-12-25 00:00:00+00:00,133.40699768066406,135.30494683647547,139.22821778738108,-1.9582135149201463,-7.118217177029521,129.88597884106923,137.1656196230934,144.44526040511755,10.614381070165122,-3.923270950905618,0.40078201576331907,-4.324052966668937,137.26874495983012,151.29640921037395,90.14841505070571
2008-12-26 00:00:00+00:00,132.72000122070312,134.90726289558742,138.74612767133087,-4.956134385198055,-6.53612095746368,130.42493083471513,136.48904854910714,142.55316626349915,8.885867077035435,-3.8388647757434455,0.38815055274039345,-4.227015328483839,137.26874495983012,151.29640921037395,90.14841505070571
2008-12-29 00:00:00+00:00,131.14999389648438,134.32922151111003,138.1834510954163,-4.773447433306927,-7.887445846392865,131.3493496199323,135.7385718936012,140.1277941672701,6.467170255937866,-3.8542295843062675,0.29822859534205737,-4.152458179648325,136.0591631031029,148.77406495027031,90.90728353600794
2008-12-30 00:00:00+00:00,130.56500244140625,133.75011088500176,137.61912156548962,-5.836116804747434,-7.739116682677121,130.63820154868344,135.35833376929872,140.078465989914,6.974276484017831,-3.869010680487861,0.22675799932837126,-4.095768679816232,136.0591631031029,148.77406495027031,90.90728353600794
2008-12-31 00:00:00+00:00,131.3800048828125,133.38547919235725,137.1569647741802,-3.9469580603130225,-6.9869666052348975,130.2513072824837,135.00785754975817,139.76440781703263,7.0463310115433835,-3.771485581822958,0.2594264783946194,-4.030912060217577,136.0591631031029,148.77406495027031,90.90728353600794
2009-01-01 00:00:00+00:00,133.5019989013672,133.4034053014357,136.88622656137923,-2.3232230213401692,-5.566219237160482,130.16526435226754,134.81076195126488,139.45625955026222,6.891879449026066,-3.4828212599435346,0.43847264021923404,-3.9212939001627687,136.0591631031029,148.77406495027031,90.90728353600794
2009-01-02 00:00:00+00:00,133.3800048828125,133.39980523703213,136.62650643704094,-2.6565052163378198,-5.066508878447195,130.0342659402649,134.69980948311942,139.36535302597395,6.9273201807151885,-3.2267012000088187,0.5556741601231598,-3.7823753601319785,136.0591631031029,148.77406495027031,90.90728353600794
2009-01-05 00:00:00+00:00,137.13999938964844,133.97521972205,136.66454295204892,0.8654558272479562,-3.7445447831036063,130.00715559362095,134.73695228213356,139.46674897064617,7.020786218480897,-2.689323229998905,0.8744417041064585,-3.5637649341053637,136.0094432894384,146.93634190910447,81.89951253643603
2009-01-06 00:00:00+00:00,139.1909942626953,134.77764657445698,136.85168749357828,3.8983125064217177,-1.3116942074454698,129.89728243767038,134.7855711437407,139.673859849811,7.253430266444837,-2.074040919121302,1.1917792119872495,-3.2658201311085513,136.0094432894384,146.93634190910447,81.89951253643603
2009-01-07 00:00:00+00:00,139.718994140625,135.537853892329,137.06408057854472,4.3159243042677815,0.945913928291219,129.65815079762547,134.95447576613654,140.2508007346476,7.849054191709962,-1.5262266862157219,1.3916747559142637,-2.9179014421299856,136.0094432894384,146.93634190910447,81.89951253643603
2009-01-08 00:00:00+00:00,139.08999633789062,136.08433734549232,137.21414841257035,2.7958460942655847,0.20584975637495972,129.54328420722211,135.03685651506697,140.53042882291183,8.13640431156201,-1.1298110670780375,1.4304723000415587,-2.560283367119596,136.0094432894384,146.93634190910447,81.89951253643603
2009-01-09 00:00:00+00:00,136.89999389648438,136.20982296872185,137.1908777076751,2.4091283958405256,-0.6408746559172869,129.5590316811727,135.00971330915178,140.46039493713084,8.074502929278623,-0.9810547389532474,1.263382902533079,-2.2444376414863263,136.0094432894384,146.93634190910447,81.89951253643603
2009-01-12 00:00:00+00:00,132.49200439453125,135.63785088038483,136.8428130178126,-0.6708159475001025,-5.05281973167979,129.30894739745858,134.84076145717077,140.37257551688296,8.204958203931902,-1.2049621374277706,0.8315804032468446,-2.036542540674615,135.89862951066726,145.32786477253597,76.24346866709749
2009-01-13 00:00:00+00:00,129.70599365234375,134.7252574606862,136.31415973148157,-3.8171657129268795,-7.474163393590942,128.724592191112,134.42628479003906,140.12797738896612,8.483002573243096,-1.5889022707953586,0.35811221590340514,-1.9470144866987638,135.89862951066726,145.32786477253597,76.24346866709749
2009-01-14 00:00:00+00:00,130.25,134.03675631288834,135.86496271433478,-3.925967353006655,-6.7549621039832175,128.33833126981236,134.0500946044922,139.76185793917202,8.52183409721879,-1.8282064014464368,0.09504646820186169,-1.9232528696482984,135.89862951066726,145.32786477253597,76.24346866709749
2009-01-15 00:00:00+00:00,131.9199981689453,133.71110121382017,135.57274311838,-3.582737625215941,-6.402744949434691,128.1370080348144,133.88585626511346,139.63470449541254,8.587685646070813,-1.861641904559832,0.04928877207077309,-1.9109306766306051,135.89862951066726,145.32786477253597,76.24346866709749
2009-01-16 00:00:00+00:00,133.8699951171875,133.73554642972283,135.44661363681018,0.1333881942445032,-3.667606678802372,128.10852622965513,133.8450942266555,139.58166222365588,8.571951075451414,-1.7110672070873534,0.1598907756346013,-1.8709579827219547,135.89862951066726,145.32786477253597,76.24346866709749
2009-01-19 00:00:00+00:00,130.7100067138672,133.27007878112965,135.09575386474035,0.6342418627987172,-4.975758747552845,127.81893305290203,133.70890372140067,139.59887438989932,8.810139795583313,-1.8256750836106903,0.036226319289011544,-1.8619014028997019,130.73075188813365,141.76602646832603,74.41948590222904
2009-01-20 00:00:00+00:00,124.61000061035156,131.93775906254842,134.3190314014523,-3.6500250537960426,-10.077034636315574,126.22768309394516,133.27899896530877,140.3303148366724,10.581285763106612,-2.3812723389038695,-0.4154967488033341,-1.9657755901005354,130.73075188813365,141.76602646832603,74.41948590222904
2009-01-21 00:00:00+00:00,123.5719985961914,130.65071899080118,133.5229548973589,-7.455953554585449,-14.012952761128417,124.62402370382021,132.78590356735955,140.94778343089888,12.293292652708395,-2.872235906557705,-0.725168253165736,-2.1470676533919693,130.73075188813365,141.76602646832603,74.41948590222904
2009-01-22 00:00:00+00:00,123.68000030517578,129.5783007314742,132.79384714978977,-8.093850201547582,-11.54384714978977,123.30089883573294,132.33114188058036,141.36138492542779,13.64794849725787,-3.2155464183155686,-0.8547830119388795,-2.360763406376689,130.73075188813365,141.76602646832603,74.41948590222904
2009-01-23 00:00:00+00:00,122.19000244140625,128.44163945607914,132.008377171391,-8.314376927250379,-12.828376866215223,121.80837202488397,131.79699925013952,141.78562647539508,15.157594303490914,-3.5667377153118593,-0.9647794471481363,-2.601958268163723,130.73075188813365,141.76602646832603,74.41948590222904
2009-01-26 00:00:00+00:00,124.63999938964844,127.85677175355134,131.46257140978045,-6.402573851186702,-11.236573484975764,120.98271529084572,131.41223725818452,141.84175922552333,15.872984411410657,-3.6057996562291095,-0.803073110452309,-2.8027265457768005,130.15050308981046,139.94088061473147,72.89950026487949
2009-01-27 00:00:00+00:00,126.6709976196289,127.67434496371712,131.10764001791736,-3.5526397127415805,-6.8366362947728305,120.57531544069796,131.1989517211914,141.82258800168486,16.19469689524586,-3.4332950542002436,-0.5044548067387544,-2.928840247461489,130.15050308981046,139.94088061473147,72.89950026487949
2009-01-28 00:00:00+00:00,128.63999938964844,127.82290718309116,130.92485182323077,-1.434846330066705,-5.274850297351861,120.43026430187322,131.10728490920295,141.78430551653267,16.28745590258236,-3.1019446401396067,-0.13848351414249382,-2.963461125997113,130.15050308981046,139.94088061473147,72.89950026487949
2009-01-29 00:00:00+00:00,128.35000610351562,127.90399932469492,130.73412251065926,-1.5341255624170742,-4.2261192757959805,120.22291357124439,130.96299925304595,141.7030849348475,16.40171001436769,-2.8301231859643394,0.10667035202621866,-2.936793537990558,130.15050308981046,139.94088061473147,72.89950026487949
2009-01-30 00:00:00+00:00,130.94000244140625,128.3710767272659,130.74937287589978,0.1906295655064696,-4.05937043449353,120.1610136103369,130.84099942161924,141.52098523290158,16.325136399894628,-2.3782961486338934,0.44679791148533177,-2.825094060119225,130.15050308981046,139.94088061473147,72.89950026487949
2009-02-02 00:00:00+00:00,126.94100189208984,128.1510652141619,130.46727132154348,-0.9372725422466033,-5.167268269785666,119.79402359127975,130.53438023158483,141.2747368718899,16.45598136100282,-2.316206107381589,0.4071103621901089,-2.723316469571698,132.2030016122825,139.42189747794507,65.21923090012646
2009-02-03 00:00:00+00:00,129.0030059814453,128.28213302451317,130.35880722227694,-0.9348112505972495,-3.598805086046468,119.80813650934346,130.14690435500373,140.485672200664,15.887842890921256,-2.076674197763765,0.5173138174463463,-2.5939880152101114,132.2030016122825,139.42189747794507,65.21923090012646
2009-02-04 00:00:00+00:00,129.24600219726562,128.430420589552,130.27637722042425,0.3386282727398111,-2.856379051478939,120.15663584717792,129.67333330426897,139.19003076136002,14.67795608332334,-1.8459566308722515,0.598425107470288,-2.4443817383425395,132.2030016122825,139.42189747794507,65.21923090012646
2009-02-05 00:00:00+00:00,133.3260040283203,129.18358727243944,130.50227550249062,4.527723276806256,-1.872270619678119,120.79474656370145,129.36890520368303,137.94306384366462,13.255362448158808,-1.3186882300511797,0.900554806633088,-2.2192430366842677,132.2030016122825,139.42189747794507,65.21923090012646
2009-02-06 00:00:00+00:00,135.92999267578125,130.2214957960305,130.9043286264381,5.791670519069726,1.6656786977806632,121.24188249073251,129.21842883882067,137.19497518690883,12.3458339801324,-0.682832830407591,1.2291281650213413,-1.9119609954289323,132.2030016122825,139.42189747794507,65.21923090012646
2009-02-09 00:00:00+00:00,135.6230010986328,131.05249661181546,131.25385992067473,5.906143741434647,2.4631353185830847,121.39976977989149,129.1576196579706,136.9154695360497,12.012996056482143,-0.20136330885927123,1.3684781492557287,-1.569841458115,131.54700127830552,138.1094836397174,58.81900642961831
2009-02-10 00:00:00+00:00,131.65899658203125,131.14580429954097,131.28387004373818,4.897129712121199,-0.8938706540897385,121.42042111232027,129.11795261928015,136.81548412624002,11.923255210926364,-0.13806574419720619,1.1454205711342351,-1.2834863153314413,131.54700127830552,138.1094836397174,58.81900642961831
2009-02-11 00:00:00+00:00,129.55999755859375,130.90183403170295,131.15617578557934,0.5348184771159765,-2.2781698041340235,121.41534239304414,129.11100042433966,136.8066584556352,11.92099512203107,-0.254341753876389,0.8233156491640419,-1.077657403040431,131.54700127830552,138.1094836397174,58.81900642961831
2009-02-12 00:00:00+00:00,129.58099365234375,130.69862781949385,131.03949562756188,-1.1395017310775017,-3.8694974586165642,121.39708210028262,129.07914297921317,136.76120385814374,11.902869358479826,-0.3408678080680261,0.5894316759779239,-0.93029948404595,131.54700127830552,138.1094836397174,58.81900642961831
2009-02-13 00:00:00+00:00,131.89999389648438,130.8834533698001,131.10323624007466,2.6967668116831476,-1.75323013655904,121.39753399667472,129.07819039481026,136.7588467929458,11.900781029921147,-0.219782870274571,0.5684132910171031,-0.7881961612916741,131.54700127830552,138.1094836397174,58.81900642961831
2009-02-16 00:00:00+00:00,131.08999633789062,130.9152292110448,131.10225550657955,0.21573765748294704,-1.4402529431029905,121.5080872924213,128.94580950055803,136.38353170869476,11.536198402949335,-0.18702629553476413,0.48093589260552805,-0.6679621881402922,132.47133662694327,137.56812988036046,53.48548603761108
2009-02-17 00:00:00+00:00,131.37600708007812,130.986118113973,131.12253340091277,1.014460007290353,-1.427526076694022,121.50438673221865,128.97752380371094,136.45066087520323,11.588278098539945,-0.1364152869397799,0.4252375209604098,-0.5616528079001897,132.47133662694327,137.56812988036046,53.48548603761108
2009-02-18 00:00:00+00:00,133.3699951171875,131.35286842215984,131.28901204656276,2.3869828264841146,-0.8690138776174479,121.96544210574878,129.39466639927454,136.82389069280032,11.483045631264787,0.06385637559708357,0.5004073467978186,-0.43655097120073505,132.47133662694327,137.56812988036046,53.48548603761108
2009-02-19 00:00:00+00:00,134.0489959716797,131.76765727593212,131.49345530027512,4.726545920428009,1.3965440893733216,122.69175232053215,129.89357103620256,137.09538975187297,11.088799327355776,0.2742019756570073,0.5686023574861939,-0.2944003818291866,132.47133662694327,137.56812988036046,53.48548603761108
2009-02-20 00:00:00+00:00,134.6999969482422,132.21878645628752,131.73097690382824,3.5190230961717646,1.009028589335827,123.50378072219098,130.41833278111048,137.33288484002998,10.60365044004149,0.48780955245928226,0.6257679474307751,-0.13795839497149281,132.47133662694327,137.56812988036046,53.48548603761108
2009-02-23 00:00:00+00:00,136.3800048828125,132.85897390652212,132.07534934671597,6.927656634729345,1.7846512636355953,124.78071083054145,131.0940471830822,137.40738353562296,9.631766641125552,0.7836245598061566,0.7372663638221195,0.04635819598403709,134.3878887652929,137.66139604630786,45.644514840580904
2009-02-24 00:00:00+00:00,140.24000549316406,133.99451722754395,132.6801386908973,7.940863506368316,3.5788639946495664,125.08044917125308,131.83690461658296,138.59336006191282,10.249717960201588,1.3143785366466432,1.014416272530085,0.29996226411655835,134.3878887652929,137.66139604630786,45.644514840580904
2009-02-25 00:00:00+00:00,138.3699951171875,134.6676676721045,133.10160953728916,8.498396566226461,4.668394735171773,125.50524982534536,132.3939997355143,139.28274964568325,10.406438243320267,1.5660581348153357,1.012876696559022,0.5531814382563138,134.3878887652929,137.66139604630786,45.644514840580904
2009-02-26 00:00:00+00:00,140.55599975585938,135.5735649157591,133.65378659051657,7.965216705381863,4.676215240538113,125.46663849069974,132.9614283243815,140.45621815806328,11.273630146928005,1.9197783252425324,1.0932775095889748,0.8265008156535576,134.3878887652929,137.66139604630786,45.644514840580904
2009-02-27 00:00:00+00:00,139.61000061035156,136.19455502261948,134.09498762902288,6.5050184744927435,2.8150160330864935,125.79105804883382,133.49761853899275,141.20417902915167,11.545614932311247,2.099567393596601,1.0184532623544347,1.0811141312421664,134.3878887652929,137.66139604630786,45.644514840580904
2009-03-02 00:00:00+00:00,136.22900390625,136.19985485087034,134.25306290881747,5.146930987666906,1.3479350159872183,126.04802091878989,133.74947575160436,141.45093058441884,11.51623928174103,1.9467919420528688,0.692542248648562,1.2542496934043068,135.818590068789,137.80690985051834,39.110372176459606
2009-03-03 00:00:00+00:00,138.18800354003906,136.50572387997323,134.54453999261167,4.0344547583648875,1.5054630591461375,126.99889897374167,134.28504725864954,141.57119554355742,10.851764114695294,1.9611838873615568,0.5655473551657999,1.395636532195757,135.818590068789,137.80690985051834,39.110372176459606
2009-03-04 00:00:00+00:00,140.3070068359375,137.09053664242927,134.9713893884136,5.8166049963520265,2.4586032873676515,127.50745298886078,134.82333301362536,142.13921303838993,10.852542896303008,2.1191472540156724,0.5788085774559324,1.54033867655974,135.818590068789,137.80690985051834,39.110372176459606
2009-03-05 00:00:00+00:00,138.63400268554688,137.32799295675505,135.24269407709014,6.192303481503615,2.9163025049411146,128.23024092994294,135.27038065592447,142.310520381906,10.408989302527248,2.0852988796649186,0.43596816248414294,1.6493307171807756,135.818590068789,137.80690985051834,39.110372176459606
2009-03-06 00:00:00+00:00,138.19000244140625,137.46060980054756,135.46101321518762,4.588989836570192,1.84397946059363,128.41309850775076,135.5019996279762,142.59090074820165,10.463168277498756,1.9995965853599387,0.28021269454333053,1.7193838908166081,135.818590068789,137.80690985051834,39.110372176459606
2009-03-09 00:00:00+00:00,136.39999389648438,137.29743812299938,135.53056733972812,3.7454336368343775,0.43943388097500247,128.4272528252034,135.52438063848587,142.62150845176834,10.47358088610522,1.7668707832712585,0.0379895139637203,1.7288812693075382,136.18439350126297,137.67963706704586,35.45127076837834
2009-03-10 00:00:00+00:00,136.23899841308594,137.13460124455116,135.5830437155324,1.3969520120066647,-0.38304676729021025,128.4501090557191,135.553713843936,142.6573186321529,10.480870773330977,1.5515575290187655,-0.14185899223101806,1.6934165212497836,136.18439350126297,137.67963706704586,35.45127076837834
2009-03-11 00:00:00+00:00,134.5399932861328,136.7354307894099,135.50578072076206,0.6872124433004387,-1.6057868242776863,128.784938941247,135.69090416317894,142.5968693851109,10.178965590246175,1.2296500686478282,-0.3710131620815642,1.6006632307293924,136.18439350126297,137.67963706704586,35.45127076837834
2009-03-12 00:00:00+00:00,135.50999450683594,136.54690213055235,135.50609285306382,0.9549056820924307,-3.977085895056007,129.63248232821888,135.97423735119048,142.31599237416208,9.327877319278192,1.0408092774885347,-0.44788316259268623,1.488692440081221,136.18439350126297,137.67963706704586,35.45127076837834
2009-03-13 00:00:00+00:00,137.1199951171875,136.63507028234238,135.62564116892483,2.614364324239233,-0.23764068064357957,130.66164669987387,136.33323742094495,142.00482814201604,8.320187840268735,1.0094291134175535,-0.38341066133093404,1.3928397747484875,136.18439350126297,137.67963706704586,35.45127076837834
2009-03-16 00:00:00+00:00,138.1999969482422,136.87582823094235,135.816334189615,4.108668862142821,1.0836597068693834,131.27346530710082,136.63323756626673,141.99300982543264,7.845488191065419,1.0594940413273548,-0.2666765867369061,1.326170628064261,137.0975943247352,137.8574026248507,31.607830949111296
2009-03-17 00:00:00+00:00,138.83900451660156,137.177855351813,136.0402356953177,3.2597673564401077,1.9297655253854202,132.17974935680462,137.00223795572916,141.8247265546537,7.040014339740747,1.1376196564953034,-0.1508407772551661,1.2884604337504695,137.0975943247352,137.8574026248507,31.607830949111296
2009-03-18 00:00:00+00:00,137.69000244140625,137.25664721175042,136.1624406394724,2.6875654640432174,0.02756180193384239,133.1852023127179,137.3029044015067,141.4206064902955,5.9979824996966595,1.0942065722780114,-0.15540308917796652,1.249609661455978,137.0975943247352,137.8574026248507,31.607830949111296
2009-03-19 00:00:00+00:00,136.97000122070312,137.21254782851238,136.2222599417858,1.6647334664173172,-0.9222568900279953,133.74434860326468,137.47433326357887,141.20431792389306,5.426445172369312,0.990287886726577,-0.20745741978352084,1.1977453065100978,137.0975943247352,137.8574026248507,31.607830949111296
2009-03-20 00:00:00+00:00,138.67999267578125,137.43830857424607,136.40431421837806,2.515683950567251,0.1756876126766258,134.26552798085405,137.69485691615515,141.12418585145625,4.981055955327772,1.0339943558680034,-0.1310007605136756,1.164995116381679,137.0975943247352,137.8574026248507,31.607830949111296
2009-03-23 00:00:00+00:00,141.38800048828125,138.04595348409762,136.77347616429682,5.021522004648489,2.0065226150000512,134.51417116680912,138.01333327520462,141.5124953836001,5.070759506138459,1.2724773198007995,0.08598576273529646,1.186491557065503,138.1450647142115,138.19777446318116,29.406935747656718
2009-03-24 00:00:00+00:00,144.5399932861328,139.04503653056457,137.34877372887726,7.594219435185238,3.9212305435836754,134.01489938996966,138.4019041515532,142.78890891313674,6.339515035544123,1.6962628016873111,0.40781699569744645,1.2884458059898647,138.1450647142115,138.19777446318116,29.406935747656718
2009-03-25 00:00:00+00:00,142.24000549316406,139.53657021711834,137.7110871928985,6.857913051242122,3.278918300265559,133.87416782268295,138.4971422467913,143.12011667089965,6.675913089774175,1.8254830242198352,0.42962977458397633,1.3958532496358589,138.1450647142115,138.19777446318116,29.406935747656718
2009-03-26 00:00:00+00:00,142.72000122070312,140.02632883305446,138.08211786162477,5.407887631539296,3.920888119820546,133.74506630618617,138.70428539457777,143.66350448296936,7.150779911787005,1.9442109714296976,0.438686177435071,1.5055247939946266,138.1450647142115,138.19777446318116,29.406935747656718
2009-03-27 00:00:00+00:00,140.11000061035156,140.03920141417709,138.23233139856748,4.596663352409081,0.9576710428387685,133.7519902648504,138.68304734002976,143.6141044152091,7.1112614984427776,1.8068700156096043,0.24107617729198205,1.5657938383176222,138.1450647142115,138.19777446318116,29.406935747656718
2009-03-30 00:00:00+01:00,138.77999877929688,139.8454779318878,138.2728993526956,2.1550944217184735,-2.5198933712502765,133.7295433345745,138.64352344331286,143.55750355205123,7.088654394660634,1.5725785791922249,0.005427792699682188,1.5671507864925427,141.9210455435238,139.80852199731933,30.7888122060811
2009-03-31 00:00:00+01:00,141.98800659179688,140.17509772571998,138.5480924815179,3.821902635669602,0.09190690813053948,133.9311294992874,138.91776166643416,143.9043938335809,7.179257867860739,1.6270052442020813,0.0478835661676309,1.5791216780344504,141.9210455435238,139.80852199731933,30.7888122060811
2009-04-01 00:00:00+01:00,142.63999938964844,140.55431336632435,138.85119669693498,3.898803303065023,1.7188106272837729,133.91206609267454,139.12976146879652,144.3474568449185,7.5004734012890335,1.7031166693893738,0.09919599308393878,1.603920676305435,141.9210455435238,139.80852199731933,30.7888122060811
2009-04-02 00:00:00+01:00,146.6300048828125,141.48903513809177,139.42740471070368,7.384591749257254,2.872598341054129,133.3224434920738,139.4308566138858,145.5392697356978,8.761924397735731,2.0616304273880814,0.3661678008661171,1.6954626265219643,141.9210455435238,139.80852199731933,30.7888122060811
2009-04-03 00:00:00+01:00,148.7899932861328,142.6122594685596,140.1209297903651,8.749065326822404,5.534068988931779,132.63844059056652,139.9144752139137,147.1905098372609,10.40068886685661,2.491329678194518,0.6366936413380428,1.854636036856475,141.9210455435238,139.80852199731933,30.7888122060811
2009-04-06 00:00:00+01:00,148.5,143.51806570416582,140.74160165774546,10.676397609832662,6.938391018035787,132.3152890723541,140.40542747860863,148.49556588486317,11.523968199145445,2.776464046420358,0.7374624076511065,2.0390016387692516,143.6303623529091,140.84287542222796,32.926504890393836
2009-04-07 00:00:00+01:00,148.3800048828125,144.26605634703455,141.30740930404673,7.5095920387267086,4.6825961891173336,132.41986648759178,140.9759041922433,149.5319418968948,12.13829803564726,2.9586470429878204,0.7357163233748549,2.2229307196129655,143.6303623529091,140.84287542222796,32.926504890393836
2009-04-08 00:00:00+01:00,146.5,144.6097399859523,141.6920456518951,6.732957399862698,4.047959841268948,132.87445166151065,141.4645233154297,150.05459496934873,12.144488883287547,2.917694334057188,0.5558108915553781,2.36188344250181,143.6303623529091,140.84287542222796,32.926504890393836
2009-04-09 00:00:00+01:00,147.3300018310547,145.02824180827574,142.10967203553656,5.780327354111876,4.160332236924376,133.7233904994631,142.07357134137834,150.42375218329357,11.75472786821299,2.9185697727391755,0.4453490641898923,2.473220708549283,143.6303623529091,140.84287542222796,32.926504890393836
2009-04-10 00:00:00+01:00,146.72999572753906,145.29005010354703,142.45191823494415,4.968079934001167,4.178086647868355,134.57618124444411,142.6078571137928,150.63953298314146,11.264001902700024,2.8381318686028862,0.2919289280428825,2.5462029405600037,143.6303623529091,140.84287542222796,32.926504890393836
2009-04-13 00:00:00+01:00,148.47999572753906,145.78081096877656,142.89844249365487,5.869562877438881,3.5215556752904433,135.13826642865598,143.14880952380952,151.15935261896306,11.191910183257468,2.8823684751216945,0.26893242764935277,2.6134360474723417,144.74024380656178,141.71675132103357,28.939597654893255
2009-04-14 00:00:00+01:00,147.52999877929688,146.0499167857797,143.24152073703576,5.938471938745494,3.7584792629642436,135.69559614776907,143.59309532528832,151.49059450280757,10.999831377168475,2.80839604874393,0.15596800101727037,2.6524280477266595,144.74024380656178,141.71675132103357,28.939597654893255
2009-04-15 00:00:00+01:00,148.82400512695312,146.4766996074987,143.65503809925187,5.554968614615319,2.216955919302819,136.1709106831392,144.06857154482887,151.96623240651854,10.963752575602111,2.8216615082468195,0.13538676841612807,2.6862747398306914,144.74024380656178,141.71675132103357,28.939597654893255
2009-04-16 00:00:00+01:00,148.17999267578125,146.73874469492677,143.99021991973552,5.789778859561352,2.5897819113191645,137.02853393069861,144.5680948893229,152.1076558479472,10.430463186772101,2.7485247751912425,0.04980002828844077,2.6987247469028017,144.74024380656178,141.71675132103357,28.939597654893255
2009-04-17 00:00:00+01:00,145.99000549316406,146.62355404850175,144.13835218443393,4.5916435431051354,1.8516533087301354,138.2525658855638,144.99761890229723,151.74267191903067,9.303674181406262,2.485201864067818,-0.17081830626798666,2.656020170335805,144.74024380656178,141.71675132103357,28.939597654893255
2009-04-20 00:00:00+01:00,142.5780029296875,146.00116156868418,144.0227707581564,2.9742232603982757,-2.0327652649923493,138.94860048705004,145.18323843819755,151.41787638934505,8.588647034211876,1.9783908105277703,-0.5421034878464277,2.520494298374198,143.7201600963016,141.71150008599753,25.39342286227121
2009-04-21 00:00:00+01:00,144.61000061035156,145.78713680586378,144.06626926572642,1.0537258514610812,-2.4872745147498563,139.32870954426318,145.336667015439,151.3446244866148,8.267641737700774,1.7208675401373625,-0.6397014065894684,2.360568946726831,143.7201600963016,141.71150008599753,25.39342286227121
2009-04-22 00:00:00+01:00,142.13999938964844,145.22603874183065,143.92358260823917,0.966416781409265,-3.2635789461297975,139.06861598224643,145.22238159179688,151.37614720134732,8.47495481357407,1.3024561335914768,-0.8464902505082832,2.14894638409976,143.7201600963016,141.71150008599753,25.39342286227121
2009-04-23 00:00:00+01:00,144.0709991455078,145.04834034239636,143.93450235174055,0.47550131036882703,-2.834496248224923,139.2766015050875,145.309571765718,151.3425420263485,8.303610267818316,1.11383799065581,-0.82808671475516,1.94192470541097,143.7201600963016,141.71150008599753,25.39342286227121
2009-04-24 00:00:00+01:00,142.77000427246094,144.69782710086784,143.84824323475686,0.2457509058681353,-2.618247507217802,139.2830345879808,145.31195286342077,151.34087113886073,8.297897257091527,0.8495838661109758,-0.8738726714399954,1.7234565375509712,143.7201600963016,141.71150008599753,25.39342286227121
2009-04-27 00:00:00+01:00,141.0500030517578,144.13662340100475,143.64096618416434,-1.6289727759612163,-3.5209710669768413,139.47068502677922,145.3567148844401,151.24274474210097,8.098738145451787,0.49565721684041364,-0.982239456568446,1.4778966734088597,144.38677380443545,142.28414310524118,21.70326171416847
2009-04-28 00:00:00+01:00,141.19200134277344,143.68360462281532,143.45956138109835,-1.5815553996530411,-4.402554545160854,140.02568803404927,145.47157214936755,150.91745626468582,7.487214216295875,0.22404324171697,-1.0030827453535118,1.2271259870704818,144.38677380443545,142.28414310524118,21.70326171416847
2009-04-29 00:00:00+01:00,143.91600036621094,143.71935781410696,143.49337167629187,0.9666350375753154,-2.4133698452371846,140.29333575666692,145.5633813767206,150.83342699677428,7.2408947500535294,0.22598613781508448,-0.800911879404318,1.0268980172194024,144.38677380443545,142.28414310524118,21.70326171416847
2009-04-30 00:00:00+01:00,145.9219970703125,144.05822539198473,143.67326985362672,3.0957273387560917,0.01673258777952924,140.61355927683962,145.71966698056175,150.82577468428389,7.008124310911662,0.3849555383580139,-0.5135539830891108,0.8985095214471247,144.38677380443545,142.28414310524118,21.70326171416847
2009-05-01 00:00:00+01:00,147.8300018310547,144.63849869030318,143.98117592602878,4.333826515377467,1.708826515377467,140.60479727414395,145.7768096923828,150.94882211062168,7.0957958665069,0.6573227642743973,-0.19294940573818198,0.8502721700125793,144.38677380443545,142.28414310524118,21.70326171416847
2009-05-04 00:00:00+01:00,148.49899291992188,145.23242087947528,144.31582903668752,4.749173404718732,3.004178287531232,140.62183973607796,145.76295253208704,150.90406532809612,7.054073352249586,0.9165918427877671,0.053055738220150195,0.8635361045676169,146.24151721239707,143.37940895139533,20.290215103757195
2009-05-05 00:00:00+01:00,149.0800018310547,145.8243564104875,144.66873072515915,5.131272326598662,3.131272326598662,140.5851105755154,145.79057166689918,150.99603275828298,7.141011976106632,1.1556256853283458,0.23367166460858313,0.9219540207197626,146.24151721239707,143.37940895139533,20.290215103757195
2009-05-06 00:00:00+01:00,149.02999877929688,146.3175321595351,144.99178761805825,4.247210795027684,1.9482148233479961,140.54756369939082,145.82152375720796,151.0954838150251,7.233445271904098,1.325744541476837,0.3230324166056595,1.0027121248711774,146.24151721239707,143.37940895139533,20.290215103757195
2009-05-07 00:00:00+01:00,148.99000549316406,146.72868190317033,145.28795190510314,5.529049437670295,2.7670407706781077,140.50107173472878,145.94009544735863,151.37911915998848,7.45377573717119,1.4407299980671837,0.35041429855680506,1.0903156995103787,146.24151721239707,143.37940895139533,20.290215103757195
2009-05-08 00:00:00+01:00,149.97000122070312,147.22734641355999,145.63477037292537,4.545222302855876,2.5622358526605638,140.38732810456136,146.06580970400856,151.74429130345575,7.7752372180104485,1.5925760406346114,0.40180827289938614,1.1907677677352253,146.24151721239707,143.37940895139533,20.290215103757195
2009-05-11 00:00:00+01:00,147.58799743652344,147.2828311863236,145.77945385911784,4.590541258069663,0.9505418684212259,140.39739441106525,146.10666692824591,151.81593944542658,7.815211498849031,1.5033773272057545,0.2500876475764233,1.2532896796293311,145.5683448489548,143.49977911863462,18.69149334679382
2009-05-12 00:00:00+01:00,147.2740020751953,147.28147286153464,145.89016113438282,3.489843748429678,0.4498352035078028,140.41281569388764,146.04923865908668,151.68566162428573,7.718524268867685,1.391311727151816,0.11041763801798798,1.280894089133828,145.5683448489548,143.49977911863462,18.69149334679382
2009-05-13 00:00:00+01:00,144.46499633789062,146.84816878097402,145.7845933716797,2.24540540761717,-1.7305925171875174,140.26906312232006,145.90328616187685,151.53750920143364,7.723229802111141,1.063575409294316,-0.1738549438716097,1.2374303531659256,145.5683448489548,143.49977911863462,18.69149334679382
2009-05-14 00:00:00+01:00,146.22999572753906,146.7530652342917,145.8175861387804,0.5834148377821009,-2.377583697374149,140.29533928210455,145.7797619047619,151.26418452741925,7.524257895606015,0.9354790955113117,-0.24156100612369125,1.177040101635003,145.5683448489548,143.49977911863462,18.69149334679382
2009-05-15 00:00:00+01:00,144.27999877929688,146.3725934719848,145.70369077881867,0.6463153246969568,-2.1766979809671057,140.18368609401813,145.59404790969123,151.00440972536433,7.432119503991024,0.6689026931661317,-0.4065099267750969,1.0754126199412286,145.5683448489548,143.49977911863462,18.69149334679382
2009-05-18 00:00:00+01:00,147.80999755859375,146.59373256223233,145.85971350324644,2.022290280933248,-2.839709230785502,140.19004684196076,145.6807141985212,151.17138155508164,7.537946785568645,0.7340190589858935,-0.27311484876426806,1.0071339077501615,147.30489652527976,144.53952494139105,16.277233066131323
2009-05-19 00:00:00+01:00,148.7480010986328,146.92515849090933,146.0736607325343,3.5263453709813177,0.9963465916844427,140.5192051270233,145.97452363513764,151.429842143252,7.47434329260067,0.8514977583750181,-0.12450891950011478,0.9760066778751328,147.30489652527976,144.53952494139105,16.277233066131323
2009-05-20 00:00:00+01:00,149.44400024414062,147.31267260679107,146.3233155111718,3.489688028867249,1.2796813150000617,140.59341207380984,146.20471409388952,151.8160161139692,7.675952249359374,0.9893570956192548,0.01068033419529757,0.9786767614239572,147.30489652527976,144.53952494139105,16.277233066131323
2009-05-21 00:00:00+01:00,149.19500732421875,147.6022625633184,146.53603342324936,3.515968529875636,0.2969591304615733,141.10086594612372,146.54066685267858,151.98046775923345,7.424288456423701,1.0662291400690265,0.07004190291605539,0.9961872371529711,147.30489652527976,144.53952494139105,16.277233066131323
2009-05-22 00:00:00+01:00,150.89999389648438,148.10960584534394,146.8592897546001,4.340707193642089,1.3427060950092766,141.2421186284925,146.86585707891555,152.4895955293386,7.658333342107198,1.250316090743837,0.20330308287269272,1.0470130078711444,147.30489652527976,144.53952494139105,16.277233066131323
2009-05-25 00:00:00+01:00,150.8459930419922,148.53058849098213,147.15460110922174,4.308396327301693,2.6353921769110684,141.6955337568045,147.25042797270277,152.80532218860102,7.54482590288705,1.3759873817603818,0.26317949911139005,1.1128078826489918,149.58326414673598,145.9110212911421,17.567901145340848
2009-05-26 00:00:00+01:00,151.49000549316406,148.98588341439472,147.47574217469895,4.064251111433862,2.0942651495197993,142.65159614459722,147.74757094610305,152.84354574760889,6.898218047002339,1.5101412396957699,0.3178666856374224,1.1922745540583475,149.58326414673598,145.9110212911421,17.567901145340848
2009-05-27 00:00:00+01:00,152.2030029296875,149.48082487828592,147.82590963803145,5.1740903619685525,3.63409707583574,143.74812630855382,148.27190435500373,152.79568240145363,6.102003027652139,1.6549152402544678,0.37011254895689616,1.2848026912975716,149.58326414673598,145.9110212911421,17.567901145340848
2009-05-28 00:00:00+01:00,154.17999267578125,150.20377377020827,148.29658245564255,6.533419375412137,3.9374110746308872,144.012654893553,148.7606658935547,153.50867689355638,6.383422622481569,1.907191314565722,0.4979108986145202,1.4092804159512018,149.58326414673598,145.9110212911421,17.567901145340848
2009-05-29 00:00:00+01:00,154.75,150.90319319017624,148.7746133848542,6.995390887606732,4.545393939364544,143.97195418014763,149.18104698544457,154.3901397907415,6.983585261745989,2.1285798053220333,0.5754395114966653,1.553140293825368,149.58326414673598,145.9110212911421,17.567901145340848
2009-06-01 00:00:00+01:00,158.72000122070312,152.10577904102652,149.51130878010227,9.668683895678981,3.978696713061794,143.1388985652165,149.69961838495163,156.26033820468678,8.765179083976408,2.594470260924254,0.8330639736791088,1.7614062872451453,152.22684528727711,147.568590759316,21.847010382074853
2009-06-02 00:00:00+01:00,158.4499969482422,153.08181256521354,150.1734338295941,8.956571053218397,6.706571053218397,142.65982780526252,150.17347571963356,157.6871236340046,10.006624509908319,2.9083787356194364,0.9175779586994328,1.9908007769200036,152.22684528727711,147.568590759316,21.847010382074853
2009-06-03 00:00:00+01:00,156.6929931640625,153.6373788111903,150.65636415066584,9.783638290740413,5.013634018279475,142.54866645199309,150.53599911644346,158.52333178089384,10.611857245218761,2.9810146605244654,0.7921711068835693,2.188843553640896,152.22684528727711,147.568590759316,21.847010382074853
2009-06-04 00:00:00+01:00,155.67999267578125,153.95162709805044,151.02848478215586,7.521518269601955,4.18152193171133,142.60618180325272,150.8526654924665,159.0991491816803,10.93316271514687,2.92314231589458,0.5874390098029472,2.335703306091633,152.22684528727711,147.568590759316,21.847010382074853
2009-06-05 00:00:00+01:00,157.91000366210938,154.56060810790567,151.53822692141168,6.881771247533635,3.35677735104926,142.5533911687135,151.27742731003534,160.00146345135718,11.533824042951737,3.0223811864939876,0.5493423043218835,2.473038882172104,152.22684528727711,147.568590759316,21.847010382074853
2009-06-08 00:00:00+01:00,157.89999389648438,155.074359767687,152.00946891956522,6.41052924938009,3.5405341321925903,142.5135576824089,151.65504600888207,160.79653433535523,12.055633580352836,3.0648908481217916,0.4734815727597499,2.5914092753620417,155.36323072048944,149.5782208775443,26.512839320462938
2009-06-09 00:00:00+01:00,158.93299865722656,155.66799651992386,152.52232297420682,6.637680687902559,4.127670922277559,142.74340650073574,152.1952841622489,161.64716182376205,12.420723432451307,3.1456735457170453,0.44341141628400305,2.7022621294330422,155.36323072048944,149.5782208775443,26.512839320462938
2009-06-10 00:00:00+01:00,160.52000427246094,156.4144592510834,153.11474381111452,8.130251306072978,5.3452629027526655,143.0110787186354,152.82604617164247,162.64101362464956,12.844626552706426,3.299715439968878,0.47796264842866876,2.8217527915402094,155.36323072048944,149.5782208775443,26.512839320462938
2009-06-11 00:00:00+01:00,161.88900756835938,157.25669745374125,153.76468927461414,8.28531377714367,6.184315852338983,143.86242524398713,153.65576099214098,163.44909674029483,12.747111705957774,3.4920081791271116,0.5362043100695217,2.95580386905759,155.36323072048944,149.5782208775443,26.512839320462938
2009-06-12 00:00:00+01:00,161.6300048828125,157.92951398129068,154.3473052455918,8.202697806166015,6.1326904819472645,144.6234824918371,154.38909476143974,164.15470703104236,12.650650338603695,3.5822087356988845,0.5011238933130358,3.081084842385849,155.36323072048944,149.5782208775443,26.512839320462938
2009-06-15 00:00:00+01:00,159.36000061035156,158.14958884730004,154.71861601335178,7.031383986648223,4.121380324538848,146.24458899252687,155.10719008672805,163.96979118092923,11.427711493252719,3.4309728339482604,0.27991039324992917,3.151062440698331,156.34882292173253,150.8270475127835,29.5346811823404
2009-06-16 00:00:00+01:00,158.17100524902344,158.1528836783344,154.97434854932746,5.365647788563166,1.5366530375866034,147.28087667381823,155.60057140531995,163.92026613682168,10.693655757638533,3.1785351290069457,0.02197815064689168,3.156556978360054,156.34882292173253,150.8270475127835,29.5346811823404
2009-06-17 00:00:00+01:00,156.8719940185547,157.95582373067597,155.11491488038132,4.215086950673367,0.49508572997024203,148.24260621195637,155.9874282110305,163.73225021010464,9.930059220665408,2.840908850294653,-0.2525185024523209,3.093427352746974,156.34882292173253,150.8270475127835,29.5346811823404
2009-06-18 00:00:00+01:00,158.02000427246094,157.96569766018135,155.33010668720203,3.101900148735467,-0.30810351337390784,149.1884117866544,156.39580935523622,163.60320692381805,9.216867892170946,2.6355909729793154,-0.36626910381412703,3.0018600767934425,156.34882292173253,150.8270475127835,29.5346811823404
2009-06-19 00:00:00+01:00,159.89999389648438,158.26328169653567,155.66861685085257,4.2313770456318025,1.7363819284443025,150.32001188311156,156.9055706205822,163.49112935805286,8.394295640905414,2.5946648456830985,-0.32575618488827507,2.9204210305713736,156.34882292173253,150.8270475127835,29.5346811823404
2009-06-22 00:00:00+01:00,156.66000366210938,158.01662353739317,155.74205291094566,2.8879519718668405,0.6719485538980905,151.16236205674738,157.1798567998977,163.197351543048,7.656826855124384,2.274570626447513,-0.5166803232990884,2.7912509497466016,156.7025498351915,151.76746981983007,30.353331999539687
2009-06-23 00:00:00+01:00,156.34100341796875,157.7588358267125,155.7864196151696,1.0335877090491579,-1.7264220565758421,152.10964755023133,157.4415239606585,162.77340037108564,6.773151423203306,1.9724162115429067,-0.6550677905629558,2.6274840021058625,156.7025498351915,151.76746981983007,30.353331999539687
2009-06-24 00:00:00+01:00,157.4199981689453,157.70670695628678,155.9074254339678,2.3025812798993854,0.23257395568063544,153.10186351493516,157.72390456426712,162.34594561359907,5.860926486826391,1.799281522318978,-0.6625619838295078,2.461843506148486,156.7025498351915,151.76746981983007,30.353331999539687
2009-06-25 00:00:00+01:00,157.03599548339844,157.60352057584242,155.9910232154071,2.5189712914288407,-0.061030539625846814,154.02521056832805,157.95404706682478,161.88288356532152,4.974657593717221,1.6124973604353272,-0.6794769165705268,2.291974277005854,156.7025498351915,151.76746981983007,30.353331999539687
2009-06-26 00:00:00+01:00,157.38999938964844,157.57067116258182,156.0946510801657,2.0753470887796084,0.5803519715921084,154.54462302472163,158.10690452938988,161.66918603405813,4.506168171809436,1.4760200824161132,-0.6527633556717927,2.128783438087906,156.7025498351915,151.76746981983007,30.353331999539687
2009-06-29 00:00:00+01:00,159.27200317382812,157.8324145489274,156.33001049451107,2.944983401973303,0.4089879185748657,155.06394111418294,158.32223801385788,161.58053491353283,4.116031886044648,1.5024040544163313,-0.5011035069372598,2.003507561353591,156.5493652954011,152.40683073354296,32.38319229139495
2009-06-30 00:00:00+01:00,158.55999755859375,157.94435039656838,156.49519472148015,3.734801006058916,1.718809795121416,155.05933113627844,158.31461879185267,161.5699064474269,4.112428378903122,1.4491556750882353,-0.44348150901228456,1.8926371841005198,156.5493652954011,152.40683073354296,32.38319229139495
2009-07-01 00:00:00+01:00,159.16000366210938,158.13137397588238,156.69258797634157,3.1864098263928042,1.5714195920178042,155.07352969398784,158.34842863537017,161.6233275767525,4.136320100685635,1.438785999540812,-0.3630809476477661,1.8018669471885782,156.5493652954011,152.40683073354296,32.38319229139495
2009-07-02 00:00:00+01:00,156.7899932861328,157.9250077159209,156.69980318447426,2.5982009659163623,-0.019810508693012707,155.08724035072026,158.3530476888021,161.61885502688392,4.124716746216143,1.22520453144665,-0.4613299325935425,1.6865344640401925,156.5493652954011,152.40683073354296,32.38319229139495
2009-07-03 00:00:00+01:00,156.94000244140625,157.77346844291867,156.71759572202478,1.07239756410803,-0.3176018255404074,155.30331734825896,158.41304815383185,161.52277895940475,3.92610437311085,1.0558727208938876,-0.5045293945170439,1.5604021154109315,156.5493652954011,152.40683073354296,32.38319229139495
2009-07-06 00:00:00+01:00,154.8300018310547,157.32062742570884,156.5777739523233,-0.1377715109170481,-3.5277709005654856,154.80494299385242,158.2663813999721,161.72781980609176,4.3741928961803875,0.7428534733855372,-0.6540389136203155,1.3968923870058527,154.2729106038351,152.0229979459944,30.864968166410492
2009-07-07 00:00:00+01:00,152.67799377441406,156.6063760947404,156.28890134655225,-0.978903787958501,-3.7489080604194385,153.8156638175015,158.01771472749255,162.2197656374836,5.318455487396002,0.3174747481881468,-0.8635341110541648,1.1810088592423116,154.2729106038351,152.0229979459944,30.864968166410492
2009-07-08 00:00:00+01:00,148.88499450683594,155.41847123506278,155.74046380286956,-2.9794622159554933,-8.881470272596118,151.84109213395848,157.53923833937873,163.23738454479897,7.233939005271841,-0.3219925678067739,-1.2024011416392684,0.8804085738324945,154.2729106038351,152.0229979459944,30.864968166410492
2009-07-09 00:00:00+01:00,152.02999877929688,154.89716778032957,155.46561454186417,-3.138618692254795,-7.30161307702042,151.14295876470345,157.13495236351378,163.1269459623241,7.626557311003006,-0.5684467615346023,-1.1590842682936775,0.5906375067590751,154.2729106038351,152.0229979459944,30.864968166410492
2009-07-10 00:00:00+01:00,150.0399932861328,154.14991016583775,155.06371667106924,-2.933711788256744,-6.513713619311432,150.25297343501742,156.57071358816964,162.88845374132185,8.0701428873472,-0.9138065052314914,-1.2035552095924533,0.2897487043609618,154.2729106038351,152.0229979459944,30.864968166410492
2009-07-13 00:00:00+01:00,151.16900634765625,153.6913095784252,154.77521961007568,-3.355221441130368,-7.6032225397631805,149.77943614219313,156.07257080078125,162.36570545936937,8.064369832955444,-1.0839100316504755,-1.0989269888091497,0.015016957158674293,154.31860828992652,152.36399876258227,29.59978139559054
2009-07-14 00:00:00+01:00,152.42999267578125,153.4972608241723,154.60149909642425,-1.651502148182061,-3.905499950916436,149.44679889383357,155.74257042294457,162.03834195205556,8.084843485007074,-1.104238272251962,-0.8954041835285089,-0.20883408872345294,154.31860828992652,152.36399876258227,29.59978139559054
2009-07-15 00:00:00+01:00,154.72900390625,153.68675975987654,154.61094389715208,0.5190609856604169,-2.240948779964583,149.36564177583227,155.57866559709822,161.79168941836417,7.986986901347779,-0.9241841372755459,-0.5722800388416744,-0.3519040984338715,154.31860828992652,152.36399876258227,29.59978139559054
2009-07-16 00:00:00+01:00,153.91400146484375,153.7217200221792,154.55931853179592,0.43068696136813855,-1.5093154800381114,149.2143432881712,155.43780880882628,161.66127432948136,8.007659871620236,-0.8375985096167256,-0.38855552894628326,-0.4490429806704423,154.31860828992652,152.36399876258227,29.59978139559054
2009-07-17 00:00:00+01:00,154.02000427246094,153.76760990683792,154.51936932740074,0.06463030638832379,-2.082372867439801,149.107361659295,155.24733261835007,161.38730357740513,7.9099213564579145,-0.75175942056282,-0.2421731519139021,-0.5095862686489179,154.31860828992652,152.36399876258227,29.59978139559054
2009-07-20 00:00:00+01:00,155.5399932861328,154.0402842728833,154.59497110212163,1.156035977956492,0.9150234047143044,149.25872331950038,155.03971354166666,160.82070376383294,7.457431505912386,-0.5546868292383351,-0.0360804484715338,-0.5186063807668013,154.6824067473208,152.79914231965756,26.047595917811726
2009-07-21 00:00:00+01:00,153.53599548339844,153.96270138219333,154.51652846369768,-0.4065278533461196,-0.9805329802992446,149.12363289673485,154.89095124744233,160.65826959814981,7.446940320605356,-0.5538270815043518,-0.028176560590040367,-0.5256505209143114,154.6824067473208,152.79914231965756,26.047595917811726
2009-07-22 00:00:00+01:00,153.88999938964844,153.95151646026335,154.470118902657,-0.4101213440632421,-0.6701158508991796,149.02986510296805,154.77423676990327,160.5186084368385,7.4229042078561855,-0.5186024423936431,0.005638462816534684,-0.5242409052101777,154.6824067473208,152.79914231965756,26.047595917811726
2009-07-23 00:00:00+01:00,156.75,154.3820523894536,154.63899898394166,2.4209985746520886,2.079003335394276,149.04988611345874,154.74233209519159,160.43477807692443,7.357322207385462,-0.25694659448805623,0.2138354485776972,-0.47078204306575344,154.6824067473208,152.79914231965756,26.047595917811726
2009-07-24 00:00:00+01:00,155.75999450683594,154.5940434844355,154.72203568934123,1.0379588174947116,1.0379588174947116,149.06157345989035,154.6815701439267,160.30156682796306,7.266536897455991,-0.12799220490572338,0.27423187052802406,-0.40222407543374744,154.6824067473208,152.79914231965756,26.047595917811726
2009-07-27 00:00:00+01:00,156.8300018310547,154.93803707622308,154.87818132946816,2.042823919555275,1.9198228209224624,149.08144368055926,154.65490359351747,160.2283635064757,7.207608402261913,0.05985574675491989,0.36966385775093386,-0.30980811099601396,155.99860339958107,153.63226437457814,22.511052376575744
2009-07-28 00:00:00+01:00,154.8800048828125,154.9291090464676,154.87831640749366,0.13569116086571853,-0.17432165651709397,149.26525434868805,154.44576081775483,159.62626728682162,6.708512349755918,0.05079263897394526,0.28848059997596737,-0.2376879610020221,155.99860339958107,153.63226437457814,22.511052376575744
2009-07-29 00:00:00+01:00,155.4600067138672,155.01078561068292,154.92140457833614,0.6486027458826129,0.4286015251794879,149.42759353978403,154.2981422061012,159.16869087241838,6.313165663150269,0.08938103234677897,0.26165519467904086,-0.1722741623322619,155.99860339958107,153.63226437457814,22.511052376575744
2009-07-30 00:00:00+01:00,157.72999572753906,155.42912562866078,155.129448367166,2.6705546845918207,2.270545529318383,149.5992114883399,154.23004659016928,158.86088169199866,6.005101086605713,0.2996772614947929,0.37756113906164385,-0.07788387756685093,155.99860339958107,153.63226437457814,22.511052376575744
2009-07-31 00:00:00+01:00,158.0800018310547,155.83695273672137,155.3480078830096,2.731993948045101,2.731993948045101,149.49516922178677,154.2914755684989,159.08778191521102,6.217201992579002,0.48894485371178575,0.4534629850229094,0.0354818686888764,155.99860339958107,153.63226437457814,22.511052376575744
2009-08-03 00:00:00+01:00,161.1649932861328,156.65665128278468,155.77889569064834,5.601109192164159,5.381107971461034,148.96947749141833,154.49266560872397,160.0158537260296,7.150097508569042,0.8777555921363387,0.6738189787579698,0.20393661337836888,158.11806714268945,154.87865441091074,23.264664728795175
2009-08-04 00:00:00+01:00,161.5399932861328,157.40793466791516,156.20564366068422,5.454360001425158,5.094359391073596,148.5244614484082,154.81218901134673,161.09991657428526,8.123039410647024,1.20229100723094,0.7986835150820569,0.40360749214888314,158.11806714268945,154.87865441091074,23.264664728795175
2009-08-05 00:00:00+01:00,161.05499267578125,157.96902051527917,156.56485469883955,4.825144690808884,4.490137976941696,148.4690768830191,155.21109372093565,161.9531105588522,8.687545041127612,1.4041658164396154,0.8004466594325857,0.6037191570070296,158.11806714268945,154.87865441091074,23.264664728795175
2009-08-06 00:00:00+01:00,160.4600067138672,158.35224916121578,156.8533844777305,3.626611249808576,3.3066191843788886,149.29199861271582,155.76228477841332,162.23257094411082,8.307898378483726,1.4988646834852943,0.7161164211826118,0.7827482623026826,158.11806714268945,154.87865441091074,23.264664728795175
2009-08-07 00:00:00+01:00,162.52000427246094,158.99344225525348,157.27313409215498,5.246870180305962,5.246870180305962,149.41260354521168,156.26180884951637,163.11101415382106,8.766320260506683,1.7203081630985082,0.7500479206366605,0.9702602424618477,158.11806714268945,154.87865441091074,23.264664728795175
2009-08-10 00:00:00+01:00,159.81700134277344,159.12014365333349,157.4615687033119,2.389429221492776,2.058435569149026,150.31812433123372,156.72738066173736,163.136636992241,8.178859754361175,1.658574950021574,0.550651766047781,1.107923183973793,157.4820469997487,155.06884759704738,19.715030518005733
2009-08-11 00:00:00+01:00,158.11000061035156,158.96473703133626,157.50960069642596,0.900402965683412,0.6003999139255995,151.1316201111115,157.05790419805618,162.98418828500087,7.54662316068017,1.4551363349102928,0.27777052074919983,1.177365814161093,157.4820469997487,155.06884759704738,19.715030518005733
2009-08-12 00:00:00+01:00,158.7100067138672,158.92554775172562,157.59851966068086,1.2214876635378857,0.9414736254519482,151.77094485790465,157.3569524855841,162.94296011326352,7.099791320871171,1.3270280910447525,0.11972982150692757,1.207298269537825,157.4820469997487,155.06884759704738,19.715030518005733
2009-08-13 00:00:00+01:00,157.80999755859375,158.75392464508994,157.6141846901559,0.39580981668004256,0.19581286843785506,152.04097242518282,157.503666469029,162.9663605128752,6.936592863278347,1.1397399549340435,-0.05404665168302514,1.1937866066170686,157.4820469997487,155.06884759704738,19.715030518005733
2009-08-14 00:00:00+01:00,156.8699951171875,158.46408933310494,157.5590595366027,-0.6890644194151889,-0.6890644194151889,152.41147130422985,157.6444280715216,162.87738483881333,6.63893653750655,0.905029796502248,-0.2310054480918564,1.1360352445941044,157.4820469997487,155.06884759704738,19.715030518005733
2009-08-17 00:00:00+01:00,154.3699951171875,157.83422868450225,157.32283254257194,-2.9528374253844447,-3.2528252183531947,152.47237444830074,157.66109430222284,162.84981415614493,6.582118279574747,0.5113961419303052,-0.49971128213103944,1.0111074240613447,157.02802970556164,155.21901152849597,18.760017816026654
2009-08-18 00:00:00+01:00,157.33999633789062,157.75819293886968,157.32410393481777,0.15589179272129172,-0.4740978313021458,152.64229121605854,157.74680873325892,162.8513262504593,6.471785462020767,0.43408900405191275,-0.46161473600754555,0.8957037400594583,157.02802970556164,155.21901152849597,18.760017816026654
2009-08-19 00:00:00+01:00,155.78799438476562,157.4550854690075,157.2103180422213,-1.3373169435884904,-1.8503174318697404,153.02045350252214,157.85404677618118,162.6876400498402,6.1241296911602285,0.24476742678621122,-0.5207490506185977,0.7655164774048089,157.02802970556164,155.21901152849597,18.760017816026654
2009-08-20 00:00:00+01:00,155.52999877929688,157.15891828597512,157.08584994867135,-1.4348489721088526,-1.7328531224994776,153.30883710720795,157.93214198521204,162.55544686321613,5.854799181330669,0.07306833730376638,-0.553958512080834,0.6270268493846004,157.02802970556164,155.21901152849597,18.760017816026654
2009-08-21 00:00:00+01:00,155.6199951171875,156.92216087539242,156.97726810930217,-1.3572729921146731,-1.3572729921146731,153.17562307751862,157.87833222888764,162.58104138025666,5.957383872729493,-0.055107233909751585,-0.5457072666354816,0.49060003272573,157.02802970556164,155.21901152849597,18.760017816026654
2009-08-24 00:00:00+01:00,154.8000030517578,156.5956750563717,156.81598921615074,-1.81598921615074,-2.095987995447615,153.03081103085202,157.8326183500744,162.63442566929677,6.08468308948904,-0.22031415977903634,-0.568731354003813,0.3484171942247767,155.31202143131193,154.74201057911262,20.15330332240771
2009-08-25 00:00:00+01:00,153.2100067138672,156.0748030036787,156.54887940116677,-2.5988824529245846,-3.448873297651147,152.48170341714922,157.66023763020834,162.83877184326747,6.569233043026817,-0.4740763974880622,-0.6579948733702711,0.1839184758822089,155.31202143131193,154.74201057911262,20.15330332240771
2009-08-26 00:00:00+01:00,152.63999938964844,155.54637167844328,156.2593327336469,-3.2693272404828235,-3.6493321232953235,152.06723181540636,157.55357070196243,163.0399095885185,6.964410723428604,-0.712961055203607,-0.7175036248686527,0.004542569665045709,155.31202143131193,154.74201057911262,20.15330332240771
2009-08-27 00:00:00+01:00,152.50599670410156,155.07862168239072,155.98130784256946,-3.3163145564366516,-3.831313946085089,151.5786204561936,157.41290355864027,163.24718666108694,7.412712643691575,-0.9026861601787459,-0.7257829838750333,-0.17690317630371263,155.31202143131193,154.74201057911262,20.15330332240771
2009-08-28 00:00:00+01:00,152.86000061035156,154.73729536361546,155.7500998994422,-2.8900992890906423,-3.60010600295783,151.03665567149102,157.18099902925036,163.3253423870097,7.818175728245521,-1.0128045358267457,-0.6687210876184264,-0.34408344820831926,155.31202143131193,154.74201057911262,20.15330332240771
2009-08-31 00:00:00+01:00,151.27999877929688,154.2054035814126,155.41898129794995,-3.853978856543705,-4.1589867911140175,150.23810142857735,156.85718936011904,163.47627729166072,8.439636026303285,-1.213577716537344,-0.6955954146632198,-0.5179823018741242,154.5096805473069,154.47958032199608,23.06774187023953
2009-09-01 00:00:00+01:00,149.46099853515625,153.47549511275778,154.97764924144673,-4.9936557111732895,-5.7476535139076645,149.26743954034052,156.2998562767392,163.3322730131379,8.998622140697723,-1.502154128688943,-0.7873374614518551,-0.7148166672370879,154.5096805473069,154.47958032199608,23.06774187023953
2009-09-02 00:00:00+01:00,150.05099487304688,152.94864892203302,154.61271188082452,-4.49570748629327,-4.80271432223077,148.64888149580966,155.7527611142113,162.85664073261293,9.121995099903828,-1.6640629587915043,-0.7593970332435331,-0.9046659255479712,154.5096805473069,154.47958032199608,23.06774187023953
2009-09-03 00:00:00+01:00,151.3000030517578,152.69501109583683,154.36732604163439,-2.89732482093126,-3.08732726233751,148.3583332535729,155.2882377987816,162.2181423439903,8.925214998174281,-1.6723149457975524,-0.6141192161996649,-1.0581957295978874,154.5096805473069,154.47958032199608,23.06774187023953
2009-09-04 00:00:00+01:00,152.41000366210938,152.6511637983403,154.2223391987066,-1.8123355365972316,-1.8123355365972316,148.27775982780224,154.9049043201265,161.53204881245074,8.55640371285933,-1.5711754003663145,-0.4103837366147416,-1.160791663751573,154.5096805473069,154.47958032199608,23.06774187023953
2009-09-07 00:00:00+01:00,151.82000732421875,152.52329357155236,154.0443886894853,-2.104386248079038,-2.2543954033524756,148.59472515633794,154.39538065592447,160.196036155511,7.51402726550931,-1.52109511793293,-0.2882427633450857,-1.2328523545878443,153.17711816760564,153.91278219145423,25.496440660099193
2009-09-08 00:00:00+01:00,152.47999572753906,152.5166323647811,153.92850772934113,-1.4085034568801973,-1.5985058982864473,148.73005327638444,154.04599943615142,159.3619455959184,6.901764640723851,-1.4118753645600464,-0.14321840797776164,-1.2686569565822847,153.17711816760564,153.91278219145423,25.496440660099193
2009-09-09 00:00:00+01:00,152.2899932861328,152.48176481421982,153.80713628910348,-1.4221417822675448,-1.6271436133222323,148.7296628834539,153.76885623023622,158.80804957701855,6.554244429362476,-1.3253714748836671,-0.04537161464110584,-1.2799998602425613,153.17711816760564,153.91278219145423,25.496440660099193
2009-09-10 00:00:00+01:00,152.70599365234375,152.51626155854657,153.72557016786203,-0.9735712664948437,-1.1855768817292187,148.94079183745257,153.48295084635416,158.02510985525575,5.918779882527241,-1.2093086093154568,0.05655300074168368,-1.2658616100571405,153.17711816760564,153.91278219145423,25.496440660099193
2009-09-11 00:00:00+01:00,151.0500030517578,152.29068332673293,153.52738001111356,-2.4773769593557518,-2.4773769593557518,148.94466844904193,153.16104634602866,157.37742424301538,5.505809731099497,-1.2366966843806324,0.023331940541206464,-1.2600286249218389,153.17711816760564,153.91278219145423,25.496440660099193
2009-09-14 00:00:00+01:00,150.8800048828125,152.0736558738221,153.33127814975794,-2.391275708351685,-2.7212775394063726,148.89796646646332,152.8758087158203,156.8536509651773,5.204017931641987,-1.2576222759358302,0.0019250791888070218,-1.2595473551246372,151.61174638094283,153.13681370804895,29.269197742438863
2009-09-15 00:00:00+01:00,149.8800048828125,151.73617110597448,153.07562827813234,-3.0826320623120296,-3.257635114069842,148.54804664987864,152.66199965704055,156.77595266420246,5.38962284838928,-1.3394571721578643,-0.06392785362658171,-1.2755293185312826,151.61174638094283,153.13681370804895,29.269197742438863
2009-09-16 00:00:00+01:00,149.94000244140625,151.45983746527168,152.8433596976341,-2.8133609183372243,-3.203360307985662,148.61220161577668,152.3096189953032,156.0070363748297,4.855133121487922,-1.3835222323624237,-0.0863943310649129,-1.2971279012975108,151.61174638094283,153.13681370804895,29.269197742438863
2009-09-17 00:00:00+01:00,149.8300018310547,151.20909352154598,152.6201480038134,-2.620148003813398,-2.7901461727587105,148.53084077145436,152.0259050641741,155.52096935689386,4.597985180544577,-1.4110544822674171,-0.0911412647759251,-1.319913217491492,151.61174638094283,153.13681370804895,29.269197742438863
2009-09-18 00:00:00+01:00,148.50999450683594,150.7938475192829,152.3156921892225,-3.805697682386551,-3.805697682386551,148.25879422709244,151.69161914643786,155.12444406578328,4.52605745612286,-1.5218446699395827,-0.16154516195847246,-1.3602995079811102,151.61174638094283,153.13681370804895,29.269197742438863
2009-09-21 00:00:00+01:00,149.24000549316406,150.55479489988,152.08786354507,-2.787860493312195,-2.977862934718445,148.2861214938058,151.38781011672248,154.48949873963915,4.0976728846598895,-1.5330686451900135,-0.1382153097671226,-1.394853335422891,147.9544973838447,151.351554519706,36.143554955569016
2009-09-22 00:00:00+01:00,148.61000061035156,150.2555957784141,151.8302440684242,-2.693250660221082,-3.5612468760413947,148.17329379931846,151.09304809570312,154.0128023920878,3.8648426690489157,-1.574648290010117,-0.14383596366978102,-1.430812326340336,147.9544973838447,151.351554519706,36.143554955569016
2009-09-23 00:00:00+01:00,149.3000030517578,150.10858151277466,151.6428188079304,-2.182812094063223,-2.352825521797598,148.05290253984987,150.9068574451265,153.7608123504031,3.7824058543057166,-1.534237295155748,-0.08273997505232944,-1.4514973201034185,147.9544973838447,151.351554519706,36.143554955569016
2009-09-24 00:00:00+01:00,144.83799743652344,149.29772242412062,151.13875796560396,-4.708765289822708,-6.638757965603958,146.78883782759982,150.53533354259673,154.28182925759364,4.977563242900407,-1.8410355414833361,-0.31163057710393405,-1.529404964379402,147.9544973838447,151.351554519706,36.143554955569016
2009-09-25 00:00:00+01:00,143.44000244140625,148.39653473447225,150.56847977862634,-7.12847733722009,-7.12847733722009,145.3982729940521,150.10361953008743,154.80896606612276,6.269464454975618,-2.1719450441540857,-0.5140320638197469,-1.6579129803343389,147.9544973838447,151.351554519706,36.143554955569016
2009-09-28 00:00:00+01:00,142.74000549316406,147.52629946657868,149.988592794518,-7.178595235924263,-7.619589498619575,144.13606610184559,149.62171500069755,155.1073638995495,7.3326908448100445,-2.462293327939335,-0.643504278083997,-1.818789049855338,146.25633179268033,150.13847538979823,41.87218596651054
2009-09-29 00:00:00+01:00,144.02000427246094,146.98686943671441,149.5464751262175,-5.476467801998751,-5.776470853756564,143.35422226623342,149.2760009765625,155.19777968689158,7.9339996671787105,-2.559605689503087,-0.5926533117181991,-1.9669523777848879,146.25633179268033,150.13847538979823,41.87218596651054
2009-09-30 00:00:00+01:00,143.79400634765625,146.49565973070546,149.12036632780556,-5.180363886399306,-5.350362055344618,142.64266288768576,149.00614420572916,155.36962552377256,8.541233453108475,-2.6247065971001007,-0.5262033754521704,-2.0985032216479302,146.25633179268033,150.13847538979823,41.87218596651054
2009-10-01 00:00:00+01:00,142.36099243164062,145.85955706931085,148.61967196512668,-6.04267611551731,-6.46967806864231,141.70016812626568,148.63995361328125,155.57973910029682,9.337712126943892,-2.760114895815832,-0.5292893393343214,-2.2308255564815105,146.25633179268033,150.13847538979823,41.87218596651054
2009-10-02 00:00:00+01:00,142.2899932861328,145.31039341036038,148.1508068777938,-5.040806267442235,-5.870808098496923,140.8789964762498,148.21090552920387,155.54281458215794,9.893886049443745,-2.8404134674334216,-0.4876703287615287,-2.352743138671893,146.25633179268033,150.13847538979823,41.87218596651054
2009-10-05 00:00:00+01:00,142.8800048828125,144.9364874830453,147.76037710038779,-4.801377466598723,-5.180375269333098,140.34173302373839,147.75709606352308,155.17245910330777,10.037234403411277,-2.8238896173424735,-0.37691718293646437,-2.446972434406009,145.01088928594052,149.05012237303575,46.97810140639915
2009-10-06 00:00:00+01:00,141.35000610351562,144.38472111696382,147.2855348043232,-5.855542128541941,-6.125531142213816,139.59900255914653,147.2585245768229,154.9180465944993,10.402823252083454,-2.900813687359374,-0.36307300236269224,-2.537740684996682,145.01088928594052,149.05012237303575,46.97810140639915
2009-10-07 00:00:00+01:00,141.27999877929688,143.90707152655352,146.84068028395086,-5.34068028395086,-5.560681504653985,139.03457698847723,146.7251913888114,154.41580578914557,10.483018393146388,-2.9336087573973373,-0.3166944579205242,-2.616914299476813,145.01088928594052,149.05012237303575,46.97810140639915
2009-10-08 00:00:00+01:00,142.4709930419922,143.68613637508255,146.5169997475095,-4.0460067055173,-4.4369979164548,138.78635134888142,146.2576199486142,153.728888548347,10.216587145829008,-2.8308633724269328,-0.17115925836009582,-2.659704114066837,145.01088928594052,149.05012237303575,46.97810140639915
2009-10-09 00:00:00+01:00,142.2899932861328,143.47134513062875,146.20388815777787,-3.9138948716450557,-3.9138948716450557,138.6966366957196,145.7616199311756,152.8266031666316,9.693886825341098,-2.73254302714912,-0.05827113046582655,-2.6742718966832935,145.01088928594052,149.05012237303575,46.97810140639915
2009-10-12 00:00:00+01:00,141.85000610351562,143.22190835722674,145.88137837598066,-3.9633791084025347,-4.151382648441597,138.48732301344256,145.32352483840216,152.15972666336177,9.408252149899843,-2.6594700187539217,0.011841502343497456,-2.671311521097419,146.2472599308614,149.0029622084168,41.755080678774426
2009-10-13 00:00:00+01:00,143.06900024414062,143.19838403213657,145.67305406991844,-2.479053825777811,-2.7260478443324985,138.52758774435367,144.95157223656065,151.37555672876763,8.863628580341377,-2.4746700377818627,0.1573131866524453,-2.631983224434308,146.2472599308614,149.0029622084168,41.755080678774426
2009-10-14 00:00:00+01:00,143.0500030517578,143.17555618900138,145.47875399449913,-2.3487491116866295,-2.468759487663192,138.55124961255967,144.62633405412947,150.70141849569927,8.401076444758768,-2.3031978054977458,0.26302833514924995,-2.5662261406469957,146.2472599308614,149.0029622084168,41.755080678774426
2009-10-15 00:00:00+01:00,148.36000061035156,143.97316302305526,145.69217966974745,2.8948259454869287,1.8518266779088037,138.70633858949824,144.5510958716983,150.39585315389834,8.08676993689177,-1.7190166466921823,0.6777675951638509,-2.3967842418560332,146.2472599308614,149.0029622084168,41.755080678774426
2009-10-16 00:00:00+01:00,148.6999969482422,144.7003682423148,145.91498094963595,2.785015998606241,2.785015998606241,138.82980221762728,144.4972861153739,150.16477001312052,7.84441569819023,-1.2146127073211517,0.9457372276279052,-2.160349934949057,146.2472599308614,149.0029622084168,41.755080678774426
2009-10-19 00:00:00+01:00,148.91000366210938,145.34800446074473,146.13683448389324,2.7901674692317613,2.4631716196223863,138.79262258394627,144.5163341703869,150.24004575682753,7.9211967550910725,-0.7888300231485061,1.0972159294404407,-1.8860459525889468,147.4515068240248,149.12539626583603,35.27657581952711
2009-10-20 00:00:00+01:00,148.71299743652344,145.86569568778762,146.32766136927324,2.552343513539256,2.1523343582658185,138.84651448159406,144.49123854864212,150.13596261569018,7.813240614098269,-0.4619656814856228,1.1392642168826592,-1.601229898368282,147.4515068240248,149.12539626583603,35.27657581952711
2009-10-21 00:00:00+01:00,150.91700744628906,146.6428205737109,146.66761293053366,4.518391708138211,4.062382797005398,138.5638601391228,144.6010960170201,150.6383318949174,8.350193801002305,-0.02479235682275771,1.2611500332364194,-1.285942390059177,147.4515068240248,149.12539626583603,35.27657581952711
2009-10-22 00:00:00+01:00,151.92999267578125,147.45623166633712,147.05741883758904,4.91157530303596,4.672576889950022,138.21397518631784,144.72633361816406,151.2386920500103,8.999548691709387,0.39881282874807766,1.3478041750458039,-0.9489913462977262,147.4515068240248,149.12539626583603,35.27657581952711
2009-10-23 00:00:00+01:00,150.0500030517578,147.8552734179403,147.27909174234227,2.7709113094155384,2.7709113094155384,138.07811838691308,144.97452436174666,151.87093033658024,9.513955648684007,0.5761816755980362,1.22013841751661,-0.6439567419185737,147.4515068240248,149.12539626583603,35.27657581952711
2009-10-26 00:00:00+00:00,150.27999877929688,148.22830808891825,147.50138115248706,3.6266248289582563,1.6386182371613813,138.08573458116282,145.30023847307478,152.51474236498674,9.930477702896352,0.7269269364311981,1.0967069426798175,-0.3697800062486193,147.35767060566496,148.84605368056592,31.531438639670736
2009-10-27 00:00:00+00:00,150.2100067138672,148.53318480044885,147.70202008295965,3.3939729590325385,2.2179780859856635,138.2474449237331,145.6559528169178,153.06446071010248,10.172612584528986,0.8311647174892016,0.9607557789902567,-0.12959106150105507,147.35767060566496,148.84605368056592,31.531438639670736
2009-10-28 00:00:00+00:00,148.2899932861328,148.4957707213233,147.74557365356506,2.6144269567865024,0.5444196325677524,138.4072797481295,145.85928562709265,153.3112915060558,10.218075382619283,0.7501970677582506,0.7038305034074445,0.04636656435080608,147.35767060566496,148.84605368056592,31.531438639670736
2009-10-29 00:00:00+00:00,151.51699829101562,148.96057496281443,148.02493844152437,3.6715642440225054,-0.37494454503999464,138.46328307796355,146.22704714820497,153.9908112184464,10.618779797109138,0.9356365212900641,0.7114159655514064,0.2242205557386577,147.35767060566496,148.84605368056592,31.531438639670736
2009-10-30 00:00:00+00:00,148.1199951171875,148.83125498656415,148.03197967675868,3.499514463866319,-0.39198028711024335,138.89794393664627,146.50128537132628,154.10462680600628,10.379897234905975,0.7992753098054663,0.4600438032534469,0.33923150655201945,147.35767060566496,148.84605368056592,31.531438639670736
2009-11-02 00:00:00+00:00,148.14999389648438,148.72644558809034,148.04072147081243,0.8022808485235089,-1.0732226915155536,139.38851328742376,146.78033301943825,154.17215275145273,10.071948441533483,0.685724117277914,0.2771940885807157,0.40853002869719834,148.0384450359381,148.9251879971257,28.41049098979048
2009-11-03 00:00:00+00:00,148.4654998779297,148.68630009421946,148.0721865380063,0.48781102058745773,-1.6946840966000423,139.8352544300058,147.04630897158668,154.25736351316758,9.807868816311824,0.6141135562131694,0.16446682201277685,0.4496467342003926,148.0384450359381,148.9251879971257,28.41049098979048
2009-11-04 00:00:00+00:00,150.15199279785156,148.91179127939364,148.2262462609578,2.9237476355265812,-0.40623893673904377,140.6132080963063,147.4654511951265,154.3176942939467,9.29335385785149,0.685545018435846,0.18871862738836276,0.4968263910474833,148.0384450359381,148.9251879971257,28.41049098979048
2009-11-05 00:00:00+00:00,150.44400024414062,149.14751573550856,148.39052433378615,2.162469440627916,0.21447139375291613,141.53050623101595,147.9018322172619,154.27315820350785,8.615614682699436,0.7569914017224164,0.2081320085399465,0.5488593931824699,148.0384450359381,148.9251879971257,28.41049098979048
2009-11-06 00:00:00+00:00,149.24000549316406,149.161744928994,148.45344886411044,2.285549548975496,-0.03345069516512922,142.31642732816013,148.22416614350817,154.1319049588562,7.971357126243862,0.7082960648835694,0.1275493373608796,0.5807467275226899,148.0384450359381,148.9251879971257,28.41049098979048
2009-11-09 00:00:00+00:00,150.7100067138672,149.39993904974372,148.62060129742576,2.9693950404648604,0.5844005336289229,143.26528263378398,148.6251191638765,153.984955693969,7.212558092798115,0.7793377523179572,0.15887281983621393,0.6204649324817433,148.66229791132852,149.06587594926623,25.162433394574872
2009-11-10 00:00:00+00:00,150.13699340820312,149.51333202796823,148.73292663896484,2.2470690885742215,0.297072140332034,144.57034794788296,149.01973760695685,153.46912726603074,5.9715440793611645,0.7804053890033913,0.12795236521731845,0.6524530237860728,148.66229791132852,149.06587594926623,25.162433394574872
2009-11-11 00:00:00+00:00,148.98500061035156,149.4320502714118,148.7515987849935,2.338397552897135,-0.2116054988606777,145.73286092891254,149.30145191010973,152.87004289130692,4.7803834933175855,0.6804514864183204,0.02239877010579805,0.6580527163125224,148.66229791132852,149.06587594926623,25.162433394574872
2009-11-12 00:00:00+00:00,149.7100067138672,149.47481280102033,148.82259196491006,1.1764009550118146,-0.5825864717459979,147.4003996734689,149.61859494163878,151.83679020980864,2.9651331360719015,0.6522208361102741,-0.0046655041617985615,0.6568863402720727,148.66229791132852,149.06587594926623,25.162433394574872
2009-11-13 00:00:00+00:00,149.47000122070312,149.4740725578946,148.87054820607992,1.5009575312247705,0.1494560663810205,147.52396642046136,149.67145211356026,151.81893780665916,2.8695995966813204,0.6035243518146842,-0.042689590765910834,0.6462139425805951,148.66229791132852,149.06587594926623,25.162433394574872
2009-11-16 00:00:00+00:00,149.8699951171875,149.53498372086273,148.9445813106064,1.3074175907607923,0.17541380658110484,147.6231155075792,149.72716631208147,151.83121711658373,2.810513090345568,0.5904024102563312,-0.04464922585941111,0.6350516361157423,147.99152990638046,148.72074994172596,24.80486932333552
2009-11-17 00:00:00+00:00,150.08999633789062,149.62037027732856,149.029426868183,1.160575573223241,0.3165661738091785,147.7067523765993,149.78335643949964,151.85996050239999,2.7728101603052595,0.5909434091455523,-0.035286581576152054,0.6262299907217044,147.99152990638046,148.72074994172596,24.80486932333552
2009-11-18 00:00:00+00:00,149.61099243164062,149.6189275318381,149.0725057988095,1.217487487323325,0.31749359083895,147.80314836661572,149.82611810593377,151.84908784525183,2.7004233506039674,0.546421733028609,-0.06384660615447635,0.6102683391830853,147.99152990638046,148.72074994172596,24.80486932333552
2009-11-19 00:00:00+00:00,148.02000427246094,149.37293933808778,148.99454272278368,0.6554511737006976,-1.704549436650865,147.58793913817811,149.68816557384673,151.78839200951535,2.8061355787441955,0.37839661530409785,-0.18549737910318997,0.5638939944072878,147.99152990638046,148.72074994172596,24.80486932333552
2009-11-20 00:00:00+00:00,146.67999267578125,148.95863985157908,148.82309457115386,-0.46709176353667203,-2.373097622911672,147.21841403882914,149.43816557384673,151.65791710886432,2.970796016524541,0.13554528042521952,-0.34267897118565466,0.4782242516108742,147.99152990638046,148.72074994172596,24.80486932333552
2009-11-23 00:00:00+00:00,147.61900329589844,148.7525419199359,148.73390262483863,-0.5539099490573847,-2.063904455893322,146.99157927044016,149.32240368071058,151.653228090981,3.121868323596399,0.018639295097273134,-0.36766796521088085,0.386307260308154,146.30435082951405,147.89349890373384,29.585815165066016
2009-11-24 00:00:00+00:00,146.8800048828125,148.46445929884,148.59657686617004,-1.0355722274981645,-2.3555795517169145,146.65261651048996,149.1604992094494,151.66838190840883,3.3626633220607496,-0.13211756733002744,-0.41473986211054514,0.2826222947805177,146.30435082951405,147.89349890373384,29.585815165066016
2009-11-25 00:00:00+00:00,145.89549255371094,148.06923364574322,148.39649654672863,-0.7725036268067527,-2.7664916639161277,146.1370049766788,148.95504615420387,151.77308733172893,3.7837471777998286,-0.3272629009854029,-0.48790815661273645,0.16064525562733356,146.30435082951405,147.89349890373384,29.585815165066016
2009-11-26 00:00:00+00:00,139.8800048828125,146.80935229760004,147.76564531236448,-1.5831501951769837,-8.355641650255109,143.76891331975804,148.55457051595053,153.34022771214302,6.442961908975591,-0.9562930147644408,-0.8935506163134195,-0.06274239845102136,146.30435082951405,147.89349890373384,29.585815165066016
2009-11-27 00:00:00+00:00,142.74000549316406,146.18329894307143,147.3933756961274,-3.972873987143032,-7.533375085775845,142.94316052814173,148.1366184779576,153.33007642777346,7.011713920807016,-1.2100767530559722,-0.9178674836839606,-0.2922092693720115,146.30435082951405,147.89349890373384,29.585815165066016
2009-11-30 00:00:00+00:00,141.91000366210938,145.5258688998465,146.98719998990384,-3.117204872716343,-5.957201210606968,142.00934671172968,147.84090459914435,153.67246248655903,7.888964022814057,-1.4613310900573424,-0.9352974565482647,-0.5260336335090777,146.93956945763176,147.93871430518146,31.59754452778462
2009-12-01 00:00:00+00:00,144.00999450683594,145.29265745476795,146.76666625041733,-2.3726690580345178,-4.94366820354233,141.5915875285593,147.64376177106584,153.69593601357238,8.198347386855325,-1.4740087956493824,-0.7583801297122437,-0.7156286659371387,146.93956945763176,147.93871430518146,31.59754452778462
2009-12-02 00:00:00+00:00,145.82000732421875,145.37378820391422,146.6965433669952,-0.8005472732452006,-2.901545198049888,141.42925139878983,147.51778593517486,153.60632047155988,8.25464468272398,-1.3227551630809842,-0.48570119771507636,-0.8370539653659078,146.93956945763176,147.93871430518146,31.59754452778462
2009-12-03 00:00:00+00:00,146.10000610351562,145.48551403462213,146.65235542155227,0.18313957356491528,-0.8123590836616472,141.3262939980054,147.32483418782553,153.32337437764565,8.143284494958312,-1.1668413869301446,-0.2638299372513895,-0.9030114496787551,146.93956945763176,147.93871430518146,31.59754452778462
2009-12-04 00:00:00+00:00,149.16000366210938,146.05082013115862,146.838107143075,2.471890415518743,-1.4126005512781319,141.3682826866049,147.26369149344308,153.15910030028124,8.006601962847924,-0.7872870119163906,0.09257955020989161,-0.8798665621262822,146.93956945763176,147.93871430518146,31.59754452778462
2009-12-07 00:00:00+00:00,147.0,146.19684780328805,146.85009920655094,1.8298934692303135,-0.14009249268374901,141.32782110867984,147.15702456519716,152.98622802171448,7.922426365633291,-0.6532514032628853,0.18129212709071751,-0.8345435303536028,146.2203788653092,147.48775478739327,33.27398566338345
2009-12-08 00:00:00+00:00,143.531005859375,145.78671827345528,146.60424044009346,0.4737624895940371,-3.284233115874713,141.01757996199194,146.81516738164993,152.61275480130791,7.897804461288396,-0.8175221666381844,0.013617090972334767,-0.8311392576105192,146.2203788653092,147.48775478739327,33.27398566338345
2009-12-09 00:00:00+00:00,143.3800048828125,145.41645467489485,146.36540817659116,-2.04540085237241,-4.375402683427097,140.7189997689046,146.49340602329798,152.26781227769135,7.88350330727517,-0.9489535016963089,-0.09425139526863169,-0.8547021064276772,146.2203788653092,147.48775478739327,33.27398566338345
2009-12-10 00:00:00+00:00,143.61500549316406,145.13930864693626,146.16167464448546,-1.780677940383896,-3.711677696243271,140.45168680722742,146.23769197009858,152.02369713296974,7.913151643632663,-1.0223659975492012,-0.13413111289721924,-0.888234884651982,146.2203788653092,147.48775478739327,33.27398566338345
2009-12-11 00:00:00+00:00,144.86000061035156,145.0963381797694,146.06525434566072,-0.4642564208560316,-2.4252549560122816,140.40946641498124,146.0067392985026,151.60401218202395,7.667143188614117,-0.9689161658913292,-0.06454502499147785,-0.9043711408998514,146.2203788653092,147.48775478739327,33.27398566338345
2009-12-14 00:00:00+00:00,144.64999389648438,145.02766982849477,145.96042023831433,-0.9204269521815149,-2.7874160879237024,140.3749237142739,145.77721514020647,151.17950656613903,7.411708915877852,-0.9327504098195618,-0.022703415135768346,-0.9100469946837935,146.10358428260196,147.25664626307815,34.67101994304913
2009-12-15 00:00:00+00:00,145.5989990234375,145.11556662771673,145.9336482964716,0.09735756290339737,-1.5836421929559776,140.4910487483543,145.57383437383743,150.65661999932055,6.983103312962684,-0.8180816687548713,0.07357226074313772,-0.891653929498009,146.10358428260196,147.25664626307815,34.67101994304913
2009-12-16 00:00:00+00:00,146.6929931640625,145.3582476333084,145.9898960644413,0.9001033252071409,-0.7508976513553591,140.71274070798637,145.41207231794084,150.1114039278953,6.463468314624479,-0.631648431132902,0.20800439869208565,-0.8396528298249877,146.10358428260196,147.25664626307815,34.67101994304913
2009-12-17 00:00:00+00:00,144.85000610351562,145.28005662872488,145.9054597710394,0.9345365668512216,-1.352465996625341,140.87490350699926,145.18535868326822,149.49581385953718,5.937864830671407,-0.625403142314525,0.17139975000837016,-0.7968028923228951,146.10358428260196,147.25664626307815,34.67101994304913
2009-12-18 00:00:00+00:00,146.14999389648438,145.41389313145712,145.92357340996125,0.5664320832028125,-2.018574630664375,140.9496214795627,145.0963105701265,149.2429996606903,5.7157746799628795,-0.5096802785041348,0.22969809105500827,-0.739378369559143,146.10358428260196,147.25664626307815,34.67101994304913
2009-12-21 00:00:00+00:00,146.14300537109375,145.52606424524737,145.9398276293044,0.502173713469034,-0.45983190176534094,140.95693720762006,145.07073974609375,149.18454228456744,5.671443525653439,-0.4137633840570345,0.26049198840168686,-0.6742553724587214,146.02238972518515,147.0571254555458,35.542540885595635
2009-12-22 00:00:00+00:00,146.55999755859375,145.6851309088391,145.9857661425851,1.0182316601492687,0.03323104979770619,141.0079837834223,145.0203109014602,149.03263801949808,5.53346919903409,-0.300635233745993,0.29889611097018265,-0.5995313447161756,146.02238972518515,147.0571254555458,35.542540885595635
2009-12-23 00:00:00+00:00,146.25999450683594,145.77357146237708,146.00607935475185,0.6539243073575278,-0.24608484791590968,141.02477420445098,144.99078659784226,148.95679899123354,5.4707095346571535,-0.23250789237476965,0.29361876187312475,-0.5261266542478944,146.02238972518515,147.0571254555458,35.542540885595635
2009-12-24 00:00:00+00:00,146.0189971923828,145.81132926699334,146.0070362316134,0.42295644416785194,-0.28703501091027306,141.02494431393117,144.99666777111236,148.96839122829354,5.478365148985127,-0.195706964620058,0.26433575170226914,-0.4600427163223271,146.02238972518515,147.0571254555458,35.542540885595635
2009-12-25 00:00:00+00:00,145.72999572753906,145.79881641476962,145.98651471279308,0.3734858975584814,-0.9265171541993311,142.02256291496707,145.2752387637184,148.52791461246971,4.477949410279901,-0.18769829802346294,0.21787553463909137,-0.4055738326625543,146.02238972518515,147.0571254555458,35.542540885595635
2009-12-28 00:00:00+00:00,146.67999267578125,145.93438199338678,146.0378834507922,0.7021220423718546,-0.1878773472765829,142.36597128403164,145.46285720098587,148.5597431179401,4.257974821263489,-0.10350145740542871,0.2416579002057005,-0.3451593576111292,147.21492851796197,147.42039411954147,31.218539176688047
2009-12-29 00:00:00+00:00,146.24000549316406,145.9814009933525,146.05285545393087,1.0571451564206882,-0.08285423322774932,142.9985895125876,145.66904776436942,148.33950601615123,3.6664731358736904,-0.0714544605783658,0.2189639176262107,-0.2904183782045765,147.21492851796197,147.42039411954147,31.218539176688047
2009-12-30 00:00:00+00:00,148.5399932861328,146.37503057685717,146.23708788594584,2.623904545694785,-0.16408983907084007,143.05794286485,145.88476199195497,148.71158111905996,3.8754138383018675,0.1379426909113306,0.3426888552927257,-0.2047461643813951,147.21492851796197,147.42039411954147,31.218539176688047
2009-12-31 00:00:00+00:00,150.2100067138672,146.96502690562795,146.53137816949558,4.128625492613793,1.7086273236684804,142.72057915551804,146.09380958193825,149.46704000835845,4.617896454439838,0.4336487361323691,0.5107159204110113,-0.07706718427864226,147.21492851796197,147.42039411954147,31.218539176688047
2010-01-01 00:00:00+00:00,150.24000549316406,147.46886976524888,146.80609130458214,4.393905643660048,3.3839111368241106,142.48337051581115,146.29095241001673,150.0985343042223,5.205491975380527,0.6627784606667433,0.5918765159563084,0.07090194471043484,147.21492851796197,147.42039411954147,31.218539176688047
2010-01-04 00:00:00+00:00,148.99000549316406,147.7028906464666,146.96786272595858,3.680132269158605,1.6481345884945426,142.4990603332927,146.2828572591146,150.06665418493648,5.173260895662644,0.7350279205080312,0.5313007806380772,0.2037271398699541,147.63062088371944,147.5691957617833,27.615204419265076
2010-01-05 00:00:00+00:00,146.3800048828125,147.4993697597506,146.92431770054034,2.18568290981122,-0.805314404641905,142.48272768938668,146.25333368210565,150.02393967482462,5.156266729501989,0.5750520592102646,0.2970599354722484,0.2779921237380162,147.63062088371944,147.5691957617833,27.615204419265076
2010-01-06 00:00:00+00:00,147.92999267578125,147.56561943913994,146.9988121431508,1.4211860257945261,-1.0098137300648489,142.8343410774389,146.46280924479166,150.09127741214442,4.954797994197009,0.5668072959891504,0.23105213780090733,0.33575515818824303,147.63062088371944,147.5691957617833,27.615204419265076
2010-01-07 00:00:00+00:00,148.77999877929688,147.7524470299333,147.13075189397642,2.156250669500139,-0.07475213811704862,143.23946285186085,146.7199518112909,150.20044077072097,4.744397631627655,0.6216951359568839,0.22875198221491266,0.3929431537419712,147.63062088371944,147.5691957617833,27.615204419265076
2010-01-08 00:00:00+00:00,148.86000061035156,147.92283988845918,147.2588443914857,2.1801509698424297,0.8201503594908672,143.66815292020473,146.96971348353796,150.27127404687118,4.492844797854263,0.6639954969734845,0.21684187458521065,0.44715362238827383,147.63062088371944,147.5691957617833,27.615204419265076
2010-01-11 00:00:00+00:00,148.35000610351562,147.98855776769864,147.3396711849694,2.2113236880774707,0.7003221011634082,143.92577445010136,147.13590422130767,150.34603399251398,4.363489371537682,0.6488865827292329,0.1613863682727673,0.48750021445646563,147.72374847651608,147.61788260468703,24.612425454745935
2010-01-12 00:00:00+00:00,147.0749969482422,147.84800994932073,147.32006568595258,1.2729366333833525,-0.6670658080228975,144.23887240692693,147.25138055710565,150.26388870728437,4.091653523085897,0.5279442633681413,0.03235523912934052,0.49558902423880075,147.72374847651608,147.61788260468703,24.612425454745935
2010-01-13 00:00:00+00:00,148.82000732421875,147.99754800699733,147.4311724739723,1.578822032863627,-0.7111712532691854,144.41649880928642,147.4047619047619,150.39302500023737,4.054500081084475,0.566375533025024,0.056629207028978557,0.5097463259960454,147.72374847651608,147.61788260468703,24.612425454745935
2010-01-14 00:00:00+00:00,149.0399932861328,148.15792420378742,147.5503443859842,2.399652562257984,0.8296604968282963,144.46814962153894,147.51652381533668,150.56489800913442,4.132925742764574,0.607579817803213,0.07826679344573406,0.529313024357479,147.72374847651608,147.61788260468703,24.612425454745935
2010-01-15 00:00:00+00:00,147.72999572753906,148.09208905359537,147.56365189276605,1.575355675593329,-0.3736494513597961,144.8480134693095,147.6536661783854,150.4593188874613,3.8003156734168675,0.528437160829327,-0.0007006908225215547,0.5291378516518486,147.72374847651608,147.61788260468703,24.612425454745935
2010-01-18 00:00:00+00:00,148.2899932861328,148.12253585860114,147.61745495894135,1.2615428437930234,-0.1074604521054141,145.0212332377425,147.75557091122582,150.48990858470913,3.701163559005364,0.505080899659788,-0.01924556159364843,0.5243264612534364,146.79983093421384,147.23704163967594,23.50009562453425
2010-01-19 00:00:00+00:00,149.1929931640625,148.28722159790289,147.73416149265404,1.6758421694553363,0.29684436672096126,145.20072004361086,147.9008084251767,150.60089680674255,3.651215176327894,0.5530601052488464,0.022986915196328006,0.5300731900525184,146.79983093421384,147.23704163967594,23.50009562453425
2010-01-20 00:00:00+00:00,148.60000610351562,148.33534229107408,147.79829813049562,1.4117085833715635,-0.18829752014406154,145.35155481500797,147.9979516892206,150.64434856343323,3.5762614874154055,0.5370441605784606,0.005576776420753715,0.5314673841577069,146.79983093421384,147.23704163967594,23.50009562453425
2010-01-21 00:00:00+00:00,146.468994140625,148.04821180638962,147.699831168283,1.3591745690216896,-2.099825064767373,145.38626980559346,148.00790405273438,150.6295382998753,3.5425597895188683,0.3483806381066188,-0.14646939684087046,0.49485003494748925,146.79983093421384,147.23704163967594,23.50009562453425
2010-01-22 00:00:00+00:00,144.75,147.5407946054066,147.4813251558176,-0.2963275972238364,-2.8513202730050864,145.09675884764775,147.94747561500185,150.79819238235595,3.8536876083947704,0.059469449589016676,-0.3483044682867781,0.40777391787579476,146.79983093421384,147.23704163967594,23.50009562453425
2010-01-25 00:00:00+00:00,146.8990020751953,147.4420572930664,147.43819011280854,-0.3751865727694792,-2.728183398941354,145.28524487982426,148.00314258393786,150.72104028805146,3.6727567491645385,0.003867180257856262,-0.3231253900943508,0.3269925703522071,145.90988891708005,146.7931792458383,24.470094735662315
2010-01-26 00:00:00+00:00,144.67100524902344,147.01574159398285,147.23321345623188,0.005784956854057555,-3.143217118341255,144.8855943133763,147.90747651599702,150.92935871861775,4.0861791084562205,-0.21747186224902748,-0.43557154608098764,0.21809968383196016,145.90988891708005,146.7931792458383,24.470094735662315
2010-01-27 00:00:00+00:00,145.5,146.78255057952396,147.10482727428877,-1.4578241004606411,-3.4818261756559536,144.75756596119732,147.8722381591797,150.98691035716206,4.212653080464675,-0.3222766947648097,-0.43230110287741585,0.11002440811260616,145.90988891708005,146.7931792458383,24.470094735662315
2010-01-28 00:00:00+00:00,144.94000244140625,146.49908163519817,146.94446987926042,0.20552401722395075,-2.3844723206666742,144.36368323255502,147.7008100237165,151.037936814878,4.518765727318148,-0.44538824406225785,-0.4443301217398912,-0.001058122322366642,145.90988891708005,146.7931792458383,24.470094735662315
2010-01-29 00:00:00+00:00,144.30999755859375,146.1622994695667,146.74932378143328,-0.5853223165895258,-2.5793256124879633,143.98307862495494,147.41985720679872,150.8566357886425,4.662572121505602,-0.5870243118665712,-0.4687729516353637,-0.11825136023120755,145.90988891708005,146.7931792458383,24.470094735662315
2010-02-01 00:00:00+00:00,144.75900268554688,145.9464076566406,146.6018925891454,-1.7218877063328932,-3.5658971057469557,143.78651960993182,147.15885707310267,150.53119453627352,4.583261286808728,-0.6554849325048053,-0.4297868578188782,-0.22569807468592712,143.67292765370442,145.70829722885472,30.09953109973761
2010-02-02 00:00:00+00:00,144.55999755859375,145.7331137954026,146.45064110540082,-1.3176454999320697,-2.5836367108695697,143.50661693993618,146.9479043143136,150.38919168869103,4.683683500537302,-0.7175273099982178,-0.3934633882498325,-0.3240639217483853,143.67292765370442,145.70829722885472,30.09953109973761
2010-02-03 00:00:00+00:00,144.5800018310547,145.55571195473368,146.31207523322703,-1.0890680310785967,-2.0880762097895342,143.2817383333584,146.86218988327752,150.44264143319666,4.875933761800485,-0.7563632784933532,-0.3458394853959743,-0.41052379309737885,143.67292765370442,145.70829722885472,30.09953109973761
2010-02-04 00:00:00+00:00,140.9709930419922,144.85037058354268,145.91643951535778,-1.2284359753187175,-6.394436341529655,142.19792269053187,146.5308089483352,150.86369520613852,5.913959376735635,-1.0660689318150958,-0.5244361109741735,-0.5416328208409222,143.67292765370442,145.70829722885472,30.09953109973761
2010-02-05 00:00:00+00:00,139.5399932861328,144.03338946086424,145.44411016504483,-4.033114681646396,-7.137103329107333,140.95809314559114,146.09080868675596,151.2235242279208,7.026746702689914,-1.4107207041805907,-0.6952703066717347,-0.715450397508856,143.67292765370442,145.70829722885472,30.09953109973761
2010-02-08 00:00:00+00:00,138.9199981689453,143.2467138774921,144.9608426097782,-5.0678372386844615,-6.320843220129774,139.8052188886826,145.61747523716517,151.42973158564774,7.982910483808672,-1.714128732286099,-0.7989426678217944,-0.9151860644643046,142.81195054843315,145.048539958717,34.790728069800345
2010-02-09 00:00:00+00:00,140.86900329589844,142.88091224955463,144.65774340134269,-3.3787364433348728,-5.777738518530185,139.24897268685527,145.26123700823103,151.2735013296068,8.277864687377114,-1.776831151788059,-0.6893160698590035,-1.0875150819290555,142.81195054843315,145.048539958717,34.790728069800345
2010-02-10 00:00:00+00:00,140.32000732421875,142.48692687642603,144.33642961785202,-2.965427420586394,-4.900424979180144,138.63421988164114,144.9395708356585,151.24492178967583,8.700661824322278,-1.8495027414259937,-0.6095901275975506,-1.239912613828443,142.81195054843315,145.048539958717,34.790728069800345
2010-02-11 00:00:00+00:00,140.8800048828125,142.23970810817778,144.08039815599724,-3.101394249747244,-4.460403038809744,138.28003151208026,144.5614754813058,150.84291945053133,8.690342912331204,-1.8406900478194643,-0.48062194719281703,-1.3600681006266473,142.81195054843315,145.048539958717,34.790728069800345
2010-02-12 00:00:00+00:00,141.36000061035156,142.1043684931276,143.87888722669015,-2.0178947950495285,-3.919887592901091,138.10860933599693,144.19576154436385,150.28291375273076,8.442900322689608,-1.7745187335625587,-0.33156050634872924,-1.4429582272138295,142.81195054843315,145.048539958717,34.790728069800345
2010-02-15 00:00:00+00:00,141.06900024414062,141.94508107020653,143.670747450205,-2.3147446425878115,-2.9707505019628115,137.86741518477064,143.87857128324964,149.88972738172865,8.355874046935057,-1.7256663799984722,-0.22616652222771405,-1.4994998577707581,142.41963186790073,144.56089060844826,34.366758230063475
2010-02-16 00:00:00+00:00,142.44000244140625,142.02122281962187,143.57958115325695,-1.036581885678828,-2.829581153256953,137.89815955059893,143.6000002906436,149.30184103068828,7.94128235167724,-1.5583583336350841,-0.04708678069146077,-1.5112715529436234,142.41963186790073,144.56089060844826,34.366758230063475
2010-02-17 00:00:00+00:00,142.77999877929688,142.1379575826488,143.5203528292599,0.048647414880719,-1.430356491369281,138.16552213266613,143.29461960565476,148.4237170786434,7.158813760214938,-1.382395246611111,0.10310104506600992,-1.4854962916771208,142.41963186790073,144.56089060844826,34.366758230063475
2010-02-18 00:00:00+00:00,141.8280029296875,142.09027225142398,143.39499357743972,-0.5529983381819079,-2.4339950422834704,138.3961158242211,142.9721432640439,147.54817070386667,6.401285362802009,-1.3047213260157378,0.1446199725291064,-1.4493412985448442,142.41963186790073,144.56089060844826,34.366758230063475
2010-02-19 00:00:00+00:00,141.69000244140625,142.02869228065202,143.26869793773355,-1.138693054921049,-2.323690613514799,138.41827388140587,142.74457223074776,147.07087058008966,6.0615941912641,-1.2400056570815252,0.16746851317065525,-1.4074741702521805,142.41963186790073,144.56089060844826,34.366758230063475
2010-02-22 00:00:00+00:00,141.35000610351562,141.92427902263103,143.12657261668036,-0.9755716401178631,-2.3265695649225506,138.31460025163335,142.5826677594866,146.85073526733987,5.986797098021457,-1.2022935940493369,0.16414446096227486,-1.3664380550116118,139.91741937352236,143.18261971935075,38.7327214163468
2010-02-23 00:00:00+00:00,139.23699951171875,141.5108514055676,142.8384560903869,-1.1984567007384612,-4.118454869683774,138.18453655274965,142.21781049455916,146.25108443636867,5.671967424873009,-1.3276046848193062,0.031066696153844386,-1.3586713809731505,139.91741937352236,143.18261971935075,38.7327214163468
2010-02-24 00:00:00+00:00,139.16000366210938,141.14918252195864,142.56597813273672,-3.005980574142967,-4.155974470627342,137.87782208356637,141.95538184756325,146.03294161156012,5.7448470229547235,-1.416795610778081,-0.046499383843944475,-1.3702962269341366,139.91741937352236,143.18261971935075,38.7327214163468
2010-02-25 00:00:00+00:00,136.00999450683594,140.35853821193976,142.08034971600333,-2.8713500822142635,-7.1423461759642635,137.0146796963801,141.50347682407923,145.99227395177834,6.344433689469982,-1.7218115040635666,-0.281212221703544,-1.4405992823600227,139.91741937352236,143.18261971935075,38.7327214163468
2010-02-26 00:00:00+00:00,135.6199951171875,139.6295315819779,141.60180493090587,-4.941801268796496,-6.956800658444934,136.19085149772448,141.0596669514974,145.92848240527033,6.9031999847937255,-1.9722733489279847,-0.4253392532543696,-1.546934095673615,139.91741937352236,143.18261971935075,38.7327214163468
2010-03-01 00:00:00+00:00,133.42100524902344,138.67437368460028,140.99581976928496,-5.536820135495901,-8.642822943113089,134.9080530706235,140.54114350818452,146.17423394574553,8.016286614649555,-2.3214460846846805,-0.6196095912088524,-1.701836493475828,138.98794551659304,142.31781658840555,43.333238511661115
2010-03-02 00:00:00+00:00,133.33999633789062,137.85370024664496,140.42872173732982,-6.718715023462636,-7.968715023462636,133.91151278634328,139.99738130115327,146.08324981596326,8.694260504371098,-2.575021490684861,-0.6985479977672264,-1.8764734929176348,138.98794551659304,142.31781658840555,43.333238511661115
2010-03-03 00:00:00+00:00,133.70799255371094,137.21589906311664,139.93088994595064,-6.008892875638139,-7.051892143216264,133.19261901973016,139.4806191580636,145.76861929639705,9.016306604156517,-2.7149908828340017,-0.6708139119330934,-2.0441769709009083,138.98794551659304,142.31781658840555,43.333238511661115
2010-03-04 00:00:00+00:00,134.0189971923828,136.72406800608067,139.49297196420488,-4.741964884126759,-6.939978189790821,132.71225490767938,138.9777141752697,145.24317344286004,9.016494917578997,-2.7689039581242127,-0.5797815897786434,-2.1891223683455694,138.98794551659304,142.31781658840555,43.333238511661115
2010-03-05 00:00:00+00:00,136.92999267578125,136.75574872449616,139.30312164654387,-2.2731228672469967,-5.313116153379809,132.52830787647125,138.78528558640252,145.0422632963338,9.016773908694978,-2.547372922047714,-0.2866004429617157,-2.260772479085998,138.98794551659304,142.31781658840555,43.333238511661115
2010-03-08 00:00:00+00:00,135.7899932861328,136.60717096474795,139.04288991614305,-1.7028935782524286,-3.397885643682116,132.23312516779103,138.6067141578311,144.98030314787118,9.196652599068884,-2.4357189513951027,-0.13995717784728345,-2.2957617735478193,138.5946298968042,141.67355688395142,44.93730326223581
2010-03-09 00:00:00+00:00,135.09800720214844,136.37499192434802,138.75067638177308,-2.9226734520855757,-4.831670034116826,131.8812901293509,138.42471458798363,144.96813904661636,9.454127433975941,-2.375684457425052,-0.06393814710178614,-2.311746310323266,138.5946298968042,141.67355688395142,44.93730326223581
2010-03-10 00:00:00+00:00,135.4239959716797,136.22868485470673,138.50425561065504,-2.6642592727644114,-4.584257441709724,131.59849737886466,138.1654285249256,144.73235967098654,9.505896252297639,-2.2755707559483085,0.02894044349996605,-2.3045111994482745,138.5946298968042,141.67355688395142,44.93730326223581
2010-03-11 00:00:00+00:00,136.56900024414062,136.28104106846578,138.3609033612836,-1.5619073896039026,-3.4709039716351526,131.4600810831813,137.98680914015998,144.51353719713865,9.459930405882712,-2.0798622928178077,0.1797191253043735,-2.259581418122181,138.5946298968042,141.67355688395142,44.93730326223581
2010-03-12 00:00:00+00:00,137.6199951171875,136.48703399903835,138.30602126912834,-0.2940278609252118,-2.238028105065837,131.43367908003196,137.83157057989212,144.22946207975227,9.283637229036295,-1.8189872700899912,0.3524753184257521,-2.1714625885157433,138.5946298968042,141.67355688395142,44.93730326223581
2010-03-15 00:00:00+00:00,135.94000244140625,136.40287529786417,138.130760615223,-0.19976085936363575,-2.3307575634651982,131.3303433025443,137.57347542898995,143.8166075554356,9.076069506826,-1.7278853173588402,0.35486181692552243,-2.0827471342843626,137.59975346798666,140.80733455915143,44.04177271517729
2010-03-16 00:00:00+00:00,137.572998046875,136.58289418232738,138.08944486941945,-0.3194405969585148,-2.8994424280132023,131.36229309227815,137.40699913388207,143.45170517548598,8.798250569047472,-1.5065506870920728,0.46095715775383184,-1.9675078448459047,137.59975346798666,140.80733455915143,44.04177271517729
2010-03-17 00:00:00+00:00,138.43800354003906,136.86829562197534,138.11526403020608,1.187729744207985,-1.0252676923154525,131.5798777357496,137.2164277576265,142.8529777795034,8.215561524212061,-1.2469684082307424,0.5764315492921299,-1.8233999575228723,137.59975346798666,140.80733455915143,44.04177271517729
2010-03-18 00:00:00+00:00,137.96200561523438,137.03655869786135,138.103911555023,0.40608295181294807,-1.0039054515073644,131.91056778984267,136.98699951171875,142.06343123359483,7.411552541439242,-1.0673528571616373,0.6048376802889881,-1.6721905374506254,137.59975346798666,140.80733455915143,44.04177271517729
2010-03-19 00:00:00+00:00,135.94000244140625,136.8678577353298,137.94362199105137,0.12437117301112721,-2.3336213806998103,132.1022036703686,136.7066185360863,141.311033401804,6.73619889808375,-1.075764255721566,0.47714102538324754,-1.5529052811048136,137.59975346798666,140.80733455915143,44.04177271517729
2010-03-22 00:00:00+00:00,136.4510040283203,136.80372639578988,137.83305769751573,-1.3610575754454146,-3.2910502512266646,132.42802083427432,136.45714242117745,140.48626400808058,5.9053289778957465,-1.029331301725847,0.4188591835031734,-1.4481904852290204,137.67383772051974,140.3808590829278,43.90725862191189
2010-03-23 00:00:00+00:00,135.70199584960938,136.63422938868518,137.6752012643375,-1.2012022408999883,-2.385207978204676,132.79804580535807,136.18818955194382,139.57833329852957,4.9786163656911055,-1.0409718756523034,0.3257748876613735,-1.366746763313677,137.67383772051974,140.3808590829278,43.90725862191189
2010-03-24 00:00:00+00:00,137.0399932861328,136.69665460367713,137.62814882150752,-0.2681482111559603,-2.158147600804398,132.9503649465935,136.0835702078683,139.21677546914307,4.604825191591896,-0.9314942178303909,0.34820203638662894,-1.2796962542170198,137.67383772051974,140.3808590829278,43.90725862191189
2010-03-25 00:00:00+00:00,137.35000610351562,136.7971702190369,137.60754565721183,0.42045422071785765,-0.9685380888524548,133.11814276025825,135.99737984793526,138.87661693561228,4.234253764148126,-0.8103754381749297,0.375456652833672,-1.1858320910086018,137.67383772051974,140.3808590829278,43.90725862191189
2010-03-26 00:00:00+00:00,137.80999755859375,136.95298980973794,137.62254209435122,0.38046388709409484,-0.5705401412262177,133.10208549525885,136.08309427897134,139.06410306268384,4.381159613554064,-0.6695522846132747,0.4130238451162618,-1.0825761297295364,137.67383772051974,140.3808590829278,43.90725862191189
2010-03-29 00:00:00+01:00,138.52000427246094,137.19406895784917,137.6890207742112,1.3829854513747364,-0.029017112101826115,133.0746949733971,136.221189953032,139.3676849326669,4.619685058866072,-0.49495181636203256,0.47009945069400305,-0.9650512670560356,139.89955778861471,140.9480217746245,39.46550800410659
2010-03-30 00:00:00+01:00,139.85000610351562,137.60267467256708,137.84909376156708,2.6439024542532366,0.17190233218292406,133.2807569176178,136.52733285086495,139.7739087841121,4.755935482594597,-0.24641908899999976,0.5749057424448287,-0.8213248314448285,139.89955778861471,140.9480217746245,39.46550800410659
2010-03-31 00:00:00+01:00,142.04100036621094,138.28549401005074,138.15960536191108,3.8813950042998613,1.6604019623076738,133.2390897178523,136.94166637602308,140.64424303419386,5.407523883934661,0.12588864813966438,0.7577707836675943,-0.6318821355279299,139.89955778861471,140.9480217746245,39.46550800410659
2010-04-01 00:00:00+01:00,143.4949951171875,139.086955718841,138.5548194178575,5.029180215931575,3.1951805821425125,133.04551941417984,137.40771411714098,141.76990882010213,6.349271918230658,0.5321363009835238,0.931214749209163,-0.3990784482256392,139.89955778861471,140.9480217746245,39.46550800410659
2010-04-02 00:00:00+01:00,143.8300018310547,139.81665512072004,138.9455736706869,4.974424498258401,3.994428770719338,132.99384978038927,137.8749048142206,142.75595984805193,7.08041110223547,0.871081450033131,1.0161279186070162,-0.1450464685738852,139.89955778861471,140.9480217746245,39.46550800410659
2010-04-05 00:00:00+01:00,144.2989959716797,140.50624602086768,139.34212347076044,5.323876895450496,4.417871036075496,132.65599423602237,138.2258097330729,143.79562523012345,8.059009396011325,1.164122550107237,1.0473352149448978,0.11678733516233925,141.14637165562596,141.3325900053422,35.76404915593551
2010-04-06 00:00:00+01:00,143.19400024414062,140.91974667060197,139.627447676196,4.783547807202439,2.4575590376711887,132.73911855920355,138.57838149297805,144.41764442675256,8.427379322611571,1.292298994405968,0.940409327394903,0.351889667011065,141.14637165562596,141.3325900053422,35.76404915593551
2010-04-07 00:00:00+01:00,142.18699645996094,141.1147081766572,139.8170438824008,4.011950868575752,2.0049623431851273,133.10094283098476,138.91595241001673,144.7309619890487,8.371982451473537,1.2976642942563785,0.7566197017962508,0.5410445924601277,141.14637165562596,141.3325900053422,35.76404915593551
2010-04-08 00:00:00+01:00,142.7519989013672,141.3665990573818,140.0344479578798,2.7455508214170834,0.8955447179014584,133.4504789637011,139.26490493047805,145.079330897255,8.350166856006616,1.3321510995019992,0.6328852056334971,0.699265893868502,141.14637165562596,141.3325900053422,35.76404915593551
2010-04-09 00:00:00+01:00,143.27999877929688,141.66096824536874,140.2748591298366,4.010144532272761,2.395139039108699,133.66118782743698,139.58447628929503,145.50776475115308,8.487030390946586,1.386109115532122,0.5494745773308959,0.836634538201226,141.14637165562596,141.3325900053422,35.76404915593551
2010-04-12 00:00:00+01:00,143.1999969482422,141.89774189196464,140.49153600527407,3.973460332616554,2.568461553319679,133.80389019182485,139.85019066220238,145.8964911325799,8.646824779784414,1.4062058866905716,0.45565707879147643,0.9505488078990951,140.93091443708397,141.2136485760076,31.43169233467981
2010-04-13 00:00:00+01:00,143.25,142.10578160089315,140.69586667155008,3.0451306429030467,1.3441266145827342,134.25165422282262,140.19828578404017,146.1449173452577,8.483172997389806,1.4099149293430742,0.3674928971551832,1.042422032187891,140.93091443708397,141.2136485760076,31.43169233467981
2010-04-14 00:00:00+01:00,144.3459930419922,142.4504295149084,140.96624640269394,3.6107494469154346,2.323746883438872,134.44541588388304,140.52080935523622,146.5962028265894,8.646966238280912,1.4841831122144526,0.3534088640212494,1.1307742481932033,140.93091443708397,141.2136485760076,31.43169233467981
2010-04-15 00:00:00+01:00,143.8560028076172,142.6666715599405,141.18030243268825,3.8046981776633118,2.0877029384054993,134.61953876528557,140.77880932035902,146.93807987543246,8.750280791276323,1.4863691272522601,0.2844759032472455,1.2018932240050146,140.93091443708397,141.2136485760076,31.43169233467981
2010-04-16 00:00:00+01:00,141.5500030517578,142.49487640483548,141.20768766373044,2.7493130686914355,0.14930696517581055,134.91461721283233,140.94966634114584,146.98471546945936,8.563410308055158,1.287188741105041,0.06823641368002109,1.2189523274250198,140.93091443708397,141.2136485760076,31.43169233467981
2010-04-19 00:00:00+01:00,141.75100708007812,142.38043497025743,141.24793354642287,0.6220615707646289,-1.7889339126338086,135.61768063823135,141.22638084774925,146.83508105726716,7.942850586200931,1.1325014238345545,-0.0691607228723723,1.2016621467069268,142.17827767485286,141.7078422294909,26.497827363495123
2010-04-20 00:00:00+01:00,143.10699462890625,142.49221337928032,141.385641774755,2.1043637184090755,0.14936188735438805,136.31019978436777,141.54333278111048,146.7764657778532,7.394389963722959,1.1065716045253282,-0.07607243374527894,1.1826440382706072,142.17827767485286,141.7078422294909,26.497827363495123
2010-04-21 00:00:00+01:00,143.38900756835938,142.6301817160617,141.5340392409479,2.615954655536484,1.0759613694036716,137.32688202058063,141.90938095819382,146.49187989580702,6.4583453280839676,1.0961424751138225,-0.0692012505254278,1.1653437256392503,142.17827767485286,141.7078422294909,26.497827363495123
2010-04-22 00:00:00+01:00,143.53500366210938,142.76938509237675,141.6822588277006,2.462745444760344,0.7767408060884691,138.14390857164315,142.21866716657365,146.29342576150415,5.7302725107920445,1.087126264676158,-0.06257396877047383,1.1497002334466317,142.17827767485286,141.7078422294909,26.497827363495123
2010-04-23 00:00:00+01:00,144.47000122070312,143.0310183428885,141.8887582642193,2.817235388124459,1.2032369750385215,139.0088762139635,142.5577145531064,146.10655289224928,4.9788092496682905,1.14226007866921,-0.005952123821937327,1.1482122024911474,142.17827767485286,141.7078422294909,26.497827363495123
2010-04-26 00:00:00+01:00,145.20899963378906,143.36609238764242,142.1347020693726,3.7693048886352187,2.3412958554320937,139.88628774975282,142.91004798525856,145.9338082207643,4.231697180337719,1.2313903182698311,0.06654249262294698,1.1648478256468842,142.73251958922484,142.0125795421306,24.13684480308835
2010-04-27 00:00:00+01:00,141.9980010986328,143.15561680471788,142.12457607154002,3.2374234401787305,-0.5215792453681445,140.72600692553723,143.07566688174293,145.42532683794863,3.2844997439680292,1.0310407331778606,-0.1070456739752188,1.1380864071530794,142.73251958922484,142.0125795421306,24.13684480308835
2010-04-28 00:00:00+01:00,142.7899932861328,143.09936703262787,142.17386623558394,1.2661362058223062,-0.43087001976363126,141.35121892254386,143.21566627139137,145.08011362023888,2.6036918968269966,0.9255007970439237,-0.17006848808732444,1.0955692851312482,142.73251958922484,142.0125795421306,24.13684480308835
2010-04-29 00:00:00+01:00,144.34500122070312,143.29100306156252,142.33469104929648,2.144312856953519,-0.10768604441366847,141.4792708605947,143.32538059779577,145.17149033499683,2.57611000857088,0.9563120122660393,-0.11140581829216711,1.0677178305582065,142.73251958922484,142.0125795421306,24.13684480308835
2010-04-30 00:00:00+01:00,143.4199981689453,143.31084846269835,142.41508416927047,2.7869116803389034,0.8049170514326534,141.47673599486197,143.32180931454613,145.1668826342303,2.57472791964942,0.8957642934278738,-0.13756282970426614,1.03332712313214,142.73251958922484,142.0125795421306,24.13684480308835
2010-05-03 00:00:00+01:00,144.3800048828125,143.47533406579282,142.56063385175506,2.0453689558621306,0.41936187578400563,141.4597069317158,143.34799993605841,145.23629294040103,2.634557866429812,0.9147002140377651,-0.09490152727549983,1.009601741313265,140.48834639281657,141.1536396075405,29.166389293101627
2010-05-04 00:00:00+01:00,143.22999572753906,143.4375897060615,142.61021621292423,2.2497843974273337,-0.017213893588291285,141.45707553080356,143.2970951625279,145.13711479425226,2.5681185367189627,0.8273734931372587,-0.145782598540805,0.9731560916780637,140.48834639281657,141.1536396075405,29.166389293101627
2010-05-05 00:00:00+01:00,141.58999633789062,143.15334457249674,142.53464437032915,1.474358315217728,-1.306647544157272,141.24197842604661,143.22071402413505,145.19944962222348,2.763197504733826,0.618700202167588,-0.2835647116083806,0.9022649137759686,140.48834639281657,141.1536396075405,29.166389293101627
2010-05-06 00:00:00+01:00,135.0,141.8989838690357,141.97652256511958,0.2714785335132319,-12.008520245783643,138.86403251332092,142.87847609747024,146.89291968161956,5.6193818604430055,-0.07753869608387731,-0.7838428878878767,0.7063041918039994,140.48834639281657,141.1536396075405,29.166389293101627
2010-05-07 00:00:00+01:00,135.8699951171875,140.97144713798212,141.52418719860609,-3.3941823157935858,-8.344194522824836,137.54685453429772,142.55076163155692,147.55466872881613,7.020526639054407,-0.552740060623961,-1.0072354019423684,0.4544953413184073,140.48834639281657,141.1536396075405,29.166389293101627
2010-05-10 00:00:00+01:00,138.4600067138672,140.5850716881183,141.2972108664032,-0.8072053732391282,-5.377212697457878,137.03781595740313,142.32123819986978,147.60466044233644,7.424643446464184,-0.7121391782849003,-0.933307615682646,0.22116843739774575,138.40889759521104,140.16740537789187,33.357676368112685
2010-05-11 00:00:00+01:00,137.99400329589844,140.18644578162292,141.0525288241436,-1.4245228426982806,-5.1885304110576556,136.49764592800625,142.07333374023438,147.6490215524625,7.849027914587635,-0.8660830425206711,-0.8698011839347335,0.003718141414062348,138.40889759521104,140.16740537789187,33.357676368112685
2010-05-12 00:00:00+01:00,138.197998046875,139.88053074550785,140.84108209990148,-1.0360894241202345,-3.4010796584952345,136.04884589846944,141.832762218657,147.61667853884455,8.155966547800517,-0.9605513543936297,-0.7714155966461537,-0.18913575774747607,138.40889759521104,140.16740537789187,33.357676368112685
2010-05-13 00:00:00+01:00,135.49899291992188,139.20644800311,140.44537179027336,-0.9453717902733558,-5.477369470937418,135.15193062220348,141.41147649855841,147.67102237491335,8.852953142623818,-1.238923787163344,-0.8398304235326944,-0.3990933636306496,138.40889759521104,140.16740537789187,33.357676368112685
2010-05-14 00:00:00+01:00,134.36000061035156,138.4608407119164,139.9946035547236,-3.974599282262659,-6.694600502965784,134.12577392779093,140.95928591773622,147.79279790768152,9.695724471722038,-1.5337628428071923,-0.9077355833412342,-0.6260272594659582,138.40889759521104,140.16740537789187,33.357676368112685
2010-05-17 00:00:00+01:00,133.99000549316406,137.77301990903143,139.54981851312658,-5.319822785587519,-8.450819489689081,133.15861303864497,140.59928603399368,148.03995902934238,10.584225859510726,-1.7767986040951484,-0.9206170757033523,-0.8561815283917962,135.74326591796623,138.77377640440397,39.32580659940866
2010-05-18 00:00:00+01:00,131.33999633789062,136.78332397500978,138.94168353718317,-4.223681217847229,-7.665682560620667,131.709585064976,140.10352361769904,148.49746217042207,11.982480291684308,-2.1583595621733878,-1.0417424270252733,-1.1166171351481144,135.74326591796623,138.77377640440397,39.32580659940866
2010-05-19 00:00:00+01:00,131.9530029296875,136.0401976603448,138.4240034921835,-5.653007398433488,-8.683997999019425,130.61330633113647,139.57238115583147,148.53145598052646,12.837890634956292,-2.3838058318386857,-1.013750957352457,-1.3700548744862286,135.74326591796623,138.77377640440397,39.32580659940866
2010-05-20 00:00:00+01:00,128.2519989013672,134.8420132358867,137.67052167064153,-5.248524600329034,-10.930523806872003,128.8604811414145,138.85157121930803,148.84266129720154,14.391036399743966,-2.8285084347548377,-1.1667628482148873,-1.6617455865399504,135.74326591796623,138.77377640440397,39.32580659940866
2010-05-21 00:00:00+01:00,130.24000549316406,134.1340120446986,137.12011306490245,-6.329112698691517,-9.204112698691517,127.81817936113374,138.2184760684059,148.61877277567805,15.04906869632238,-2.986101020203847,-1.0594843469311175,-1.9266166732727297,135.74326591796623,138.77377640440397,39.32580659940866
2010-05-24 00:00:00+01:00,129.97300720214844,133.49385745353703,136.59069781580956,-5.29569964686425,-7.459701111708,126.95620499046423,137.52814301990327,148.1000810493423,15.374217665265858,-3.0968403622725305,-0.9361789511998406,-2.16066141107269,134.27917658691237,137.71337947874693,44.299248458821964
2010-05-25 00:00:00+01:00,130.1580047607422,132.98064934695321,136.11420203395272,-5.557195198015222,-8.451200019792566,126.37972859931567,136.81142897832962,147.24312935734355,15.24974990308197,-3.133552686999508,-0.7783130207414546,-2.3552396662580533,134.27917658691237,137.71337947874693,44.299248458821964
2010-05-26 00:00:00+01:00,129.39300537109375,132.4287041198979,135.6163356144817,-5.110338910380136,-6.546328290262949,125.59338538028797,136.21119108654204,146.82899679279612,15.590210498207936,-3.1876314945837976,-0.6659134626605954,-2.521718031923202,134.27917658691237,137.71337947874693,44.299248458821964
2010-05-27 00:00:00+01:00,132.27099609375,132.40444134664438,135.3685326870201,-2.4375329311607175,-6.07853940088728,125.39295085354286,135.71028645833334,146.02762206312383,15.204942637798032,-2.9640913403757168,-0.35389864676201155,-2.610192693613705,134.27917658691237,137.71337947874693,44.299248458821964
2010-05-28 00:00:00+01:00,131.57000732421875,132.27606688165582,135.0871604379237,-1.9071677621424499,-4.2071555551112,125.40501148455427,135.1019534156436,144.79889534673293,14.354998852246815,-2.8110935562678776,-0.160720690123338,-2.6503728661445396,134.27917658691237,137.71337947874693,44.299248458821964
2010-05-31 00:00:00+01:00,132.39999389648438,132.29513257624484,134.88811106448375,-1.982105205108752,-3.4981116748353145,125.56937543317015,134.57719130743118,143.5850071816922,13.386838864370949,-2.592978488238913,0.04591550232450148,-2.6388939905634143,133.496115283202,136.88718136403756,43.24767679105297
2010-06-01 00:00:00+01:00,133.58200073242188,132.49311229257978,134.79136215099768,-0.3813584888883099,-3.997355803341435,126.19102577294512,134.06300063360305,141.93497549426098,11.743694865031701,-2.298249858417904,0.27251530571640803,-2.570765164134312,133.496115283202,136.88718136403756,43.24767679105297
2010-06-02 00:00:00+01:00,135.0489959716797,132.88632516628746,134.81044613771488,0.5495544726366859,-1.4964507763867516,126.92512089709255,133.67342921665735,140.42173753622214,10.096708611592751,-1.9241209714274135,0.5173153541655191,-2.4414363255929326,133.496115283202,136.88718136403756,43.24767679105297
2010-06-03 00:00:00+01:00,135.51300048828125,133.2904290619788,134.86248720071978,1.4835058412724038,-0.3024896421260337,127.56066924319501,133.38404846191406,139.20742768063312,8.731747590315251,-1.572058138740971,0.6955025494815694,-2.2675606882225403,133.496115283202,136.88718136403756,43.24767679105297
2010-06-04 00:00:00+01:00,132.77000427246094,133.21036370974528,134.7074884652932,1.4855046987692901,-2.487487244590085,127.49503286149464,133.2778581891741,139.0606835168536,8.67784852825495,-1.4971247555479295,0.6163487461396886,-2.113473501687618,133.496115283202,136.88718136403756,43.24767679105297
2010-06-07 00:00:00+01:00,132.43299865722656,133.09076908628086,134.53900773876975,-0.723013476074442,-3.4390016352541295,127.44056509166076,133.11419169108072,138.7878182905007,8.524450364521318,-1.4482386524888966,0.5321878793589772,-1.9804265318478738,133.55840974121017,136.42944097735028,42.60010030098814
2010-06-08 00:00:00+01:00,132.0749969482422,132.93449644965952,134.3564884209529,-1.0064823174372748,-3.886487200249775,127.6543139686195,132.81014360700334,137.96597324538718,7.764210621803677,-1.4219919712933802,0.4467476484435948,-1.868739619736975,133.55840974121017,136.42944097735028,42.60010030098814
2010-06-09 00:00:00+01:00,132.8699951171875,132.92457316774076,134.24637780585917,-0.5173738996091686,-2.839380125195106,127.95891365948815,132.5661432175409,137.17337277559366,6.950838949115837,-1.321804638118408,0.4375479852948536,-1.7593526234132617,133.55840974121017,136.42944097735028,42.60010030098814
2010-06-10 00:00:00+01:00,134.25799560546875,133.12971508123738,134.24723838360802,0.1527555128763538,-2.0082399705220837,128.43017134656347,132.37852405366442,136.32687676076537,5.965246606768851,-1.1175233023706426,0.5134634568340952,-1.6309867592047378,133.55840974121017,136.42944097735028,42.60010030098814
2010-06-11 00:00:00+01:00,133.38999938964844,133.16975882099294,134.18373919887028,0.8592600687078402,-1.5137410299249723,128.55126203584965,132.27809579031808,136.0049295447865,5.634846392672688,-1.0139803778773455,0.4936051050619139,-1.5075854829392594,133.55840974121017,136.42944097735028,42.60010030098814
2010-06-14 00:00:00+01:00,134.97900390625,133.4481042187248,134.24264769571323,1.6273474214742691,-0.6426415921976059,128.50629158557837,132.30757213774183,136.1088526899053,5.746126983882754,-0.794543476988423,0.5704336047606691,-1.364977081749092,133.752939257812,136.10266345073106,40.463026925426654
2010-06-15 00:00:00+01:00,135.35000610351562,133.74070450869263,134.32467424443934,1.3173240465762888,-0.38467180303308623,128.41545100744352,132.37233407156808,136.32921713569263,5.97841398186004,-0.583969735746706,0.6248058768019089,-1.2087756125486149,133.752939257812,136.10266345073106,40.463026925426654
2010-06-16 00:00:00+01:00,134.6199951171875,133.8759799869226,134.3465498646429,1.5974503794977295,0.0334550181696045,128.48889217702273,132.52852448962983,136.56815680223693,6.096245812988271,-0.470569877720294,0.5905645878626566,-1.0611344655829507,133.752939257812,136.10266345073106,40.463026925426654
2010-06-17 00:00:00+01:00,134.57200622558594,133.98306094671696,134.36325033582386,1.0917514952308238,-0.7842555848473012,128.53150170230768,132.65323893229166,136.77497616227564,6.214303191025405,-0.3801893891069028,0.5447560611808383,-0.9249454502877411,133.752939257812,136.10266345073106,40.463026925426654
2010-06-18 00:00:00+01:00,134.19000244140625,134.0148980997461,134.3504171584596,0.8005838181028935,-0.340422651623669,129.27143569016846,132.93600100562685,136.60056632108524,5.513277498551018,-0.3355190587135155,0.47154111325938053,-0.807060171972896,133.752939257812,136.10266345073106,40.463026925426654
2010-06-21 00:00:00+01:00,134.25900268554688,134.05245265140775,134.34364571602163,1.645352697064311,-0.3736444953185014,129.6300294335271,133.12738182431175,136.6247342150964,5.254144328324729,-0.2911930646138785,0.412693685887214,-0.7038867505010925,133.97529222818977,135.86228269619025,38.929786142757756
2010-06-22 00:00:00+01:00,134.1750030517578,134.07130655915392,134.3311536668169,0.3858415724409099,-1.1961591599809651,130.10488194429686,133.32747686476935,136.55007178524184,4.8341047115758204,-0.2598471076629778,0.3552317142704917,-0.6150788219334695,133.97529222818977,135.86228269619025,38.929786142757756
2010-06-23 00:00:00+01:00,134.57000732421875,134.14802975377927,134.34884653032816,0.5711516386171525,-0.6188508027890975,130.60683992998537,133.5375722249349,136.46830451988444,4.389374834541574,-0.20081677654889063,0.33140963630766307,-0.5322264128565537,133.97529222818977,135.86228269619025,38.929786142757756
2010-06-24 00:00:00+01:00,133.8000030517578,134.0944871842375,134.30819145784147,0.531804880049151,-0.8481847439742864,131.47713022324604,133.74742925734748,136.01772829144892,3.394904928950956,-0.21370427360398025,0.2548177114020588,-0.46852198500603903,133.97529222818977,135.86228269619025,38.929786142757756
2010-06-25 00:00:00+01:00,134.22000122070312,134.11379703600144,134.3016588476831,0.27434518063722635,-1.1876604345971487,131.66144794033062,133.84023902529762,136.01903011026462,3.2558087176685055,-0.18786181168164262,0.22452813865951715,-0.41238995034115977,133.97529222818977,135.86228269619025,38.929786142757756
2010-06-28 00:00:00+01:00,134.8209991455078,134.22259736054087,134.3401284993738,0.8798727213293205,-0.16312654624880452,132.0321983939094,133.9950481596447,135.95789792538002,2.9297347815371957,-0.11753113883293054,0.23588704920658338,-0.3534181880395139,133.74286144476974,135.49309943643874,39.50296268683569
2010-06-29 00:00:00+01:00,133.39999389648438,134.09604298145527,134.27048889915977,0.8545111008402273,-1.4174920729878977,132.19157418442086,134.04266720726378,135.8937602301067,2.76194597050305,-0.17444591770450302,0.14317781626800874,-0.31762373397251176,133.74286144476974,135.49309943643874,39.50296268683569
2010-06-30 00:00:00+01:00,132.11399841308594,133.79111304786,134.1107488631543,-0.5387426375683617,-2.1207433699902367,131.9540738194541,133.97276233491442,135.99145085037475,3.013580492449455,-0.31963581529430485,-0.001609665057434484,-0.31802615023687036,133.74286144476974,135.49309943643874,39.50296268683569
2010-07-01 00:00:00+01:00,132.7899932861328,133.63709462297888,134.01291511670826,-1.5529084028410693,-2.689917069833257,131.8466126938285,133.86519077845983,135.88376886309118,3.015837161091398,-0.3758204937293783,-0.04623547479400636,-0.32958501893537195,133.74286144476974,135.49309943643874,39.50296268683569
2010-07-02 00:00:00+01:00,133.2100067138672,133.57138879080784,133.9534404202015,-0.12743639188119005,-1.123438589146815,131.86049933538837,133.75552440824964,135.65054948111091,2.833565314397427,-0.3820516293936578,-0.04197328836662867,-0.3400783410270291,133.74286144476974,135.49309943643874,39.50296268683569
2010-07-05 00:00:00+01:00,132.5,133.40655974606818,133.84577816685325,-0.22578304966575047,-1.4877764578688755,131.8176438609044,133.74266706194197,135.66769026297953,2.87869719264085,-0.43921842078506756,-0.07931206380643074,-0.3599063569786368,133.68857490686472,135.21979977852672,40.05591527653227
2010-07-06 00:00:00+01:00,132.4600067138672,133.26093620265266,133.74312842959503,-0.113123546782532,-1.9051309930715945,131.82239864498212,133.74395315987724,135.66550767477236,2.8734824558357395,-0.48219222694237374,-0.09782869597098953,-0.3843635309713842,133.68857490686472,135.21979977852672,40.05591527653227
2010-07-07 00:00:00+01:00,133.0399932861328,133.22694498472652,133.69104434489412,-0.3710370206753737,-2.4410443448941237,131.98775043079553,133.78990536644346,135.5920603020914,2.694007340407226,-0.46409936016760867,-0.06378866335697958,-0.4003106968106291,133.68857490686472,135.21979977852672,40.05591527653227
2010-07-08 00:00:00+01:00,133.94000244140625,133.33664613190803,133.7094856853765,0.8405173663813059,-0.6994911785405691,132.08572808417674,133.84085809616815,135.59598810815956,2.622711833975698,-0.37283955346848074,0.02197691467371865,-0.3948164681421994,133.68857490686472,135.21979977852672,40.05591527653227
2010-07-09 00:00:00+01:00,133.6699981689453,133.387931060683,133.70656068415937,0.8814367523640669,-0.49655397029218307,132.0665013196057,133.81285821823846,135.55921511687123,2.610148115638626,-0.3186296234763688,0.06094947573266446,-0.37957909920903327,133.68857490686472,135.21979977852672,40.05591527653227
2010-07-12 00:00:00+01:00,133.1300048828125,133.3482501102414,133.66385284702255,0.29413970668838374,-1.1248513821788038,132.03868661672925,133.80047752743675,135.56226843814426,2.633459825053667,-0.3156027367811589,0.051181089942299474,-0.3667838267234584,133.2657159942249,134.8198281200151,37.49309968441612
2010-07-13 00:00:00+01:00,134.79200744628906,133.5703666234795,133.74741985437564,1.0445875919134266,-1.2724137508600109,132.05194763808336,133.7915729341053,135.53119823012722,2.6005005515238593,-0.17705323089614922,0.15178447666184736,-0.3288377075579966,133.2657159942249,134.8198281200151,37.49309968441612
2010-07-14 00:00:00+01:00,134.77499389648438,133.75569389624948,133.8235364500874,1.8934587891704098,0.4824633057719723,132.10741811508677,133.76419140043714,135.4209646857875,2.477155160891518,-0.06784255383792015,0.20879612297606115,-0.2766386768139813,133.2657159942249,134.8198281200151,37.49309968441612
2010-07-15 00:00:00+01:00,134.85000610351562,133.92404962044426,133.89957123923023,1.6104232676057109,0.09142607522289836,132.09303750171406,133.77514430454798,135.4572511073819,2.5148271176661736,0.024478381214038336,0.2408936464224157,-0.21641526520837737,133.2657159942249,134.8198281200151,37.49309968441612
2010-07-16 00:00:00+01:00,132.1999969482422,133.6588107477978,133.77367684730518,1.2483263265229425,-1.76768014320362,131.89298598705724,133.66219148181733,135.43139697657742,2.6472788978635884,-0.11486609950739535,0.08123933256078561,-0.19610543206818096,133.2657159942249,134.8198281200151,37.49309968441612
2010-07-19 00:00:00+01:00,132.0500030517578,133.41130187148394,133.64599730689426,-0.22000243384738383,-1.8509991379489463,131.68130761920597,133.56028674897692,135.43926587874788,2.8136793885482536,-0.23469543541031612,-0.030872002673708127,-0.203823432736608,133.83714257199628,134.84270920680424,37.08883871269294
2010-07-20 00:00:00+01:00,133.33999633789062,133.40033178939265,133.62333056844955,0.06166699014420374,-2.0833372823167338,131.66202886401476,133.51652454194567,135.37102021987658,2.777926828597614,-0.22299877905689414,-0.015340277056228924,-0.2076585020006652,133.83714257199628,134.84270920680424,37.08883871269294
2010-07-21 00:00:00+01:00,131.85899353027344,133.16320282645123,133.49263893599206,0.1823641157657505,-1.9076322221248745,131.44888588905422,133.40623837425596,135.3635908594577,2.934424220418553,-0.32943610954083624,-0.09742208603213681,-0.23201402350869943,133.83714257199628,134.84270920680424,37.08883871269294
2010-07-22 00:00:00+01:00,133.03900146484375,133.14409492466547,133.45903616035145,-0.23703603828113273,-2.6380370148436327,131.4418568287738,133.33333333333334,135.22480983789288,2.837214756839302,-0.3149412356859784,-0.06634176974182321,-0.24859946594415522,133.83714257199628,134.84270920680424,37.08883871269294
2010-07-23 00:00:00+01:00,134.85000610351562,133.40654279833473,133.5620709709562,1.3479326911531757,-1.1330701164640118,131.39226518254335,133.38333347865515,135.37440177476694,2.985482884831957,-0.155528172621473,0.07445703465814577,-0.22998520727961877,133.83714257199628,134.84270920680424,37.08883871269294
2010-07-26 00:00:00+01:00,134.7550048828125,133.613998503639,133.65043644590853,1.8815612347555373,0.7195586712789748,131.3626430383778,133.40880984351747,135.45497664865715,3.067513768453131,-0.03643794226951513,0.15483781200808291,-0.19127575427759805,134.4437609415522,134.95903613164137,31.716503841008834
2010-07-27 00:00:00+01:00,136.84800720214844,134.1115383034097,133.88729353896332,3.3007100010757426,0.5627034092788676,131.05122816127795,133.50533403669084,135.95943991210373,3.6764162168058974,0.2242447644463823,0.3324164149791843,-0.10817165053280198,134.4437609415522,134.95903613164137,31.716503841008834
2010-07-28 00:00:00+01:00,136.36199951171875,134.457763104688,134.07060509250076,3.4024021096476815,1.8573886819133065,130.90862150333697,133.64638192313058,136.38414234292418,4.097021378952527,0.3871580121872569,0.3962637301760471,-0.009105717988790202,134.4437609415522,134.95903613164137,31.716503841008834
2010-07-29 00:00:00+01:00,135.2969970703125,134.5868760224764,134.16144894270903,2.632557404947221,0.7895550856112834,131.06388695275015,133.7979532877604,136.53201962277066,4.086858233369347,0.42542707976735983,0.34762623820492,0.07780084156243981,134.4437609415522,134.95903613164137,31.716503841008834
2010-07-30 00:00:00+01:00,135.4199981689453,134.71504866039467,134.25467481131912,1.6953221369230675,-0.055669684365994954,131.14470137386718,133.9231916155134,136.7016818571596,4.149378771711345,0.4603738490755518,0.30605840601048956,0.15431544306506223,134.4437609415522,134.95903613164137,31.716503841008834
2010-08-02 00:00:00+01:00,137.5679931640625,135.1539631994205,134.50010580041123,3.1098948099403287,1.0598917581825162,130.9714018766126,134.13071477980841,137.29002768300424,4.710797088321217,0.6538573990092686,0.39963356475536516,0.2542238342539035,135.0858390000973,135.1606017010051,26.682633867356618
2010-08-03 00:00:00+01:00,136.7550048828125,135.40027730455773,134.66713536207058,3.058862562734106,1.7158602433981684,131.07414554183381,134.33333405994233,137.59252257805085,4.852389827016723,0.7331419424871513,0.3831344865865982,0.35000745590055304,135.0858390000973,135.1606017010051,26.682633867356618
2010-08-04 00:00:00+01:00,136.74400329589844,135.60700438014862,134.82097743124302,2.25502659707729,0.9980228128976023,131.23667991736505,134.53733389718192,137.8379878769988,4.906673685594729,0.7860269489056009,0.34881559440403825,0.4372113545015626,135.0858390000973,135.1606017010051,26.682633867356618
2010-08-05 00:00:00+01:00,137.10800170898438,135.83792704612335,134.99038663700165,2.4666140954202262,0.7766116540139762,131.3287123065015,134.73104858398438,138.13338486146725,5.05056007986464,0.8475404091217058,0.3282632436961146,0.5192771654255912,135.0858390000973,135.1606017010051,26.682633867356618
2010-08-06 00:00:00+01:00,136.3699951171875,135.91978367244093,135.09257985775616,1.9514264899000864,0.4034223395094614,131.3949819871134,134.84676252092635,138.2985430547393,5.119560112950108,0.8272038146847649,0.24634131940733894,0.580862495277426,135.0858390000973,135.1606017010051,26.682633867356618
2010-08-09 00:00:00+01:00,136.32200622558594,135.98166406523248,135.1836484775954,1.7863527431077273,1.0043550624436648,131.50869134650452,134.9730486188616,138.4374058912187,5.133405976684696,0.7980155876370816,0.17372247388772455,0.624293113749357,134.75755864166644,135.00922973297648,27.27026044844752
2010-08-10 00:00:00+01:00,136.5989990234375,136.0766386741871,135.2884892587689,1.366509520527984,-0.2684849863079535,131.71053209803213,135.13823881603423,138.56594553403633,5.072889432380851,0.7881494154182178,0.13108504133508858,0.6570643740831292,134.75755864166644,135.00922973297648,27.27026044844752
2010-08-11 00:00:00+01:00,135.322998046875,135.96069396229294,135.29104546529527,0.05896063822035558,-2.5150444887327694,131.73857379091353,135.1635240827288,138.58847437454406,5.067861784543252,0.6696484969976666,0.010067298331629893,0.6595811986660367,134.75755864166644,135.00922973297648,27.27026044844752
2010-08-12 00:00:00+01:00,133.13299560546875,135.52566344585844,135.13118992012292,-0.46119175117760847,-2.1511941925838585,131.55511865793625,135.08533368791853,138.61554871790082,5.226644423350919,0.3944735257355205,-0.21208613834441292,0.6065596640799334,134.75755864166644,135.00922973297648,27.27026044844752
2010-08-13 00:00:00+01:00,134.1009979248047,135.3064841349271,135.0548794019512,-0.28487512949027405,-1.712884162693399,131.4956074304428,135.04966663178942,138.60372583313605,5.263336504245824,0.2516047329758919,-0.2839639448832332,0.5355686778591251,134.75755864166644,135.00922973297648,27.27026044844752
2010-08-16 00:00:00+01:00,134.35699462890625,135.1604088263085,135.0031842335775,-0.6031903370931389,-1.8531903370931389,131.8156546900302,135.15238080705916,138.48910692408813,4.937724510813342,0.15722459273098366,-0.30267526810251316,0.4598998608334968,134.1397080804469,134.70848362226667,28.839648446407093
2010-08-17 00:00:00+01:00,133.43099975585938,134.89434589239326,134.8867261241169,-0.9667279551715922,-1.8167187998981547,132.08005914145556,135.2181425548735,138.35622596829145,4.641512380107521,0.0076197682763563535,-0.3618240740457124,0.3694438423220687,134.1397080804469,134.70848362226667,28.839648446407093
2010-08-18 00:00:00+01:00,133.2949981689453,134.64829239647818,134.76882034965976,-1.0688234014175748,-2.3388276738785123,132.07273232751166,135.21599978492372,138.3592672423358,4.649253730936851,-0.12052795318157905,-0.3919774364029182,0.27144948322133916,134.1397080804469,134.70848362226667,28.839648446407093
2010-08-19 00:00:00+01:00,133.21800231933594,134.42824776922552,134.65394494000614,-0.6589498228186415,-1.870940179263954,132.36915332560315,135.2807144891648,138.19227565272647,4.304473367923935,-0.22569717078062013,-0.39771732320156744,0.17202015242094731,134.1397080804469,134.70848362226667,28.839648446407093
2010-08-20 00:00:00+01:00,132.9040069580078,134.19374918288435,134.52431990430256,-1.2143223457088084,-2.544324176763496,132.34243050928953,135.27428617931548,138.20614184934144,4.33468289182406,-0.3305707214182121,-0.40207269907132753,0.07150197765311544,134.1397080804469,134.70848362226667,28.839648446407093
2010-08-23 00:00:00+01:00,133.0,134.0100954624406,134.41140731879867,-1.1064146430174162,-2.4214018256346037,132.1014441673985,135.18619065057663,138.27093713375476,4.563700579671544,-0.4013118563580633,-0.378251067208943,-0.02306078914912031,133.05180774699065,134.1609869733826,33.37717510653821
2010-08-24 00:00:00+01:00,131.91900634765625,133.68838944478148,134.22678502463998,-2.2267850246399803,-5.39878209495248,131.66875744011418,135.0511431012835,138.4335287624528,5.009044105065652,-0.5383955798585021,-0.41226783256750543,-0.12612774729099666,133.05180774699065,134.1609869733826,33.37717510653821
2010-08-25 00:00:00+01:00,129.6529998779297,133.06756028065044,133.88798612488367,-3.0729836834774176,-4.287980021368043,130.72023423765452,134.70852370489212,138.6968131721297,5.921361703844064,-0.8204258442332275,-0.5554384775537846,-0.26498736667944284,133.05180774699065,134.1609869733826,33.37717510653821
2010-08-26 00:00:00+01:00,130.95799255371094,132.74301139958283,133.67094956405606,-1.6819511509701215,-2.7459465122982465,130.23216857053643,134.45119004022507,138.6702115099137,6.275915398631125,-0.9279381644732325,-0.5303606382350318,-0.39757752623820075,133.05180774699065,134.1609869733826,33.37717510653821
2010-08-27 00:00:00+01:00,130.87600708007812,132.45577996581287,133.4639167874651,-1.3029213040666718,-2.9339180081682343,129.77734382672884,134.24066670735678,138.70398958798472,6.649732886619132,-1.0081368216522435,-0.4884474363312342,-0.5196893853210093,133.05180774699065,134.1609869733826,33.37717510653821
2010-08-30 00:00:00+01:00,132.75999450683594,132.50258220289334,133.41177439630738,0.17323231755980828,-2.5777747625183167,129.6407736591697,134.11399986630394,138.5872260734382,6.670781889427699,-0.909192193414043,-0.311602246474427,-0.597589946939616,131.94687166856667,133.52898876457348,36.33657619502217
2010-08-31 00:00:00+01:00,130.72000122070312,132.22833897486407,133.21238379070707,-2.2923856217617526,-4.392376466488315,129.3713287932999,133.78790501185827,138.20448123041663,6.602355000875302,-0.9840448158429922,-0.3091638951227009,-0.6748809207202913,131.94687166856667,133.52898876457348,36.33657619502217
2010-09-01 00:00:00+01:00,129.13999938964844,131.7532098079078,132.91072568692493,-2.043721292393684,-4.0777331332139966,128.79731153220663,133.42528570265998,138.05325987311332,6.937177081661783,-1.1575158790171258,-0.3861079666374676,-0.7714079123796582,131.94687166856667,133.52898876457348,36.33657619502217
2010-09-02 00:00:00+01:00,130.38999938964844,131.5434851281756,132.72400522046001,-2.1640076618662647,-3.5080018024912647,128.57200935646887,133.12271408807663,137.6734188196844,6.836856899712741,-1.1805200922844108,-0.32728974392380206,-0.8532303483606087,131.94687166856667,133.52898876457348,36.33657619502217
2010-09-03 00:00:00+01:00,129.73699951171875,131.2655642641053,132.50274553833103,-0.9027394348154019,-2.822752862549777,128.37008832296857,132.77171398344495,137.17333964392134,6.630366556878545,-1.237181274225719,-0.3071607406920883,-0.9300205335336308,131.94687166856667,133.52898876457348,36.33657619502217
2010-09-06 00:00:00+01:00,130.4219970703125,131.1357846958295,132.34861602218152,-1.7286209049940169,-3.1186202946424544,128.28861288233279,132.4884759812128,136.6883390800928,6.33996740890212,-1.212831326352017,-0.22624863425470898,-0.986582692097308,131.11724529694808,132.9474178773074,39.70060162683804
2010-09-07 00:00:00+01:00,129.4600067138672,130.87797269860454,132.13464496230637,-2.5446486244157427,-4.229646183009493,128.1418255711275,132.16171409970238,136.18160262827726,6.083287517809114,-1.2566722637018302,-0.21607165728361766,-1.0406006064182125,131.11724529694808,132.9474178773074,39.70060162683804
2010-09-08 00:00:00+01:00,128.48599243164062,130.50997573445625,131.86437440447926,-1.592371230651139,-3.8053686671745766,127.98254259757027,131.77538045247397,135.56821830737766,5.756519680505294,-1.3543986700230164,-0.251038450883843,-1.1033602191391734,131.11724529694808,132.9474178773074,39.70060162683804
2010-09-09 00:00:00+01:00,129.89199829101562,130.41490228161922,131.71827247014863,-1.7782700287423836,-3.169276498468946,127.99589903388899,131.51676141648065,135.03762379907232,5.354241306842976,-1.3033701885294136,-0.16000797551219215,-1.1433622130172214,131.11724529694808,132.9474178773074,39.70060162683804
2010-09-10 00:00:00+01:00,129.45799255371094,130.26768540040257,131.5508443281903,-1.5828420088543567,-2.5608388350262317,127.79440362882859,131.34176127115884,134.88911891348909,5.401720835776864,-1.2831589277877242,-0.1118373718164023,-1.171321555971322,131.11724529694808,132.9474178773074,39.70060162683804
2010-09-13 00:00:00+01:00,129.5399932861328,130.155732767438,131.401892399149,-1.3468997233677555,-2.417898868875568,127.72409326982763,131.12457057407923,134.52504787833084,5.1866363250821745,-1.2461596317110093,-0.05987046059174994,-1.1862891711192594,132.11549670187165,133.11378668222332,33.76409432085462
2010-09-14 00:00:00+01:00,129.09500122070312,129.99254329870956,131.23101157111597,-1.9360134021706585,-3.49101370734644,127.6949273008437,130.8739994594029,134.05307161796213,4.858218090210292,-1.2384682724064078,-0.04174328102971869,-1.196724991376689,132.11549670187165,133.11378668222332,33.76409432085462
2010-09-15 00:00:00+01:00,129.00399780273438,129.84045937625183,131.06604758827288,2.823951801375557,-2.516044536515068,127.60550553397427,130.66318984258743,133.7208741512006,4.680253577609459,-1.2255882120210515,-0.023090576515489847,-1.2024976355055617,132.11549670187165,133.11378668222332,33.76409432085462
2010-09-16 00:00:00+01:00,133.95599365234375,130.47361849565058,131.28011766709295,2.7398866053679853,1.6798890467742353,127.51796907979598,130.69466581798736,133.87136255617872,4.861249261106675,-0.8064991714423684,0.31679877125055467,-1.123297942692923,132.11549670187165,133.11378668222332,33.76409432085462
2010-09-17 00:00:00+01:00,134.11199951171875,131.03336942119952,131.4898866926208,3.5001188005432766,2.1801114763245266,127.40620709252656,130.73723711286272,134.06826713319887,5.095763217728932,-0.4565172714212622,0.5334245370173287,-0.9899418084385909,132.11549670187165,133.11378668222332,33.76409432085462
2010-09-20 00:00:00+01:00,134.0399932861328,131.49592693888158,131.67878347732537,2.7412146916199447,1.6302222599793197,127.28882643876953,130.7913316999163,134.29383696106308,5.355867572604606,-0.18285653844378658,0.6456682159958435,-0.82852475443963,132.2343311752712,133.02210288791574,28.817004899201763
2010-09-21 00:00:00+01:00,133.21499633789062,131.76039915411374,131.79257702255242,1.5894267616272657,0.6174266395569532,127.27214676763776,130.80156962076822,134.33099247389868,5.396606269119367,-0.03217786843867998,0.6370775088007601,-0.6692553772394401,132.2343311752712,133.02210288791574,28.817004899201763
2010-09-22 00:00:00+01:00,132.8699951171875,131.93110622535585,131.87238577030317,1.4786121545015192,-0.16938284061566833,127.23773966538461,130.8468548002697,134.45596993515483,5.516548548903553,0.0587204550526792,0.5823806658336954,-0.5236602107810162,132.2343311752712,133.02210288791574,28.817004899201763
2010-09-23 00:00:00+01:00,132.1300048828125,131.96170601881073,131.89146866752608,0.8295243744661036,-0.04446854545577139,127.35756592952008,130.96480741954986,134.57204890957965,5.508718809433859,0.07023735128464637,0.4751180496525301,-0.4048806983678837,132.2343311752712,133.02210288791574,28.817004899201763
2010-09-24 00:00:00+01:00,132.4720001220703,132.0402128039276,131.93447099749233,1.7445298569998613,0.3845292466482988,127.37301401610253,131.03690301804315,134.70079201998377,5.592148345319361,0.10574180643527598,0.40849800384252777,-0.3027561974072518,132.2343311752712,133.02210288791574,28.817004899201763
2010-09-27 00:00:00+01:00,133.42999267578125,132.25402509190508,132.04525038106928,1.5677562107275946,0.8987498630713446,127.35709776644876,131.1585213797433,134.95994499303782,5.796685679748202,0.20877471083579735,0.4092247265944393,-0.20045001575864196,131.91955187889172,132.7746586590896,24.63964544193548
2010-09-28 00:00:00+01:00,133.2100067138672,132.40109918759157,132.1315286279432,1.5944692968614902,-0.2115304589978848,127.33780219171639,131.1799505324591,135.02209887320177,5.857828616564373,0.26957055964837195,0.37601646032561115,-0.10644590067723918,131.91955187889172,132.7746586590896,24.63964544193548
2010-09-29 00:00:00+01:00,132.5500030517578,132.42400747438637,132.16252673341094,0.7474769286984326,-0.31152880860625487,127.38779397896114,131.26709347679503,135.1463929746289,5.9105437548514725,0.26148074097542917,0.29434131332213465,-0.0328605723467055,131.91955187889172,132.7746586590896,24.63964544193548
2010-09-30 00:00:00+01:00,132.27999877929688,132.40185229052645,132.17122836643952,0.5187740749667284,-1.1062259250332716,127.63598975995859,131.41661725725447,135.19724475455035,5.753652127409608,0.23062392408692745,0.21078759714690637,0.019836326940021083,131.91955187889172,132.7746586590896,24.63964544193548
2010-10-01 00:00:00+01:00,131.2899932861328,132.23079705908128,132.1059516938242,-0.11995926218358477,-0.9959510834726473,127.70606230499054,131.459474109468,135.21288591394548,5.710370941164665,0.12484536525707313,0.08400723065364163,0.0408381346034315,131.91955187889172,132.7746586590896,24.63964544193548
2010-10-04 00:00:00+01:00,131.76800537109375,132.15959833785243,132.0809186328812,0.2600847850875425,-0.905915581123395,127.88145199130095,131.55618867420014,135.23092535709932,5.586566044414222,0.07867970497122201,0.030273256294232408,0.0484064486769896,131.53536734959968,132.48785003507902,22.966107691225183
2010-10-05 00:00:00+01:00,132.1199951171875,132.1535055346732,132.08381318727427,0.8491854699522889,-0.22681855836802356,127.9910808869989,131.63704572405135,135.2830105611038,5.539420634971442,0.06969234739892727,0.017028718977550136,0.05266362842137713,131.53536734959968,132.48785003507902,22.966107691225183
2010-10-06 00:00:00+01:00,132.2100067138672,132.16219802377998,132.09316085591078,0.287835848190781,-0.656164395949844,128.24887404570975,131.76799810500373,135.2871221642977,5.341394131964638,0.06903716786919745,0.013098831558256252,0.055938336310941195,131.53536734959968,132.48785003507902,22.966107691225183
2010-10-07 00:00:00+01:00,131.55999755859375,132.06955179836672,132.05366727833174,-0.19667264942549423,-1.2616598320426817,128.7120302917088,131.9143793015253,135.11672831134177,4.8551932348431395,0.015884520034973093,-0.03204305302077448,0.047927573055747574,131.53536734959968,132.48785003507902,22.966107691225183
2010-10-08 00:00:00+01:00,130.76699829101562,131.86915895108194,131.95835846445647,-1.0283657886752167,-1.7903591968783417,128.83838641877827,131.95604596819197,135.07370551760567,4.725300044478772,-0.08919951337452403,-0.10970166914421728,0.02050215576969325,131.53536734959968,132.48785003507902,22.966107691225183
2010-10-11 00:00:00+01:00,130.47000122070312,131.65390391563903,131.848109779734,-0.875102577585551,-1.467113075632426,129.01383175220764,132.00423685709634,134.99464196198505,4.530771399596859,-0.194205864094954,-0.1717664158917178,-0.022439448203236203,131.15524632388676,132.18887206899072,23.71020813391458
2010-10-12 00:00:00+01:00,130.42100524902344,131.46422719769816,131.74239833301468,-1.0514040703193643,-2.7263918632881143,129.17281750571294,132.0461898077102,134.91956210970744,4.352071507979965,-0.27817113531651216,-0.20458534969062075,-0.07358578562589141,131.15524632388676,132.18887206899072,23.71020813391458
2010-10-13 00:00:00+01:00,129.2899932861328,131.12972967284196,131.56073869991232,-1.4357386999123207,-2.5657435827248207,129.21929046186727,132.05547514415923,134.8916598264512,4.2954442883883726,-0.4310090270703597,-0.2859385931555746,-0.14507043391478508,131.15524632388676,132.18887206899072,23.71020813391458
2010-10-14 00:00:00+01:00,130.03799438476562,130.9617703977533,131.44794282471628,-1.0129452661225287,-1.8179379419037787,129.4521848507184,132.1047130766369,134.7572413025554,4.015796505881983,-0.48617242696298035,-0.2728815944385562,-0.21329083252442416,131.15524632388676,132.18887206899072,23.71020813391458
2010-10-15 00:00:00+01:00,130.39500427246094,130.8745756092468,131.36994737640106,-0.6719493295260577,-1.3709544564791827,129.3226982837668,131.93514215378534,134.54758602380386,3.960194118672984,-0.4953717671542677,-0.2256647477038748,-0.2697070194503929,131.15524632388676,132.18887206899072,23.71020813391458
2010-10-18 00:00:00+01:00,130.0,130.74002551551652,131.26846979296394,-1.1304693046826912,-2.5964727226514412,129.193320674003,131.7393326532273,134.28534463245163,3.8652267746430646,-0.5284442774474201,-0.20698980639762177,-0.3214544710497983,130.0134986682357,131.55189082441112,27.076481409489396
2010-10-19 00:00:00+01:00,129.02699279785156,130.47648202049115,131.10243445999265,-1.7444327510082758,-2.8264334834301508,128.92237595892183,131.50061834426154,134.07886072960125,3.921262755723333,-0.6259524395015035,-0.24359837476136414,-0.38235406474013933,130.0134986682357,131.55189082441112,27.076481409489396
2010-10-20 00:00:00+01:00,127.98200225830078,130.0927159032311,130.8712913339414,-2.2192985360898376,-3.4812919442929626,128.38832763677098,131.25142814999535,134.11452866321972,4.3627723577261035,-0.7785754307103048,-0.31697709277613234,-0.46159833793417243,130.0134986682357,131.55189082441112,27.076481409489396
2010-10-21 00:00:00+01:00,128.39999389648438,129.83229713296237,130.68823226450013,-1.5412290906720045,-3.195236048679817,128.02762250777403,131.03857094900948,134.04951939024494,4.595514770085663,-0.8559351315377626,-0.31546943488287216,-0.5404656966548904,130.0134986682357,131.55189082441112,27.076481409489396
2010-10-22 00:00:00+01:00,127.7300033569336,129.50886732126563,130.46910419727297,-2.5871004130932818,-3.3851045634839068,127.55057496955703,130.82904706682478,134.10751916409254,5.011841285663689,-0.9602368760073432,-0.3358169434819622,-0.624419932525381,130.0134986682357,131.55189082441112,27.076481409489396
2010-10-25 00:00:00+01:00,127.43000030517578,129.18904162648258,130.24398539045094,-2.513982033517351,-3.794987892892351,127.09548431922914,130.58895183744886,134.08241935566858,5.350326301061402,-1.0549437639683674,-0.34441906515438914,-0.7105246988139783,129.61966602296442,131.16333509698407,30.657842137924092
2010-10-26 00:00:00+01:00,126.93900299072266,128.84288183636568,129.99917187935995,-0.9191700483052614,-3.1851688886372926,126.69903680531199,130.2798570905413,133.8606773757706,5.4971203763920595,-1.1562900429942715,-0.35661227534423456,-0.799677767650037,129.61966602296442,131.16333509698407,30.657842137924092
2010-10-27 00:00:00+01:00,128.90199279785156,128.85197583044044,129.91789935480378,-0.377906068670967,-1.307898744452217,126.70126231803413,130.07471357073103,133.44816482342793,5.1869439648814035,-1.0659235243633418,-0.2129966053706439,-0.8529269189926979,129.61966602296442,131.16333509698407,30.657842137924092
2010-10-28 00:00:00+01:00,128.83200073242188,128.84890273843757,129.83746241981254,-0.4974660819219139,-1.7794637625859764,126.67557177430284,129.89766584123885,133.11975990817487,4.960973002969992,-0.9885596813749657,-0.10850620990581428,-0.8800534714691515,129.61966602296442,131.16333509698407,30.657842137924092
2010-10-29 00:00:00+01:00,128.83200073242188,128.8463024298198,129.76298377630212,-0.42298743841149644,-1.7929825555989964,126.6660140537666,129.73347545805433,132.80093686234207,4.728866460190549,-0.9166813464823349,-0.02930230001054679,-0.8873790464717881,129.61966602296442,131.16333509698407,30.657842137924092
2010-11-01 00:00:00+00:00,129.02000427246094,128.8730257902261,129.70794825749908,0.3920578460165416,-0.8269515533975209,126.62570308522629,129.62538074311755,132.6250584010088,4.628225800679891,-0.8349224672729747,0.04196526335905071,-0.8768877306320254,130.22677543620804,131.20300069208568,26.867269397063517
2010-11-02 00:00:00+00:00,129.33999633789062,128.94486741294372,129.6806925597503,-0.04868877557061069,-0.7227000060393607,126.66623141354714,129.509761265346,132.35329111714483,4.391220899516422,-0.735825146806576,0.1128500670603596,-0.8486752138669356,130.22677543620804,131.20300069208568,26.867269397063517
2010-11-03 00:00:00+00:00,129.2740020751953,128.99550351482858,129.65056733867215,1.5544344923825406,-0.6275723435549594,126.78097588264221,129.3742377871559,131.9674996916696,4.008930910619278,-0.6550638238435624,0.15488911201869848,-0.8099529358622609,130.22677543620804,131.20300069208568,26.867269397063517
2010-11-04 00:00:00+00:00,130.52000427246094,129.23004209292586,129.71497007450836,1.7500262633822672,0.3850360290072672,126.96622533649585,129.29376148042223,131.6212976243486,3.600384298942092,-0.4849279815825014,0.2600199634238076,-0.744947945006309,130.22677543620804,131.20300069208568,26.867269397063517
2010-11-05 00:00:00+00:00,131.4409942626953,129.5701885805827,129.84282371807777,2.0981705446175454,0.6281693239144204,126.98217734443897,129.28809465680803,131.5940119691771,3.567099226715449,-0.2726351374950582,0.37785024600900063,-0.6504853835040588,130.22677543620804,131.20300069208568,26.867269397063517
2010-11-08 00:00:00+00:00,131.47300720214844,129.86292990697743,129.96357805023115,1.566420729065726,0.5764152359016634,126.91226692304825,129.32171412876673,131.73116133448522,3.726284053611258,-0.1006481432537214,0.4398697922002699,-0.5405179354539913,131.0491837055189,131.41600062809354,23.64019522499935
2010-11-09 00:00:00+00:00,130.6510009765625,129.9841716099905,130.01449826699644,0.9094977046832469,-0.061495337308940634,126.90328642399339,129.33033316476005,131.7573799055267,3.7532521279052546,-0.03032665700592929,0.4081530227584496,-0.4384796797643789,131.0491837055189,131.41600062809354,23.64019522499935
2010-11-10 00:00:00+00:00,130.51199340820312,130.06537496356168,130.05134975893768,2.6416434051248245,0.41265475766388704,126.89953498109489,129.33466593424478,131.76979688739468,3.765627622818375,0.014025204624005028,0.36200390751070716,-0.34797870288670213,131.0491837055189,131.41600062809354,23.64019522499935
2010-11-11 00:00:00+00:00,132.50999450683594,130.44147027791158,130.23347159211534,2.926532069994039,2.020526210619039,126.703047871044,129.48799932570685,132.2729507803697,4.301481942983369,0.20799868579624103,0.44478191094635455,-0.23678322515011352,131.0491837055189,131.41600062809354,23.64019522499935
2010-11-12 00:00:00+00:00,132.69400024414062,130.78801334963913,130.41573297374683,2.6442645848469226,0.5922626317219226,126.51735618850837,129.6144757952009,132.71159540189342,4.778971774088211,0.3722803758923021,0.48725088083393253,-0.11497050494163039,131.0491837055189,131.41600062809354,23.64019522499935
2010-11-15 00:00:00+00:00,133.0,131.1283189881562,130.6071601608767,3.10684435572486,2.33084337916236,126.33297610545517,129.73852321079798,133.14407031614078,5.249862602196424,0.5211588272794927,0.5089034657768985,0.012255361502594236,132.05145572229907,131.79314336063152,22.896752144947463
2010-11-16 00:00:00+00:00,133.37100219726562,131.47334717417303,130.81188920060922,2.8991093345470347,1.5981144615001597,126.1580617642126,129.89904712495348,133.64003248569435,5.759834954204575,0.6614579735638131,0.519362089648975,0.14209588391483802,132.05145572229907,131.79314336063152,22.896752144947463
2010-11-17 00:00:00+00:00,132.42100524902344,131.61914072415001,130.93108298197322,1.9889151869720934,1.2879111586517809,126.1932237767958,130.06066676548548,133.92810975417515,5.947136955192033,0.6880577421767953,0.4367694866095658,0.25128825556722945,132.05145572229907,131.79314336063152,22.896752144947463
2010-11-18 00:00:00+00:00,132.3000030517578,131.72388877455123,131.03248446862392,2.759522977665142,1.1725173624307672,126.40362521672776,130.2662858508882,134.12894648504866,5.930407256075323,0.691404305927307,0.352092840288062,0.33931146563924497,132.05145572229907,131.79314336063152,22.896752144947463
2010-11-19 00:00:00+00:00,134.05599975585938,132.08267507936787,131.2564485639747,2.930547895986251,1.7835447221581262,126.44879263502457,130.53561946323939,134.6224462914542,6.261627048647388,0.8262265153931878,0.38953203980315426,0.43669447559003355,132.05145572229907,131.79314336063152,22.896752144947463
2010-11-22 00:00:00+00:00,133.5850067138672,132.313803023137,131.4289343528556,2.744069797535019,1.6210686989022065,126.73238588555441,130.8144291469029,134.8964724082514,6.2409678931739565,0.8848686702814064,0.35853935575309825,0.5263293145283081,131.95630597144157,131.7892666619308,19.220805421885593
2010-11-23 00:00:00+00:00,132.77499389648438,132.38475546519047,131.52864246719847,1.8113538706921588,-0.1796434437609662,127.20187095872458,131.06895265125092,134.93603434377727,5.900835574410815,0.8561129979919997,0.2638269467709533,0.5922860512210464,131.95630597144157,131.7892666619308,19.220805421885593
2010-11-24 00:00:00+00:00,131.5449981689453,132.25556203499892,131.5298540006612,0.4431532014872346,-0.6938554655049529,127.8888440023228,131.28828575497582,134.68772750762884,5.178591118170922,0.725708034337714,0.10673758649333409,0.6189704478443799,131.95630597144157,131.7892666619308,19.220805421885593
2010-11-25 00:00:00+00:00,131.8679962158203,132.19593652435606,131.55490157215448,0.43009903819708484,-0.21389815418572766,128.1959846226527,131.42952401297433,134.66306340329595,4.920567756149553,0.6410349522015792,0.01765160348575945,0.6233833487158198,131.95630597144157,131.7892666619308,19.220805421885593
2010-11-26 00:00:00+00:00,131.76600646972656,132.12979343902845,131.57053897197463,0.5194573659159971,-0.6105322581074404,128.5502826147311,131.5692385718936,134.58819452905612,4.589151673949781,0.5592544670538189,-0.051303105329600696,0.6105575723834196,131.95630597144157,131.7892666619308,19.220805421885593
2010-11-29 00:00:00+00:00,131.19000244140625,131.98521020862503,131.54235108082142,-0.21335632984485642,-0.6853564519151689,128.91314584681882,131.68152436755952,134.44990288830022,4.2046574628243025,0.44285912780361514,-0.1341587556638435,0.5770178834674586,131.48087024072666,131.60937125012597,19.135950372044096
2010-11-30 00:00:00+00:00,131.00100708007812,131.83379434269474,131.5022515252108,-0.4022454216951701,-2.1592492058748576,129.2525147090665,131.77585783458892,134.29920096011134,3.82975025469359,0.33154281748394965,-0.19638005278680715,0.5279228702707568,131.48087024072666,131.60937125012597,19.135950372044096
2010-12-01 00:00:00+00:00,130.29200744628906,131.59659635863233,131.41260381566104,0.10239557398739407,-1.5026001535516684,129.44458546586748,131.8211916968936,134.19779792791974,3.605802982711369,0.1839925429712821,-0.27514426183957974,0.45913680481086183,131.48087024072666,131.60937125012597,19.135950372044096
2010-12-02 00:00:00+00:00,131.30999755859375,131.55250423554946,131.4050033521746,0.2949935960675987,-0.9429977369402138,129.81467278641813,131.9181438627697,134.0216149391213,3.189054992374296,0.14750088337487455,-0.24930873714878982,0.39680962052366436,131.48087024072666,131.60937125012597,19.135950372044096
2010-12-03 00:00:00+00:00,130.52999877929688,131.3951957038183,131.34018819862808,-0.29718893104995914,-1.7961818509718341,129.81641015191735,131.91861979166666,134.02082943141596,3.1871310404387687,0.05500750519021835,-0.2734416922667568,0.32844919745697515,131.48087024072666,131.60937125012597,19.135950372044096
2010-12-06 00:00:00+00:00,130.47999572753906,131.25439570746764,131.27647023780668,-0.6844749985488647,-1.7254753647598022,129.6907321174565,131.87285795665923,134.05498379586197,3.309438914139418,-0.022074530339040166,-0.2804189822368123,0.2583444518977721,131.7285798349636,131.69717521774191,15.97260699586225
2010-12-07 00:00:00+00:00,129.85699462890625,131.0394109261505,131.17132389640665,0.2086809864058523,-1.6613293895707102,129.45462931603888,131.79590497698103,134.1371806379232,3.5528807383675196,-0.13191297025613835,-0.3122059377231284,0.18029296746699003,131.7285798349636,131.69717521774191,15.97260699586225
2010-12-08 00:00:00+00:00,131.48800659179688,131.10842564394227,131.19478187384297,1.7842220324070297,0.1292232531101547,129.54587210489493,131.8357623872303,134.12565266956565,3.473852983243588,-0.08635622990070146,-0.21331935789415318,0.12696312799345172,131.7285798349636,131.69717521774191,15.97260699586225
2010-12-09 00:00:00+00:00,132.82000732421875,131.37174590244635,131.31516894424118,1.5828260508760081,0.6928266612275706,129.69933333987666,131.94566781180245,134.19200228372824,3.404938576884233,0.05657695820517006,-0.05630893583062532,0.11288589403579538,131.7285798349636,131.69717521774191,15.97260699586225
2010-12-10 00:00:00+00:00,132.2239990234375,131.50286176721423,131.3824896908483,1.1795067691126349,0.5275139712610724,129.69612129668945,131.93204897925966,134.16797666182987,3.3895140716289567,0.12037207636592484,0.005988945864103562,0.11438313050182128,131.7285798349636,131.69717521774191,15.97260699586225
2010-12-13 00:00:00+00:00,132.6060028076172,131.67257577343005,131.47312029209044,1.5468839803704952,0.32088605556580774,129.69733524214294,131.92785862513952,134.1583820081361,3.381428920686722,0.1994554813396121,0.06805788067023266,0.13139760066937944,131.60738838769709,131.6497223999451,13.38429499594667
2010-12-14 00:00:00+00:00,132.3179931640625,131.77187075660427,131.53570346779208,1.0442983632626124,-0.23670749611238762,129.70881924534564,131.89538210914247,134.0819449729393,3.315601848725033,0.23616728881219728,0.08381575051425427,0.152351538297943,131.60738838769709,131.6497223999451,13.38429499594667
2010-12-15 00:00:00+00:00,132.0570068359375,131.81573784573246,131.57431853209914,0.717688914189921,-0.6383138934272665,129.7457989245346,131.8328109014602,133.9198228783858,3.166149553597175,0.24141931363331537,0.07125422026829789,0.17016509336501748,131.60738838769709,131.6497223999451,13.38429499594667
2010-12-16 00:00:00+00:00,131.1199951171875,131.7087005028794,131.5406649458094,-0.012665067879709113,-0.7036593305750216,129.6801287437261,131.77085803803942,133.86158733235274,3.173280231217393,0.16803555706999873,-0.0017036290360150086,0.16973918610601374,131.60738838769709,131.6497223999451,13.38429499594667
2010-12-17 00:00:00+00:00,131.36500549316406,131.65582434753858,131.52765313450234,-0.1576580173148443,-1.4486583835257818,129.64276485930904,131.72633434477308,133.80990383023712,3.163482071869733,0.12817121303623935,-0.03325437845581952,0.16142559149205887,131.60738838769709,131.6497223999451,13.38429499594667
2010-12-20 00:00:00+00:00,130.27999877929688,131.4441588755014,131.43523429337603,-0.9852373451338394,-1.8852312416182144,129.65533170274225,131.54652477446058,133.4377178461789,2.8753219820300475,0.008924582125359848,-0.12200080749335923,0.13092538961871908,130.46825973893348,131.1554766915824,16.367100722148077
2010-12-21 00:00:00+00:00,129.8769989013672,131.2030573410192,131.31980944952352,-1.0498051770625807,-2.0798039563594557,129.58352864477104,131.36995297386534,133.15637730295964,2.719684811715952,-0.11675210850432904,-0.1981419984984385,0.08138988999410945,130.46825973893348,131.1554766915824,16.367100722148077
2010-12-22 00:00:00+00:00,129.56900024414062,130.95166394149942,131.19011987875442,-1.4801131648872285,-2.8171187801216035,129.3897600096117,131.217286609468,133.0448132093243,2.7854967086698363,-0.23845593725499725,-0.25587666179928537,0.017420724544288113,130.46825973893348,131.1554766915824,16.367100722148077
2010-12-23 00:00:00+00:00,128.6999969482422,130.60525363484447,131.0056663283461,-2.2656608351820466,-3.565663886939859,128.97160147868115,131.0818103608631,133.19201924304505,3.21968223718093,-0.4004126935016359,-0.3342667344367392,-0.06614595906489669,130.46825973893348,131.1554766915824,16.367100722148077
2010-12-24 00:00:00+00:00,128.19000244140625,130.23367652816168,130.79709863301724,-2.4080910646578673,-2.9861016237398985,128.49722429159218,130.9066678001767,133.31611130876124,3.6811623870259083,-0.5634221048555617,-0.39782091663253194,-0.1656011882230297,130.46825973893348,131.1554766915824,16.367100722148077
2010-12-27 00:00:00+00:00,127.7490005493164,129.85141868526242,130.57131358978015,-2.59831401702624,-3.056314200131709,127.99185303032648,130.7153818039667,133.4389105776069,4.1671129075301465,-0.7198949045177301,-0.4434349730357603,-0.2764599314819698,128.89717224376164,130.38397962898748,21.373577643593748
2010-12-28 00:00:00+00:00,127.78700256347656,129.53381620498766,130.36506832857248,-2.3800677182209142,-4.255067718220914,127.56953222590153,130.55333419073196,133.5371361555624,4.571008443907295,-0.831252123584818,-0.4438337536822786,-0.3874183699025394,128.89717224376164,130.38397962898748,21.373577643593748
2010-12-29 00:00:00+00:00,126.4219970703125,129.05507479965303,130.07298897610877,-3.2819886098978373,-3.9839920889017435,126.88191699220401,130.33528609502883,133.78865519785367,5.299208228701692,-1.017914176455747,-0.5043966452425661,-0.513517531213181,128.89717224376164,130.38397962898748,21.373577643593748
2010-12-30 00:00:00+00:00,126.49299621582031,128.66090886367877,129.8078043271985,-3.1538049985852297,-4.332805853077417,126.33253164324657,130.15438079833984,133.97622995343312,5.872793726420654,-1.1468954635197406,-0.5067023458452476,-0.6401931176744929,128.89717224376164,130.38397962898748,21.373577643593748
2010-12-31 00:00:00+00:00,125.75499725341797,128.21384553902325,129.50759639580735,-2.650594137506573,-3.8175939544011044,125.67573145085368,129.88985697428384,134.10398249771401,6.488767670695796,-1.2937508567841007,-0.5228461912876863,-0.7709046654964145,128.89717224376164,130.38397962898748,21.373577643593748
2011-01-03 00:00:00+00:00,126.2699966430664,127.9147918627222,129.26777419190063,-2.7277732763732843,-3.4817710791076593,125.21351343376539,129.68699972970145,134.16048602563754,6.89889704482313,-1.352982329178431,-0.46566213094561326,-0.8873201982328178,128.83144714525517,130.1434106745953,21.620977877580742
2011-01-04 00:00:00+00:00,126.4520034790039,127.6897474959963,129.05919858353792,-0.519205297405108,-2.7241994990652643,124.83273321330988,129.4951905750093,134.15764793670874,7.200973782881506,-1.36945108754162,-0.38570471144704166,-0.9837463760945783,128.83144714525517,130.1434106745953,21.620977877580742
2011-01-05 00:00:00+00:00,127.95999908447266,127.7313246634542,128.97777639842198,-0.057778229476667775,-1.547776093246199,124.70061985817917,129.4048574538458,134.10909504951243,7.270573436309329,-1.2464517349677777,-0.2101642870985596,-1.0362874478692181,128.83144714525517,130.1434106745953,21.620977877580742
2011-01-06 00:00:00+00:00,129.0,127.92650548446125,128.97942259113145,0.2945794840638598,-0.5894232014830152,124.67353452888439,129.2863809494745,133.8992273700646,7.135858219115629,-1.0529171066702077,-0.013303727040791635,-1.039613379629416,128.83144714525517,130.1434106745953,21.620977877580742
2011-01-07 00:00:00+00:00,128.6999969482422,128.04550417119677,128.95872439536188,0.4522710880365537,-0.3287195125493838,124.75296746368866,129.09018997918992,133.42741249469117,6.719677949502496,-0.9132202241651157,0.1011145243714402,-1.014334748536556,128.83144714525517,130.1434106745953,21.620977877580742
2011-01-10 00:00:00+00:00,129.03599548339844,128.197887449997,128.96444817966088,0.32154730373756024,-0.6544506210671273,124.8335961184093,128.9383802868071,133.0431644552049,6.367047824344041,-0.7665607296638655,0.19821921509815232,-0.9647799447620178,129.59796366487063,130.2844943930962,18.854892135366672
2011-01-11 00:00:00+00:00,128.89999389648438,128.30590382637968,128.95967378831446,0.9703188874667887,-0.11867037034571126,124.99855730736783,128.76190367199126,132.5252500366147,5.845434491571666,-0.6537699619347848,0.24880798626178646,-0.9025779481965712,129.59796366487063,130.2844943930962,18.854892135366672
2011-01-12 00:00:00+00:00,130.06900024414062,128.57714942911213,129.04184611837564,1.708153881624355,0.5661555906087301,125.18585952530493,128.6548087710426,132.12375801678027,5.392646071879208,-0.46469668926351915,0.35030500714644164,-0.8150016964099608,129.59796366487063,130.2844943930962,18.854892135366672
2011-01-13 00:00:00+00:00,130.80999755859375,128.92066452595546,129.17282029913255,2.202179700867447,1.2921760387580719,125.32442099460623,128.59542737688338,131.86643375916054,5.087282571394388,-0.25215577317709403,0.45027673858629336,-0.7024325117633874,129.59796366487063,130.2844943930962,18.854892135366672
2011-01-14 00:00:00+00:00,131.13099670410156,129.26071563028563,129.31787040320432,2.2621314278503633,1.1451270333191133,125.32332458351372,128.5959512619745,131.8685779404353,5.089781826480405,-0.0571547729186932,0.5162221910757554,-0.5733769639944486,129.59796366487063,130.2844943930962,18.854892135366672
2011-01-17 00:00:00+00:00,131.60000610351562,129.62060647232101,129.48691749211628,2.183080676829036,1.4830837285868483,125.2953445970266,128.60714176722936,131.91893893743213,5.150253904556724,0.13368898020473807,0.5656527553593493,-0.43196377515461126,130.3656427687679,130.51542390501996,18.156953847889593
2011-01-18 00:00:00+00:00,131.41600036621094,129.89682091753485,129.629812519827,2.850183207712064,1.7101838180636264,125.20782506787704,128.66123708089194,132.11464909390682,5.3682244806081885,0.2670083977078548,0.5591777382899729,-0.2921693405821181,130.3656427687679,130.51542390501996,18.156953847889593
2011-01-19 00:00:00+00:00,131.8090057373047,130.19100319749944,129.79123423964015,2.3447673472739154,1.2417705211020404,125.07927725566859,128.75323740641275,132.42719755715692,5.706979062821107,0.399768957859294,0.5535506387531297,-0.15378168089383565,130.3656427687679,130.51542390501996,18.156953847889593
2011-01-20 00:00:00+00:00,131.18899536132812,130.3445404534731,129.89477210050592,2.0762209414862696,0.7862276553534571,125.02544867252527,128.83038003104073,132.6353113895562,5.9068852511320555,0.449768352967169,0.4828400270888037,-0.0330716741216347,130.3656427687679,130.51542390501996,18.156953847889593
2011-01-21 00:00:00+00:00,131.9010009765625,130.58399591856377,130.04338164688048,2.246611639252336,1.4486227476507736,124.96071085716102,128.98280879429407,133.00490673142713,6.236641882326544,0.540614271683296,0.4589487566439446,0.08166551503935145,130.3656427687679,130.51542390501996,18.156953847889593
2011-01-24 00:00:00+00:00,132.05499267578125,130.81030311198185,130.1923898712435,2.1076131805143064,1.6646047576627439,124.95736308282757,129.16685594831193,133.3763488137963,6.517914885485583,0.6179132407383463,0.4289981805591959,0.1889150601791504,130.9030941212359,130.72436289375594,15.295477578265663
2011-01-25 00:00:00+00:00,131.9040069580078,130.9785652421397,130.31917632211494,1.653830880033496,-0.5391775428180665,125.05108733970413,129.36471339634485,133.67833945298557,6.6689376776566975,0.6593889200247531,0.37637908787648217,0.28300983214827097,130.9030941212359,130.72436289375594,15.295477578265663
2011-01-26 00:00:00+00:00,130.1269989013672,130.847555035867,130.30494095761512,0.4550535492208212,-0.7919404693338663,125.21066896413454,129.47614179338728,133.74161462264001,6.5888167042533645,0.5426140782518871,0.20768339688289295,0.3349306813689942,130.9030941212359,130.72436289375594,15.295477578265663
2011-01-27 00:00:00+00:00,130.86199951171875,130.84977726292112,130.34620455421538,2.2887899526205615,0.2037984975424365,125.61270175081948,129.6875704810733,133.7624392113271,6.284131494079448,0.5035727087057467,0.13491362186940198,0.3686590868363447,130.9030941212359,130.72436289375594,15.295477578265663
2011-01-28 00:00:00+00:00,131.97799682617188,131.02334950342123,130.4670780558418,1.5179225545097665,-0.26508220623242096,126.02612745255277,129.94876098632812,133.87139452010348,6.037200361130112,0.5562714475794337,0.1500898885944712,0.4061815589849625,130.9030941212359,130.72436289375594,15.295477578265663
2011-01-31 00:00:00+00:00,129.9029998779297,130.8509880225764,130.42529448710758,0.8997024611346092,-0.49029692851382833,126.69934997609433,130.1462849208287,133.59321986556304,5.297016271853195,0.4256935354688096,0.01560958118707767,0.41008395428173194,131.17206498544633,130.86516915377183,13.215453057198015
2011-02-01 00:00:00+00:00,131.5399932861328,130.9569888323543,130.50786476851687,1.41613120316282,0.46213645218625743,127.37442112506925,130.3972371419271,133.42005315878495,4.63631911704963,0.44912406383744496,0.031232087644570417,0.41789197619287455,131.17206498544633,130.86516915377183,13.215453057198015
2011-02-02 00:00:00+00:00,131.3000030517578,131.00976025072407,130.56654167838656,1.7084522180978183,0.7134571009103183,128.15529519769854,130.62809426443917,133.1008933311798,3.786014150577413,0.44321857233751416,0.020261276915711668,0.4229572954218025,131.17206498544633,130.86516915377183,13.215453057198015
2011-02-03 00:00:00+00:00,132.0,131.16210482753576,130.67272377628385,2.2412776885599044,1.3272762237161544,128.5912950144808,130.82047526041666,133.0496555063525,3.407999002447212,0.489381051251911,0.05313900466408683,0.4362420465878242,131.17206498544633,130.86516915377183,13.215453057198015
2011-02-04 00:00:00+00:00,131.7100067138672,131.2463974254329,130.74955954943817,1.1504343470462004,0.4754465540774504,128.84664765141815,130.94952319917223,133.05239874692631,3.2117345621116002,0.4968378759947143,0.04847666352551211,0.4483612124692022,131.17206498544633,130.86516915377183,13.215453057198015
2011-02-07 00:00:00+00:00,132.3560028076172,131.41710594576892,130.86855534634032,2.3464409915503097,1.3764397708471847,129.19650532877424,131.12361871628534,133.05073210379643,2.939384081033991,0.5485505994286086,0.08015150956752515,0.4683990898610835,132.15804495123504,131.3315742579205,14.270912387219317
2011-02-08 00:00:00+00:00,132.67799377441406,131.6110886886374,131.00258782249392,1.8784088816076405,0.5424103464513905,129.5016267707272,131.2970472063337,133.0924676419402,2.7348984212645595,0.608500866143487,0.11208142102592278,0.4964194451175642,132.15804495123504,131.3315742579205,14.270912387219317
2011-02-09 00:00:00+00:00,132.1999969482422,131.70168995934583,131.09128479477158,1.7797174024940432,0.9887170362831057,129.9758102965111,131.45419020879837,132.93257012108563,2.2492701220692117,0.6104051645742459,0.09118857556534532,0.5192165890089006,132.15804495123504,131.3315742579205,14.270912387219317
2011-02-10 00:00:00+00:00,132.65899658203125,131.84896790129744,131.20741159382786,2.549592190351831,1.3525859647658933,130.1507179219801,131.57752336774553,133.00432881351097,2.1687677488466863,0.6415563074695854,0.0978717747685478,0.5436845327010376,132.15804495123504,131.3315742579205,14.270912387219317
2011-02-11 00:00:00+00:00,134.1300048828125,132.19989666768438,131.4238999856045,2.7740980612705073,1.8120924460361323,129.98502722575455,131.7356189546131,133.48621068347165,2.6577348521992126,0.7759966820798923,0.1858497195030837,0.5901469625768085,132.15804495123504,131.3315742579205,14.270912387219317
2011-02-14 00:00:00+00:00,133.49899291992188,132.39975762956706,131.5776105733317,2.1613878397542408,1.5793871073323658,129.96785895851863,131.84838067917596,133.7289023998333,2.852551864452797,0.8221470562353659,0.18560007492684583,0.63654698130852,133.01203037439106,131.81563525260373,17.331168779217514
2011-02-15 00:00:00+00:00,133.65899658203125,132.59348669917694,131.73178731471685,3.673211464580021,1.798211464580021,129.91896581266587,131.94642784481957,133.97388987697326,3.073159410633176,0.8616993844600813,0.18012192252124903,0.6815774619388323,133.01203037439106,131.81563525260373,17.331168779217514
2011-02-16 00:00:00+00:00,135.06100463867188,132.97310484371462,131.97839600538018,3.4215978911041987,2.2145971586823237,129.7149560464253,132.1199994768415,134.52504290725773,3.640695488857883,0.9947088383344465,0.2505051011164914,0.7442037372179551,133.01203037439106,131.81563525260373,17.331168779217514
2011-02-17 00:00:00+00:00,134.4949951171875,133.2072418088643,132.16481075440294,2.765181921378314,2.1731866821205017,129.64506404938544,132.24790373302642,134.8507434166674,3.936303881073874,1.0424310544613604,0.2385818537947243,0.8038492006666361,133.01203037439106,131.81563525260373,17.331168779217514
2011-02-18 00:00:00+00:00,134.72000122070312,133.43997402607027,132.35408412227702,3.0459097742073595,2.092922103308922,129.65703288561014,132.41604686918714,135.17506085276415,4.167189776179644,1.0858899037932588,0.22563256250129815,0.8602573412919606,133.01203037439106,131.81563525260373,17.331168779217514
2011-02-21 00:00:00+00:00,135.01499938964844,133.68228562046693,132.5511889568971,2.5808148272825804,2.1188092120482054,129.60455931721302,132.5643325079055,135.524105698598,4.465414089443676,1.1310966635698207,0.21667145782228814,0.9144252057475326,132.81368939835707,131.90154556598733,14.490852310085062
2011-02-22 00:00:00+00:00,134.75999450683594,133.84808698760062,132.7148041828185,2.084191788861176,0.9132017986268011,129.6007728514812,132.6931421189081,135.785511386335,4.660933064130458,1.1332828047821124,0.17508607922766384,0.9581967255544486,132.81368939835707,131.90154556598733,14.490852310085062
2011-02-23 00:00:00+00:00,133.68499755859375,133.82299630621495,132.78667035880187,1.8143275660028166,0.6683314722528166,129.6791211825597,132.7779511951265,135.87678120769328,4.66768764644191,1.0363259474130757,0.06250337748690171,0.973822569926174,132.81368939835707,131.90154556598733,14.490852310085062
2011-02-24 00:00:00+00:00,133.80099487304688,133.81961147034295,132.8618055080052,0.9452013279322955,-1.2617994044895795,130.06480891407168,132.95290338425409,135.8409978544365,4.344537647042393,0.9578059623377442,-0.012813286070743835,0.970619248408488,132.81368939835707,131.90154556598733,14.490852310085062
2011-02-25 00:00:00+00:00,132.41700744628906,133.60382623587313,132.82885750343362,-0.40385445167581224,-1.7138520102695622,130.2808413708508,133.0269513811384,135.77306139142598,4.128652099106827,0.774968732439504,-0.15652041277518713,0.9314891452146912,132.81368939835707,131.90154556598733,14.490852310085062
2011-02-28 00:00:00+00:00,131.3769989013672,133.26123741517992,132.72131242179907,0.4716807422634304,-1.4553059520725071,130.1971177778284,132.99833243233817,135.79954708684795,4.212405679499588,0.5399249933808505,-0.31325132146707246,0.853176314847923,133.21912585867034,132.20561031074584,12.123921919141353
2011-03-01 00:00:00+00:00,133.1699981689453,133.2472006080669,132.75454840306915,1.3284441506417863,0.38545098657928634,130.71861352536524,133.1539037795294,135.58919403369356,3.6578578397467174,0.4926522049977393,-0.2884192878801469,0.7810714928778862,133.21912585867034,132.20561031074584,12.123921919141353
2011-03-02 00:00:00+00:00,133.1269989013672,133.2287080378054,132.782137328869,0.9478583986700642,0.007855957263814162,130.90314843581336,133.22947547549293,135.5558025151725,3.4922107609850768,0.44657070893640594,-0.2676006271531842,0.7141713360895902,133.21912585867034,132.20561031074584,12.123921919141353
2011-03-03 00:00:00+00:00,133.6300048828125,133.29044601396035,132.8449423328648,1.2760598644008212,0.0450570567836337,131.17617387132785,133.3404279436384,135.50468201594893,3.246208379090172,0.44550368109554483,-0.21493412399523626,0.6604378050907811,133.21912585867034,132.20561031074584,12.123921919141353
2011-03-04 00:00:00+00:00,134.02999877929688,133.40422336247366,132.93272429185978,2.0072781495464653,0.8312832764995903,131.34068014667636,133.43709455217635,135.53350895767633,3.142176337900176,0.4714990706138735,-0.151150987581526,0.6226500581953995,133.21912585867034,132.20561031074584,12.123921919141353
2011-03-07 00:00:00+00:00,133.90899658203125,133.48188078086713,133.0050407577984,1.0479530166156508,-0.05603563084528673,131.5859575640517,133.54180835542223,135.49765914679276,2.9291962052288754,0.47684002306871776,-0.11664802810134545,0.5934880511700632,133.20041536736878,132.34237946417724,10.845571604592731
2011-03-08 00:00:00+00:00,133.2449951171875,133.44543683260872,133.0228151547902,0.7471891176707288,0.05718667626447882,131.69545675693323,133.58414132254464,135.47282588815605,2.8277077606856094,0.4226216778185119,-0.13669309868124102,0.5593147764997529,133.20041536736878,132.34237946417724,10.845571604592731
2011-03-09 00:00:00+00:00,133.78399658203125,133.49752294790449,133.07919896421546,1.1498049420345353,0.5308016461360978,131.7909366211218,133.63680812290735,135.4826796246929,2.7625195897942767,0.4183239836890209,-0.11279263424858565,0.5311166179376066,133.20041536736878,132.34237946417724,10.845571604592731
2011-03-10 00:00:00+00:00,134.18299865722656,133.60298074933866,133.16096190443852,1.1580383397021023,0.07403870591303985,131.989061672499,133.73123677571616,135.47341187893332,2.605487162492945,0.442018844900133,-0.07127821842997883,0.5132970633301118,133.20041536736878,132.34237946417724,10.845571604592731
2011-03-11 00:00:00+00:00,133.16299438476562,133.53529053940434,133.16111245853682,0.5438893725178673,-2.144114167521195,132.05954080542395,133.75523667108445,135.45093253674494,2.535520713600706,0.374178080867523,-0.11129518597007104,0.48547326683759406,133.20041536736878,132.34237946417724,10.845571604592731
2011-03-14 00:00:00+00:00,130.58999633789062,133.08216835455607,132.97065941256304,-0.6436635629536624,-2.36966148775835,131.43183337042387,133.58666483561197,135.74149630080007,3.226117618610767,0.11150894199303707,-0.2991714598756456,0.41068040186868265,131.57694418859742,131.76918265944545,17.785271251146558
2011-03-15 00:00:00+00:00,132.25999450683594,132.95568007029144,132.91801756769436,-0.4390136614443634,-3.748019398749051,131.29985005774247,133.52766491117933,135.75547976461618,3.336858852311638,0.03766250259707249,-0.29841431941728813,0.3360768220143606,131.57694418859742,131.76918265944545,17.785271251146558
2011-03-16 00:00:00+00:00,130.2530059814453,132.5398840566228,132.72060930204628,-2.2506080813431595,-4.0616127200150345,130.73922242865103,133.36547488257997,135.99172733650892,3.9384292767542632,-0.18072524542347423,-0.4134416539502679,0.23271640852679365,131.57694418859742,131.76918265944545,17.785271251146558
2011-03-17 00:00:00+00:00,126.50700378417969,131.6117486300931,132.26034222664876,-4.770344362879229,-6.265339480066729,129.13117491492346,132.95814150855654,136.7851081021896,5.756648747059674,-0.6485935965556564,-0.70504800406596,0.05645440751030362,131.57694418859742,131.76918265944545,17.785271251146558
2011-03-18 00:00:00+00:00,128.3300018310547,131.10686450716412,131.9692059010492,0.47679324445860516,-3.8192120045648323,128.43007084943184,132.66457039969308,136.8990699499543,6.383768533683851,-0.8623413938850888,-0.735036641116314,-0.12730475276877487,131.57694418859742,131.76918265944545,17.785271251146558
2011-03-21 00:00:00+00:00,131.3800048828125,131.1488861034177,131.92556138117982,0.29044203678893155,-0.872567606765756,128.34146418319094,132.5055229550316,136.66958172687228,6.285109750864994,-0.7766752777621093,-0.5194964199946676,-0.25717885776744176,131.24629836368734,131.60001466722,22.254137533702632
2011-03-22 00:00:00+00:00,132.4219970703125,131.34474932909384,131.96233439518966,0.9706642620369053,-0.20433878972090724,128.37203290509402,132.38204665411087,136.39206040312772,6.058244075186801,-0.6175850660958133,-0.28832496666269725,-0.32926009943311607,131.24629836368734,131.60001466722,22.254137533702632
2011-03-23 00:00:00+00:00,132.5399932861328,131.52863301479215,132.00512394266693,0.628878742879948,-0.6451233323153645,128.40810448718204,132.27633231026786,136.14456013335368,5.848707407478592,-0.476490927874778,-0.11778466275332955,-0.35870626512144843,131.24629836368734,131.60001466722,22.254137533702632
2011-03-24 00:00:00+00:00,131.35899353027344,131.5025346325585,131.95726243063777,-0.28026047751276906,-1.379259500950269,128.331977626542,132.16557021368118,135.99916280082036,5.801197060537243,-0.45472779807926145,-0.07681722636625044,-0.377910571713011,131.24629836368734,131.60001466722,22.254137533702632
2011-03-25 00:00:00+00:00,130.5850067138672,131.3613764912214,131.85561385902514,-0.8296128824626408,-1.6556169107829533,128.19548993018486,132.0124279203869,135.82936591058893,5.782694933092097,-0.4942373678037484,-0.09306143687258989,-0.4011759309311585,131.24629836368734,131.60001466722,22.254137533702632
2011-03-28 00:00:00+01:00,130.32000732421875,131.20116585014406,131.74186522681725,-0.7218609543563161,-1.4678631516219411,128.03397175025015,131.9125707717169,135.79116979318366,5.880560129752785,-0.5406993766731887,-0.11161875659362414,-0.42908062007956455,132.04753020795303,131.8928688428292,19.469374628587317
2011-03-29 00:00:00+01:00,130.71299743652344,131.12606301727936,131.6656527979066,0.0663418309996473,-1.3836551172425402,127.97467640358965,131.8809516543434,135.78722690509713,5.923941557522249,-0.5395897806272387,-0.08840732843813937,-0.45118245218909936,132.04753020795303,131.8928688428292,19.469374628587317
2011-03-30 00:00:00+01:00,131.9080047607422,131.24636174704287,131.68360479515368,1.9133953269166284,0.1763958151978784,127.95715680556714,131.82085673014322,135.6845566547193,5.862046447605247,-0.4372430481108154,0.011151523262627194,-0.4483945713734426,132.04753020795303,131.8928688428292,19.469374628587317
2011-03-31 00:00:00+01:00,133.6199951171875,131.6115361116805,131.82704111530433,1.959961448172237,0.6529546122347369,127.94336221911149,131.84433274042038,135.74530326172928,5.917539935507514,-0.21550500362383218,0.18631165419968831,-0.4018166578235205,132.04753020795303,131.8928688428292,19.469374628587317
2011-04-01 00:00:00+01:00,133.64999389648438,131.92514500165032,131.962074654651,3.677924734997447,1.5329204625365094,127.94256232544609,131.84528459821428,135.74800687098246,5.920154497237205,-0.036929653000669305,0.29190960385828096,-0.32883925685895027,132.04753020795303,131.8928688428292,19.469374628587317
2011-04-04 00:00:00+01:00,135.7530059814453,132.51404669084954,132.24288438256167,3.8641102463445804,3.0191090256414554,127.77958602108427,131.92733256022134,136.07507909935842,6.2879260250998215,0.27116230828787025,0.4800012521174564,-0.20883894382958618,134.2416884329062,132.8553168485411,21.300543598684996
2011-04-05 00:00:00+01:00,135.67999267578125,133.00111530391595,132.49748499687422,5.272519275586717,3.1665164679695295,127.64019828309351,132.0116657075428,136.38313313199208,6.622850186791503,0.5036303070417318,0.5699754006970544,-0.06634509365532257,134.2416884329062,132.8553168485411,21.300543598684996
2011-04-06 00:00:00+01:00,138.76800537109375,133.88832916040485,132.96196798755716,6.677039580802216,5.164039092520966,127.05564350134404,132.27466619582404,137.49368889030404,7.891190119132229,0.9263611728476917,0.7941650132024114,0.1321961596452803,134.2416884329062,132.8553168485411,21.300543598684996
2011-04-07 00:00:00+01:00,139.24000549316406,134.71166398082934,133.4270078027873,6.127984872993949,4.442987314400199,126.55322150860452,132.53447614397322,138.5157307793419,9.025960352944255,1.2846561780420416,0.921968014717409,0.3626881633246326,134.2416884329062,132.8553168485411,21.300543598684996
2011-04-08 00:00:00+01:00,138.6300048828125,135.31448565805752,133.8124149939003,6.151589522701272,4.641579757076272,126.25350213834885,132.74623834519159,139.2389745520343,9.782177314823945,1.5020706641572303,0.9115060006660782,0.5905646634911521,134.2416884329062,132.8553168485411,21.300543598684996
2011-04-11 00:00:00+01:00,139.23300170898438,135.91733428127705,134.21393993575836,5.317065923616639,3.813052862093201,125.97814655541603,133.03528631301154,140.09242607060705,10.609425443699417,1.7033943455186886,0.8902637456220293,0.8131305998966594,134.92679131204162,133.3469854516513,22.82651774043306
2011-04-12 00:00:00+01:00,138.31300354003906,136.28589878262505,134.5175742768162,3.7694282866603714,1.287418398965059,126.09354347998257,133.40304856073288,140.7125536414832,10.95852779919433,1.768324505808863,0.7641551247297629,1.0041693810791001,134.92679131204162,133.3469854516513,22.82651774043306
2011-04-13 00:00:00+01:00,135.88400268554688,136.2240686138438,134.61879119598143,2.544203188784195,1.0682052639795074,126.21129584855028,133.57562037876673,140.9399449089832,11.026450050292404,1.6052774178623679,0.4808864294266142,1.1243909884357537,134.92679131204162,133.3469854516513,22.82651774043306
2011-04-14 00:00:00+01:00,136.2969970703125,136.23528837637744,134.7431027422282,1.9758913983968114,0.6069033612874364,126.56892656544599,133.8634294782366,141.15793239102723,10.898425270027245,1.4921856341492514,0.2942357165707983,1.1979499175784531,134.92679131204162,133.3469854516513,22.82651774043306
2011-04-18 00:00:00+01:00,135.64100646972656,136.14386039073884,134.8096141294503,1.0243855043387669,-1.7616099790596706,127.76027055894768,134.29838198707216,140.83649341519666,9.736694264498079,1.3342462612885413,0.10903707496807047,1.2252091863204708,135.02285965399128,133.6138441496855,19.591079133962463
2011-04-19 00:00:00+01:00,133.8699951171875,135.79403496403864,134.74001272113452,0.040993138240480675,-1.0000072279704568,128.58570260754925,134.56219119117372,140.5386797747982,8.882864541249363,1.054022242904125,-0.13694955473307657,1.1909717976372016,135.02285965399128,133.6138441496855,19.591079133962463
2011-04-20 00:00:00+01:00,134.76499938964844,135.63572179874785,134.74186358546888,1.0181309213670602,0.028140686992060182,128.91877114658075,134.72338140578498,140.5279916649892,8.617079230992307,0.8938582132789747,-0.23769086748658141,1.1315490807655562,135.02285965399128,133.6138441496855,19.591079133962463
2011-04-21 00:00:00+01:00,135.10800170898438,135.5545340926304,134.7689849279515,1.141018734157882,0.0020111657985069087,129.13749545431222,134.85128638857887,140.56507732284553,8.47421049852229,0.7855491646789119,-0.27679993286931537,1.0623490975482273,135.02285965399128,133.6138441496855,19.591079133962463
2011-04-22 00:00:00+01:00,135.21499633789062,135.50229751497812,134.8020228101692,0.923975114635482,-0.028020734973893013,129.3581548811314,134.9786674862816,140.5991800914318,8.328001320240372,0.7002747048089191,-0.28965951419144653,0.9899342190003656,135.02285965399128,133.6138441496855,19.591079133962463
2011-04-25 00:00:00+01:00,135.25999450683594,135.4650201291101,134.83594663955193,1.0570587315418152,0.06404725693244018,129.78190395487877,135.16442943754652,140.54695492021426,7.964411206507214,0.6290734895581522,-0.2886885835537707,0.9177620731119229,135.24857208540826,133.91186597805074,18.635533687577155
2011-04-26 00:00:00+01:00,135.0500030517578,135.40117134797896,134.8518026700857,0.23720184651585896,-0.6318014493825785,130.39721399672527,135.3770483107794,140.35688262483353,7.3569846236005,0.5493686778932556,-0.29471471617493383,0.8440833940681894,135.24857208540826,133.91186597805074,18.635533687577155
2011-04-27 00:00:00+01:00,134.59100341796875,135.2765301279774,134.83248420696592,1.825520553776272,-0.662486038020603,131.1217510539554,135.58042907714844,140.03910710034148,6.577170545250233,0.44404592101147955,-0.32002997844536796,0.7640758994568475,135.24857208540826,133.91186597805074,18.635533687577155
2011-04-28 00:00:00+01:00,136.67999267578125,135.49244744302413,134.9693366861374,2.0626609945266523,0.5506675863235273,131.95632224902687,135.86457170758928,139.7728211661517,5.753154644278907,0.523110756886723,-0.19277211405609962,0.7158828709428227,135.24857208540826,133.91186597805074,18.635533687577155
2011-04-29 00:00:00+01:00,135.6999969482422,135.5243781361346,135.02345966851553,0.9665458246485343,0.13953471625009684,132.55696923688686,136.0451427641369,139.53331629138694,5.127964815763439,0.5009184676190728,-0.17197152265899995,0.6728899902780727,135.24857208540826,133.91186597805074,18.635533687577155
2011-05-02 00:00:00+01:00,135.57000732421875,135.53139801122447,135.0639446800491,1.0230609351852706,0.23605837170870814,132.81300280689985,136.13800048828125,139.46299816966265,4.884745874709126,0.4674533311753635,-0.16434932728216745,0.6318026584575309,134.0763795999076,133.6004557853158,18.26340016677098
2011-05-03 00:00:00+01:00,135.1999969482422,135.48041323230413,135.0740226258412,0.2639748106822424,-2.134020184434945,133.04600419129943,136.21181015741257,139.3776161235257,4.648357528549971,0.406390606462935,-0.18032964159567677,0.5867202480586118,134.0763795999076,133.6004557853158,18.26340016677098
2011-05-04 00:00:00+01:00,133.54800415039062,135.18311952739435,134.96098422025227,-0.7409829995491464,-1.9309854409553964,132.74679151256782,136.1068100702195,139.46682862787117,4.93732614248793,0.22213530714208218,-0.29166795273322366,0.5138032598753058,134.0763795999076,133.6004557853158,18.26340016677098
2011-05-05 00:00:00+01:00,133.0,134.8472549847183,134.8157261298632,-1.6317203925585204,-3.7757328437303954,132.3697029954954,135.97919137137276,139.58867974725013,5.308883424699134,0.0315288548550825,-0.3858195240161787,0.4173483788712612,134.0763795999076,133.6004557853158,18.26340016677098
2011-05-06 00:00:00+01:00,131.73199462890625,134.3679841607472,134.58730157423676,-1.9073088984555113,-3.2133086543148863,131.8318091810744,135.6441432407924,139.45647730051041,5.621081704870137,-0.2193174134895628,-0.5093326338886592,0.2900152203990964,134.0763795999076,133.6004557853158,18.26340016677098
2011-05-09 00:00:00+01:00,131.9929962158203,134.0026013999892,134.39513080694667,-2.06512897589198,-3.1751295862435427,131.53954745923394,135.2990475609189,139.05854766260384,5.557319389099499,-0.39252940695746474,-0.5460357018852489,0.15350629492778414,133.3599203843134,133.36139095214568,18.61713648678282
2011-05-10 00:00:00+01:00,131.6719970703125,133.64404688773124,134.1934171968256,-1.7484098726068567,-2.7544218354974817,131.21443055900417,134.96771385556175,138.72099715211934,5.561749827924373,-0.5493703090943711,-0.5623012832177242,0.01293097412335309,133.3599203843134,133.36139095214568,18.61713648678282
2011-05-11 00:00:00+01:00,132.58999633789062,133.48188526467882,134.07464528134895,-0.10464406064582477,-2.0646507745130123,131.2900620503592,134.65138026646204,138.01269848256487,4.99262348362283,-0.5927600166701268,-0.4845527926347839,-0.10820722403534289,133.3599203843134,133.36139095214568,18.61713648678282
2011-05-12 00:00:00+01:00,132.56700134277344,133.341133892078,133.96296795256558,-0.8389750326437024,-2.76297100432339,131.33264480438666,134.3777611142113,137.42287742403593,4.532173009247429,-0.6218340604875721,-0.41090146916178333,-0.21093259132578873,133.3599203843134,133.36139095214568,18.61713648678282
2011-05-13 00:00:00+01:00,131.927001953125,133.12357513223907,133.81215565631072,-1.8321599287716595,-3.2631596846310345,131.0520393252524,134.1893325079055,137.32662569055861,4.675920393997463,-0.6885805240716536,-0.3821183461966919,-0.3064621778749617,133.3599203843134,133.36139095214568,18.61713648678282
2011-05-16 00:00:00+01:00,130.71400451660156,132.75287196060253,133.58266297929524,-2.1406616365217985,-3.1796631013655485,130.60469588165068,133.92347571963356,137.24225555761643,4.956233132614749,-0.8297910186927027,-0.4186630726541927,-0.41112794603850994,133.10661562404746,133.25262168805568,19.133730665316453
2011-05-17 00:00:00+01:00,130.8939971923828,132.46689122703026,133.38350255063506,-0.25749547055693256,-2.5634952264163076,130.23388009691007,133.69742765880767,137.16097522070527,5.181173074977151,-0.9166113236047977,-0.4043867020530302,-0.5122246215517675,133.10661562404746,133.25262168805568,19.133730665316453
2011-05-18 00:00:00+01:00,132.30499267578125,132.44198375760735,133.3036129302755,-0.8236172027364432,-2.5436184234395682,130.11041405774588,133.62290373302642,137.13539340830695,5.257316787993707,-0.8616291726681595,-0.27952364089311366,-0.5821055317750459,133.10661562404746,133.25262168805568,19.133730665316453
2011-05-19 00:00:00+01:00,131.95700073242188,132.3673709845019,133.20386387858264,-0.3038699820982629,-1.3878696158873254,129.94712405280072,133.48918951125373,137.03125496970674,5.306894845075672,-0.8364928940807488,-0.2035098898445623,-0.6329830042361865,133.10661562404746,133.25262168805568,19.133730665316453
2011-05-20 00:00:00+01:00,132.60000610351562,132.4031610028117,133.15913367302213,-0.2571408751705633,-1.0451352599361883,129.88542165763195,133.36976114908853,136.8541006405451,5.225081699833865,-0.7559726702104399,-0.09839173277940272,-0.6575809374310372,133.10661562404746,133.25262168805568,19.133730665316453
2011-05-23 00:00:00+01:00,132.5070037841797,132.41913681532984,133.1108277553301,-0.20082409322071726,-1.8508332484941548,129.8397302988333,133.24080912272134,136.6418879466094,5.105160868177379,-0.6916909400002567,-0.027288002055375626,-0.664402937944881,133.10441245053684,133.23081946169282,17.94812758580018
2011-05-24 00:00:00+01:00,131.9759979248047,132.3509616014029,133.02676628640228,0.04223395773834682,-1.6247734885507157,129.76815952053428,133.08442833310082,136.40069714566735,4.983706740304959,-0.6758046849993775,-0.009121397643597207,-0.6666832873557803,133.10441245053684,133.23081946169282,17.94812758580018
2011-05-25 00:00:00+01:00,132.75999450683594,132.41388974070028,133.0070054138418,0.6499922668222666,-0.9199997986074209,129.7762835204233,132.97538030715216,136.17447709388102,4.811562530356295,-0.5931156731415115,0.05885409137141506,-0.6519697645129265,133.10441245053684,133.23081946169282,17.94812758580018
2011-05-26 00:00:00+01:00,133.4969940185547,132.5805211680625,133.04330086604276,0.7126958380588064,-0.44329476252713107,129.79630506635016,132.92328462146577,136.05026417658138,4.704938738190999,-0.46277969798026675,0.15135205322612788,-0.6141317512063946,133.10441245053684,133.23081946169282,17.94812758580018
2011-05-27 00:00:00+01:00,133.10000610351562,132.66044192736297,133.04750125400372,0.5214989901369051,-0.35749881259746985,130.1109273143481,132.7528090704055,135.39469082646292,3.9801519448922433,-0.3870593266407525,0.18165793965251376,-0.5687172662932662,133.10441245053684,133.23081946169282,17.94812758580018
2011-05-30 00:00:00+01:00,133.39999389648438,132.77421915338164,133.0736118201134,0.37638512812878844,-0.08461340702746156,130.32879217511913,132.6432851155599,134.95777805600068,3.4898003897059198,-0.29939266673176235,0.2154596796492031,-0.5148523463809654,132.8849413488605,133.1187022736664,16.02762416813805
2011-05-31 00:00:00+01:00,133.32000732421875,132.85818656427966,133.091863338936,1.9631293368452418,0.20313483000930432,130.5953625485321,132.53614225841704,134.47692196830198,2.928679946185293,-0.2336767746563453,0.22494045737969615,-0.45861723203604143,132.8849413488605,133.1187022736664,16.02762416813805
2011-06-01 00:00:00+01:00,134.07000732421875,133.0446205273472,133.16431844895695,1.1526828938164897,-0.8943141764960103,130.79368189485166,132.48233322870163,134.1709845625516,2.549247575425608,-0.1196979216097418,0.2711354483410397,-0.3908333699507815,132.8849413488605,133.1187022736664,16.02762416813805
2011-06-02 00:00:00+01:00,132.11000061035156,132.90083284780943,133.08622083128247,-0.2842188781574748,-1.2992182678059123,130.78816374057996,132.41385686965216,134.03954999872437,2.4554728145597804,-0.1853879834730492,0.16435630918218586,-0.34974429265523505,132.8849413488605,133.1187022736664,16.02762416813805
2011-06-03 00:00:00+01:00,132.4459991455078,132.83085843207073,133.0387970027066,-0.5087982234097126,-2.381799322042525,130.78284184021933,132.3874758765811,133.99210991294288,2.4241477915293155,-0.20793857063586074,0.11344457761549942,-0.32138314825136016,132.8849413488605,133.1187022736664,16.02762416813805
2011-06-06 00:00:00+01:00,131.9600067138672,132.6968812446548,132.9588866109407,-0.7048888082063343,-1.9718870992219593,130.8085709244498,132.39833359491257,133.98809626537533,2.4014844104108093,-0.262005366285905,0.047502225572364165,-0.30950759185826915,132.38329586017784,132.87031693211586,14.145211186176546
2011-06-07 00:00:00+01:00,131.02999877929688,132.4404377884459,132.81600603081895,-0.7869990728111418,-1.9700129888267668,130.66597867202958,132.35247657412575,134.0389744762219,2.5484946647773814,-0.3755682423730491,-0.052848520411823974,-0.3227197219612251,132.38329586017784,132.87031693211586,14.145211186176546
2011-06-08 00:00:00+01:00,131.79299926757812,132.34083186215855,132.74022775206038,-0.8342218926853775,-2.260232024521315,130.6802744004704,132.35823858351935,134.0362027665683,2.5354888384830394,-0.3993958899018253,-0.061340934352480114,-0.33805495554934517,132.38329586017784,132.87031693211586,14.145211186176546
2011-06-09 00:00:00+01:00,131.06500244140625,132.14455041281204,132.61613698830823,-0.7031426035426023,-1.7261375986597898,130.52414237041535,132.2856198265439,134.04709728267244,2.6631427640256553,-0.47158657549618965,-0.10682529595747559,-0.36476127953871407,132.38329586017784,132.87031693211586,14.145211186176546
2011-06-10 00:00:00+01:00,131.3800048828125,132.02692802358135,132.5245716471604,-0.9175770182541498,-2.637578238957275,130.431553717392,132.2290961855934,134.02663865379478,2.7188304541965564,-0.49764362357905156,-0.10630587523226998,-0.3913377483467816,132.38329586017784,132.87031693211586,14.145211186176546
2011-06-13 00:00:00+01:00,130.3209991455078,131.76447742695464,132.3613440544454,-1.031342223390709,-2.071350768312584,130.18186527768282,132.15261986142113,134.12337444515944,2.9825433439078237,-0.5968666274907548,-0.16442310331517856,-0.43244352417557624,131.65219805392064,132.48741486201448,13.77127538396456
2011-06-14 00:00:00+01:00,131.23500061035156,131.68301945516956,132.27791120673473,0.0020875725621465335,-1.2479124274378535,130.26756398505376,132.17742919921875,134.08729441338374,2.8898507494595504,-0.5948917515651715,-0.1299585819116762,-0.4649331696534953,131.65219805392064,132.48741486201448,13.77127538396456
2011-06-15 00:00:00+01:00,131.86700439453125,131.71132483045596,132.24747366509,-0.2534703691915752,-1.5744695146993877,130.3952112859225,132.22376287551154,134.05231446510058,2.7658441263853883,-0.5361488346340479,-0.05697253198444213,-0.4791763026496058,131.65219805392064,132.48741486201448,13.77127538396456
2011-06-16 00:00:00+01:00,130.99000549316406,131.60035262471874,132.15432787457698,-0.8423314146160408,-2.4193272642254158,130.25940982335797,132.16114443824404,134.0628790531301,2.877902764794391,-0.5539752498582402,-0.059839157766907514,-0.4941360920913327,131.65219805392064,132.48741486201448,13.77127538396456
2011-06-17 00:00:00+01:00,130.19000244140625,131.3833756734399,132.0088222869347,-1.671816671700327,-2.619814718575327,129.998441385033,132.0770016624814,134.15556193992978,3.147497673758652,-0.6254466134948018,-0.10504841712277524,-0.5203981963720266,131.65219805392064,132.48741486201448,13.77127538396456
2011-06-20 00:00:00+01:00,129.50399780273438,131.09424061640829,131.82327973254948,-1.6532815636041676,-2.918280953252605,129.59667989706384,131.92957269577752,134.2624654944912,3.536572962444457,-0.7290391161411947,-0.1669127358153345,-0.5621263803258602,130.7364649623794,131.97564113591196,16.054765563476273
2011-06-21 00:00:00+01:00,130.0,130.9258959061916,131.68822197458286,-1.4212236835672343,-2.0482225849344218,129.3543694652048,131.81019156319755,134.2660136611903,3.7263007797318703,-0.7623260683912463,-0.1601597504523089,-0.6021663179389374,130.7364649623794,131.97564113591196,16.054765563476273
2011-06-22 00:00:00+01:00,130.06100463867188,130.7928357111886,131.56768735710799,-1.0976861364048602,-2.5926812535923602,129.15475600432808,131.71900140671502,134.28324680910197,3.8935087193216753,-0.7748516459193979,-0.1381482623843684,-0.6367033835350295,130.7364649623794,131.97564113591196,16.054765563476273
2011-06-23 00:00:00+01:00,129.02000427246094,130.5200924129228,131.37897009157857,-2.1439694812270034,-2.9289731433363784,128.77873160304324,131.54090663364954,134.30308166425584,4.199720225890107,-0.858877678655773,-0.17773943609659482,-0.6811382425591782,130.7364649623794,131.97564113591196,16.054765563476273
2011-06-24 00:00:00+01:00,128.90499877929688,130.27161646928803,131.19571295733547,-2.1967200374135984,-2.990711126280786,128.4879913444696,131.3222401936849,134.1564890429002,4.316479592542915,-0.9240964880474394,-0.19436659639060894,-0.7297298916568304,130.7364649623794,131.97564113591196,16.054765563476273
2011-06-27 00:00:00+01:00,128.39999389648438,129.98367453501055,130.98862265653167,-1.4836177737191747,-2.662618628211362,128.12232730309483,131.09843008858817,134.0745328740815,4.5402569405022986,-1.0049481215211244,-0.22017458389143518,-0.7847735376296893,130.25430773696385,131.59197715737207,17.957674046402698
2011-06-28 00:00:00+01:00,129.2270050048828,129.86726383806783,130.85813246011324,-1.253136732574177,-2.218133070464802,128.00880968614814,130.89971633184524,133.79062297754234,4.416979236789685,-0.9908686220454115,-0.16487606753257777,-0.8259925545128337,130.25430773696385,131.59197715737207,17.957674046402698
2011-06-29 00:00:00+01:00,129.60000610351562,129.82614726352134,130.76493791518007,-0.7409358399847576,-1.6809382813910076,127.9953383678347,130.72257341657365,133.4498084653126,4.172554100580727,-0.938790651658735,-0.090238477716721,-0.848552173942014,130.25430773696385,131.59197715737207,17.957674046402698
2011-06-30 00:00:00+01:00,129.7830047607422,129.81950995540146,130.69220212596244,-0.9272027363140012,-2.285204445298376,128.21518958086872,130.51843043736048,132.82167129385223,3.5293725932402253,-0.8726921705609811,-0.019311997295173744,-0.8533801732658074,130.25430773696385,131.59197715737207,17.957674046402698
2011-07-01 00:00:00+01:00,129.2899932861328,129.73804585243704,130.58833480449357,-0.5713365134779451,-1.5493333396498201,128.13965498010614,130.38414437430245,132.62863376849876,3.4428870242886314,-0.8502889520565304,0.0024729769674215474,-0.852761929023952,130.25430773696385,131.59197715737207,17.957674046402698
2011-07-04 00:00:00+01:00,129.91000366210938,129.76450090007893,130.53808805320585,-0.42308256004179157,-0.8980886635574166,128.2109551054213,130.26338268461683,132.31581026381235,3.151196501882183,-0.7735871531269254,0.06333982071762123,-0.8369269738445466,130.10287284189516,131.33598085657005,16.436062981248647
2011-07-05 00:00:00+01:00,129.9149932861328,129.78765357485645,130.4919328852745,0.3290662602333043,-0.7569322749229457,128.25567302352852,130.16600109281995,132.0763291621114,2.935218187934043,-0.7042793104180589,0.10611813074119014,-0.810397441159249,130.10287284189516,131.33598085657005,16.436062981248647
2011-07-06 00:00:00+01:00,130.2220001220703,129.85447612058167,130.4719378657779,-0.2059313960513407,-1.4839312739810282,128.25620456536618,130.12752496628534,131.9988453672045,2.876133087759871,-0.6174617451962376,0.15434855677040915,-0.7718103019666468,130.10287284189516,131.33598085657005,16.436062981248647
2011-07-07 00:00:00+01:00,129.5540008544922,129.8082491565679,130.40394253160858,-0.3569454612960783,-1.2989468040695158,128.29154796446184,130.02090599423363,131.75026402400542,2.6601230264438924,-0.5956933750406677,0.14089354154078326,-0.7365869165814509,130.10287284189516,131.33598085657005,16.436062981248647
2011-07-08 00:00:00+01:00,129.8000030517578,129.80698052505866,130.35920627384186,-0.3672018793106133,-1.4592123773574883,128.29399028753517,129.9606679280599,131.62734556858464,2.5648954673691478,-0.5522257487832007,0.1474889342386001,-0.6997146830218008,130.10287284189516,131.33598085657005,16.436062981248647
2011-07-11 00:00:00+01:00,129.20700073242188,129.71467594157608,130.27385771521816,-0.8638540531087813,-2.5958563114095625,128.28892482269055,129.85719153994606,131.42545825720157,2.4153713762908366,-0.5591817736420808,0.11242632750377601,-0.6716081011458568,129.34191512620484,130.8336978334635,22.03688298855933
2011-07-12 00:00:00+01:00,127.69000244140625,129.4031877107807,130.08246102826914,-2.3124643852027305,-4.9284616996558555,127.9290440877949,129.73190598260788,131.53476787742088,2.779365463195584,-0.6792733174884233,-0.0061321730740532265,-0.6731411444143701,129.34191512620484,130.8336978334635,22.03688298855933
2011-07-13 00:00:00+01:00,126.19000244140625,128.90885151549233,129.79413076257558,-2.479128321169327,-3.694132288454483,127.26037880048389,129.49166797456286,131.72295714864183,3.4462281766534626,-0.8852792470832469,-0.16971048213510143,-0.7155687649481455,129.34191512620484,130.8336978334635,22.03688298855933
2011-07-14 00:00:00+01:00,127.58499908447266,128.70518191072009,129.6304913790124,-1.8444882662194289,-2.80549443077021,127.18298560346025,129.2877629597982,131.39254031613612,3.2559575758030723,-0.925309468292312,-0.16779256267533316,-0.7575169056169788,129.34191512620484,130.8336978334635,22.03688298855933
2011-07-15 00:00:00+01:00,127.81999969482422,128.5690000313515,129.49638088388735,-1.4963808838873547,-2.3413821045904797,127.0880643871297,129.13681030273438,131.18555621833906,3.1729851632571973,-0.9273808525358618,-0.1358911575351064,-0.7914896950007554,129.34191512620484,130.8336978334635,22.03688298855933
2011-07-18 00:00:00+01:00,127.44000244140625,128.39530809443684,129.34405655481467,-1.8800596676076395,-2.705056615849827,126.89259083795164,129.005857921782,131.11912500561235,3.2762343010991852,-0.9487484603778285,-0.12580701230165847,-0.82294144807617,128.9692764252824,130.4608837177455,26.704232994651566
2011-07-19 00:00:00+01:00,126.91899871826172,128.1681835750253,129.16442264099592,-1.5274216033982668,-2.302423129277173,126.60514491122777,128.8827627272833,131.16038054333885,3.5344025343016456,-0.9962390659706273,-0.13863809431556584,-0.8576009716550614,128.9692764252824,130.4608837177455,26.704232994651566
2011-07-20 00:00:00+01:00,127.66200256347656,128.09030957324856,129.05313226488337,-1.2671291520904049,-2.2771312883208736,126.49457538720239,128.77142951602028,131.04828364483816,3.536272195432338,-0.9628226916348126,-0.08417737598380093,-0.8786453156510117,128.9692764252824,130.4608837177455,26.704232994651566
2011-07-21 00:00:00+01:00,127.26699829101562,127.96364629905888,128.92082604459688,-0.7848244576828165,-1.924823847331254,126.35198653748856,128.6383815947033,130.92477665191805,3.5547634055571637,-0.9571797455379993,-0.06282754390959011,-0.8943522016284092,128.9692764252824,130.4608837177455,26.704232994651566
2011-07-22 00:00:00+01:00,128.2239990234375,128.0037005643479,128.86920922821471,-0.49721520966002686,-1.4042128903240894,126.31425212873879,128.60047658284506,130.88670103695134,3.5555458499929866,-0.8655086638668195,0.023074830209271813,-0.8885834940760913,128.9692764252824,130.4608837177455,26.704232994651566
2011-07-25 00:00:00+01:00,127.83000183105469,127.97697768230279,128.79223090249917,-0.807230292147608,-1.712229071444483,126.24456294611538,128.54928625197638,130.85400955783737,3.5857426720260177,-0.8152532201963822,0.05866421910376718,-0.8739174393001494,128.38485208951118,129.99732938920596,31.33088323638962
2011-07-26 00:00:00+01:00,127.45999908447266,127.89744251340585,128.69354706412685,-0.5595443785799716,-1.5725448668612216,126.15388668441359,128.50452459426154,130.8551625041095,3.6584515872415024,-0.7961045507209974,0.06225031086332167,-0.8583548615843191,128.38485208951118,129.99732938920596,31.33088323638962
2011-07-27 00:00:00+01:00,127.99500274658203,127.91245178004834,128.641803040605,-0.5708038950971854,-1.4368012095503104,126.10881758636111,128.44585782005674,130.78289805375238,3.6389499410244186,-0.7293512605566548,0.10320288082213147,-0.8325541413787862,128.38485208951118,129.99732938920596,31.33088323638962
2011-07-28 00:00:00+01:00,127.25,127.81053612157936,128.53870651907872,-1.148707129430278,-1.8587062139029342,126.00364460713264,128.33395276750838,130.6642609278841,3.6316315520918283,-0.7281703974993547,0.0835069951035452,-0.8116773926029,128.38485208951118,129.99732938920596,31.33088323638962
2011-07-29 00:00:00+01:00,127.21600341796875,127.71906955179311,128.4407285115891,-1.100732173698475,-2.3607266805344125,125.929462663117,128.2117146083287,130.4939665535404,3.560130136600547,-0.7216589597959882,0.07201474624552939,-0.7936737060415175,128.38485208951118,129.99732938920596,31.33088323638962
2011-08-01 00:00:00+01:00,126.66999816894531,127.5576739544319,128.3095633010229,0.14144072729740742,-4.060562751706499,125.76796843366988,128.08695293608167,130.40593743849348,3.6209534995637345,-0.7518893465909997,0.03342748756041425,-0.785316834151414,128.4789038751038,129.8072833973607,26.528789940543394
2011-08-02 00:00:00+01:00,126.32499694824219,127.36803133809502,128.1625583860021,-1.5045612546544476,-2.7925556394200726,125.63163854953072,127.91623833065941,130.2008381117881,3.572024648228121,-0.7945270479070814,-0.007368171004533908,-0.7871588769025475,128.4789038751038,129.8072833973607,26.528789940543394
2011-08-03 00:00:00+01:00,125.87699890136719,127.13864173244458,127.99325768343655,-1.4012548147842097,-2.7132589041396784,125.4650505644634,127.7239528837658,129.9828552030682,3.537163184039719,-0.8546159509919704,-0.05396565927153829,-0.8006502917204321,128.4789038751038,129.8072833973607,26.528789940543394
2011-08-04 00:00:00+01:00,126.71900177001953,127.07408173822535,127.89886835651677,2.9011346952410406,-1.3888662202863031,125.55837182104804,127.55714343843006,129.55591505581208,3.133923453447037,-0.8247866182914265,-0.019309061256795546,-0.805477557034631,128.4789038751038,129.8072833973607,26.528789940543394
2011-08-05 00:00:00+01:00,128.66700744628906,127.31914723177361,127.95576754835176,1.004239165515429,-0.5257672431759772,125.6539736924609,127.51490565708706,129.3758376217132,2.9187677394054155,-0.6366203165781457,0.13508579236518825,-0.7717061089433339,128.4789038751038,129.8072833973607,26.528789940543394
2011-08-08 00:00:00+01:00,128.47500610351562,127.49697167358008,127.99422966354908,0.7657648432868598,-1.4642308842522027,125.83066295270366,127.45181056431362,129.0729581759236,2.5439381432591164,-0.4972579899690004,0.2195584951794668,-0.7168164851484672,127.22060337685957,129.07824325207648,24.5865653481109
2011-08-09 00:00:00+01:00,126.63999938964844,127.36512978374444,127.89391630992681,-0.8839141736963398,-2.9639160047510273,125.87799283028237,127.32957240513393,128.7811519799855,2.2800352619310984,-0.5287865261823725,0.15042396717287576,-0.6792104933552483,127.22060337685957,129.07824325207648,24.5865653481109
2011-08-10 00:00:00+01:00,125.66799926757812,127.10403278125732,127.72903356604913,-1.9470358853850627,-4.439032650521781,125.62981338784164,127.23328653971355,128.83675969158546,2.520524613457053,-0.6250007847918084,0.04336776685075194,-0.6683685516425604,127.22060337685957,129.07824325207648,24.5865653481109
2011-08-11 00:00:00+01:00,123.66999816894531,126.57571976397854,127.42836427737477,-2.766361713898206,-4.054363728058362,124.93965240032514,127.11328633626302,129.2869202722009,3.419994870068551,-0.8526445133962284,-0.14742076940293436,-0.705223743993294,127.22060337685957,129.07824325207648,24.5865653481109
2011-08-12 00:00:00+01:00,124.7040023803711,126.28776324342356,127.22655969241153,-2.1815615234662147,-3.2775621948529334,124.58597806954508,126.97609601702008,129.3662139644951,3.7646738598021425,-0.9387964489879721,-0.1868581639957425,-0.7519382849922296,127.22060337685957,129.07824325207648,24.5865653481109
2011-08-15 00:00:00+01:00,125.11499786376953,126.10733780039986,127.07014770510472,-1.1801483154562789,-2.0901443481711226,124.36325866098987,126.84728640601749,129.3313141510451,3.9165642646491348,-0.9628099047048551,-0.1686972957701004,-0.7941126089347547,126.96240196640899,128.70220837970953,22.96804485441715
2011-08-16 00:00:00+01:00,125.93699645996094,126.08113144033233,126.9862105758348,-0.8352095992723036,-1.6952102096238661,124.27755116051573,126.77571469261532,129.2738782247149,3.9410758411525753,-0.9050791355024757,-0.08877322125417675,-0.8163059142482989,126.96240196640899,128.70220837970953,22.96804485441715
2011-08-17 00:00:00+01:00,126.15499877929688,126.09249564632687,126.92463933164682,0.005360973528965474,-1.6186395757874408,124.22835695298396,126.7393337431408,129.25031053329766,3.962427000359308,-0.8321436853199486,-0.012670216857319838,-0.8194734684626288,126.96240196640899,128.70220837970953,22.96804485441715
2011-08-18 00:00:00+01:00,126.5999984741211,126.17057300444905,126.90059186071899,-0.13059521765258353,-1.218592654176021,124.21160312468783,126.68876211983817,129.16592111498852,3.9106215163853895,-0.7300188562699361,0.07156368975415417,-0.8015825460240903,126.96240196640899,128.70220837970953,22.96804485441715
2011-08-19 00:00:00+01:00,126.44599914550781,126.21294625691964,126.8669183262589,-0.11691832625889731,-1.1069161900284286,124.18435935825559,126.64966692243304,129.1149744866105,3.8931133797411968,-0.653972069339261,0.11808838134786348,-0.7720604506871245,126.96240196640899,128.70220837970953,22.96804485441715
2011-08-22 00:00:00+01:00,126.48999786376953,126.2555695810504,126.83899829200043,0.391005064933168,-0.6810011606527695,124.20421036306978,126.56709543863933,128.9299805142089,3.733806274657069,-0.5834287109500309,0.15090539178967488,-0.7343341027397058,126.66160049713724,128.3247496909787,22.80700286778717
2011-08-23 00:00:00+01:00,126.48899841308594,126.29148170905586,126.8130723750438,0.116927930131979,-0.6810685908641148,124.20883626694112,126.50323813302177,128.79763999910242,3.6274199774523064,-0.5215906659879437,0.17019474940140966,-0.6917854153893533,126.66160049713724,128.3247496909787,22.80700286778717
2011-08-24 00:00:00+01:00,126.4260025024414,126.31217721573056,126.78440053262881,-0.05540425577333963,-1.1844020585077146,124.19981334190653,126.45400020054409,128.70818705918163,3.565228233290554,-0.47222331689825126,0.17564967879288163,-0.6478729956911329,126.66160049713724,128.3247496909787,22.80700286778717
2011-08-25 00:00:00+01:00,126.08999633789062,126.27799554221671,126.73296318487043,-0.2329631848704281,-1.016959766901678,124.21355120059474,126.36328560965401,128.5130200187133,3.4024667824798,-0.45496764265371326,0.15432428242993568,-0.6092919250836489,126.66160049713724,128.3247496909787,22.80700286778717
2011-08-26 00:00:00+01:00,126.05999755859375,126.2444573908901,126.6831138792203,-0.5531166258023319,-2.1831138792203006,124.19089910109294,126.30661882672992,128.42233855236688,3.3501327884318717,-0.43865648833019577,0.13650834940276257,-0.5751648377329583,126.66160049713724,128.3247496909787,22.80700286778717
2011-08-29 00:00:00+01:00,125.3499984741211,126.1068483267718,126.5843645899537,-0.06736629893806878,-1.285360988879475,124.1055407198285,126.21776144845145,128.3299821770744,3.34694690253338,-0.4775162631818972,0.07811885964084886,-0.5556351228227461,125.90206807637925,127.76164305439079,23.531641067556468
2011-08-30 00:00:00+01:00,126.24500274658203,126.12810285289645,126.55922667562987,-0.24922911703612272,-1.9092251497509665,124.09490053066429,126.19752357119606,128.30014661172783,3.3322730605653192,-0.43112382273342575,0.09960904007145621,-0.530732862804882,125.90206807637925,127.76164305439079,23.531641067556468
2011-08-31 00:00:00+01:00,125.03600311279297,125.96008750826515,126.44639530060492,-1.1613916384955445,-2.1393960940619507,123.97747775215066,126.13614291236514,128.29480807257963,3.422754351564794,-0.4863077923397725,0.03554005637208757,-0.5218478487118601,125.90206807637925,127.76164305439079,23.531641067556468
2011-09-01 00:00:00+01:00,124.66600036621094,125.76099717871834,126.3145141943535,-1.0445175512871003,-2.114517246111319,123.8322746745345,126.07847631545295,128.3246779563714,3.5631801819977134,-0.5535170156351654,-0.025335333538644256,-0.5281816820965212,125.90206807637925,127.76164305439079,23.531641067556468
2011-09-02 00:00:00+01:00,124.38300323486328,125.54899811043295,126.17143930846534,-1.5214377825864318,-2.0094367449887756,123.62943432426589,125.9672382899693,128.3050422556727,3.7117650548500847,-0.6224411980323907,-0.07540761274869567,-0.5470335852836951,125.90206807637925,127.76164305439079,23.531641067556468
2011-09-05 00:00:00+01:00,124.33699798583984,125.36253655280323,126.03555476604863,-1.6845568412439462,-2.512552141536915,123.66029511505116,125.76104736328125,127.86179961151134,3.340863156398069,-0.673018213245399,-0.10078770236936319,-0.5722305108760358,125.19371219333486,127.19240839337012,27.70293621639233
2011-09-06 00:00:00+01:00,123.7750015258789,125.11830039481488,125.86810637788791,-0.9081072934152559,-2.7381091244699434,123.65013910497368,125.53723762148903,127.42433613800438,3.0064362610960056,-0.7498059830730313,-0.1420603777575964,-0.6077456053154349,125.19371219333486,127.19240839337012,27.70293621639233
2011-09-07 00:00:00+01:00,123.79000091552734,124.91394662877065,125.71417263993527,-1.8951723957946456,-2.5421755696227706,123.44261425877929,125.40152340843564,127.36043255809199,3.124219062755941,-0.8002260111646251,-0.1539843246793522,-0.6462416864852729,125.19371219333486,127.19240839337012,27.70293621639233
2011-09-08 00:00:00+01:00,123.54000091552734,124.70257036519476,125.55312288257171,-1.1831201359896824,-2.4151223942904636,123.19240069287294,125.30019015357608,127.40797961427923,3.3643834987316477,-0.8505525173769541,-0.16344866471334496,-0.6871038526636092,125.19371219333486,127.19240839337012,27.70293621639233
2011-09-09 00:00:00+01:00,123.7770004272461,124.56017499012573,125.4215582562513,-1.214557523829427,-3.033557767970052,123.21282229008533,125.30528549920945,127.39774870833357,3.3397844325366797,-0.8613832661255714,-0.1394235307695697,-0.7219597353560017,125.19371219333486,127.19240839337012,27.70293621639233
2011-09-12 00:00:00+01:00,122.81400299072266,124.29153314406372,125.22840601436029,-2.2244082116259136,-3.96040827266107,122.87876555858121,125.21528552827381,127.55180549796641,3.7320043792337363,-0.9368728702965683,-0.17193050795245335,-0.764942362344115,123.84147514142246,126.32735019968834,33.36139086652085
2011-09-13 00:00:00+01:00,122.38099670410156,123.99760446099262,125.01748680619298,-2.603485341349227,-3.669487233439071,122.45455445145487,125.08509499686105,127.71563554226722,4.206001595109616,-1.019882345200358,-0.20395198628499445,-0.8159303589153636,123.84147514142246,126.32735019968834,33.36139086652085
2011-09-14 00:00:00+01:00,121.41999816894531,123.6010496468315,124.75100616639685,-3.2220068377835673,-4.041007081924192,121.8442604847633,124.86999984014602,127.89573919552875,4.846223046778515,-1.1499565195653503,-0.26722092851998935,-0.8827355910453609,123.84147514142246,126.32735019968834,33.36139086652085
2011-09-15 00:00:00+01:00,120.89299774169922,123.18442627681115,124.46522776456739,-2.545229595622075,-3.795229595622075,121.2132411644591,124.61942836216518,128.02561555987126,5.466542805520047,-1.2808014877562357,-0.31845271736869984,-0.9623487703875359,123.84147514142246,126.32735019968834,33.36139086652085
2011-09-16 00:00:00+01:00,121.13700103759766,122.86943777847061,124.21869245145852,-2.5046955642514916,-3.4396931228452416,120.7684356960481,124.35928562709263,127.95013555813716,5.774960692219088,-1.349254672987911,-0.30952472208030013,-1.0397299509076108,123.84147514142246,126.32735019968834,33.36139086652085
2011-09-19 00:00:00+01:00,120.9000015258789,122.5664475857642,123.97286349400818,-2.9928601370745866,-4.512864409535524,120.34483384134121,124.0951905023484,127.84554716335559,6.044322339690056,-1.4064159082439858,-0.2933487658691001,-1.1130671423748857,121.62098352934024,125.02058592904369,40.61158283428678
2011-09-20 00:00:00+01:00,119.90399932861328,122.15684016158713,123.67146614842338,-3.120463645981971,-3.9214661484233773,119.79092397653709,123.78157152448382,127.77221907243056,6.44788638372941,-1.5146259868362506,-0.32124707556909193,-1.1933789112671587,121.62098352934024,125.02058592904369,40.61158283428678
2011-09-21 00:00:00+01:00,120.25800323486328,121.86471140362961,123.41861704371522,-3.1176145412738094,-4.338615212660528,119.41770202146166,123.48485746837798,127.5520129152943,6.587294232343969,-1.5539056400856026,-0.28842138305475506,-1.2654842570308475,121.62098352934024,125.02058592904369,40.61158283428678
2011-09-22 00:00:00+01:00,118.6500015258789,121.37014065320643,123.06538626461624,-3.9893898656904554,-6.09238669186233,118.77888675725171,123.11457170758929,127.45025665792687,7.043333522916053,-1.6952456114098027,-0.3438090835031642,-1.3514365279066385,121.62098352934024,125.02058592904369,40.61158283428678
2011-09-23 00:00:00+01:00,117.18000030517578,120.72550367658633,122.62943174910212,-4.520430589434156,-5.479430223223218,117.8840211321206,122.69028618222191,127.49655123232323,7.834793119583994,-1.9039280725157965,-0.4419932356873264,-1.4619348368284701,121.62098352934024,125.02058592904369,40.61158283428678
2011-09-26 00:00:00+01:00,118.55999755859375,120.39234888920285,122.32799217943484,-3.4589888835364064,-4.587994315665313,117.4672910282204,122.33314332507905,127.1989956219377,7.955084230817959,-1.9356432902319938,-0.3789667627228188,-1.556676527509175,120.98065466897422,124.26050178892919,46.65340947409172
2011-09-27 00:00:00+01:00,118.68900299072266,120.13029567405205,122.05843742471542,-1.7134362040122966,-3.548435288484953,117.10983902791266,122.01595306396484,126.92206710001703,8.0417583321752,-1.9281417506633716,-0.2971721785233572,-1.6309695721400144,120.98065466897422,124.26050178892919,46.65340947409172
2011-09-28 00:00:00+01:00,120.12899780273438,120.13009600154165,121.91551597123535,-1.751514506391601,-2.6755181074658196,117.14189407396837,121.72471473330543,126.30753539264249,7.529811294900725,-1.7854199696937059,-0.1235603180429532,-1.6618596516507527,120.98065466897422,124.26050178892919,46.65340947409172
2011-09-29 00:00:00+01:00,119.18199920654297,119.98423495615724,121.7130332479248,-0.8920341024169858,-2.9530311116943295,116.99236800975716,121.44595264253162,125.89953727530609,7.334266043238684,-1.7287982917675606,-0.05355091209344631,-1.6752473796741143,120.98065466897422,124.26050178892919,46.65340947409172
2011-09-30 00:00:00+01:00,119.69999694824219,119.94050603186261,121.56391944794831,-1.0179218283194018,-2.4579166403311206,116.941411131762,121.20947628929501,125.47754144682803,7.042461180751696,-1.6234134160856968,0.04146717087073393,-1.6648805869564307,120.98065466897422,124.26050178892919,46.65340947409172
2011-10-03 00:00:00+01:00,120.30500030517578,119.99658207391079,121.4706661781133,-1.1506664832890863,-3.056664713269555,116.97758501666135,121.01528567359561,125.05298633052988,6.673042392057503,-1.4740841042025181,0.15263718620313016,-1.6267212904056483,120.07810398748673,123.40514476544098,52.10770406124883
2011-10-04 00:00:00+01:00,118.18900299072266,119.71849298418954,121.22758001608437,-2.6145810536820306,-3.471583311982812,116.80078742675487,120.72252400716145,124.64426058756804,6.497108327811211,-1.5090870318948362,0.0941074068086496,-1.6031944387034858,120.07810398748673,123.40514476544098,52.10770406124883
2011-10-05 00:00:00+01:00,118.72000122070312,119.56487886673008,121.04183343864872,-2.1918349645276294,-2.9318328282971606,116.72185121857198,120.48180970691499,124.24176819525799,6.241537203814431,-1.4769545719186397,0.10099189342787684,-1.5779464653465165,120.07810398748673,123.40514476544098,52.10770406124883
2011-10-06 00:00:00+01:00,118.71499633789062,119.4341277084471,120.86947513488886,-2.0644748297130775,-3.9194781866466712,116.71683806972571,120.24014282226562,123.76344757480554,5.860446719109322,-1.4353474264417656,0.1140792311238008,-1.5494266575655664,120.07810398748673,123.40514476544098,52.10770406124883
2011-10-07 00:00:00+01:00,118.27300262451172,119.25549308014935,120.67714383782389,-0.717144753351235,-2.43714597405436,116.69919326967882,119.98933337983631,123.2794734899938,5.484054319632363,-1.4216507576745414,0.10222071991282,-1.5238714775873614,120.07810398748673,123.40514476544098,52.10770406124883
2011-10-10 00:00:00+01:00,119.3010025024414,119.26249452973275,120.57520744261038,-0.34520408567678373,-1.3352095788408462,116.9476046917987,119.77619062151227,122.60477655122584,4.723118868676966,-1.312712912877629,0.168926851767786,-1.481639764645415,120.38873670373464,123.06298153269663,48.683060039924136
2011-10-11 00:00:00+01:00,120.0,119.37595690977386,120.5325994838985,-0.4225988735469315,-1.122595821789119,117.15606033481386,119.64219047909691,122.12832062337996,4.155942204547672,-1.156642574124632,0.25999775241662637,-1.4166403265412584,120.38873670373464,123.06298153269663,48.683060039924136
2011-10-12 00:00:00+01:00,119.47799682617188,119.39165535845048,120.45448076851133,1.8615211235785125,-1.2544838202691437,117.34044460717318,119.5039523896717,121.66746017217021,3.6208137709853645,-1.062825410060853,0.2830519331843244,-1.3458773432451774,120.38873670373464,123.06298153269663,48.683060039924136
2011-10-13 00:00:00+01:00,121.58200073242188,119.7286315698307,120.53800076583804,1.10399752517759,-0.18800229171694127,117.31991495024889,119.51166679745629,121.70341864466369,3.6678458362092714,-0.8093691960073386,0.4292065177902711,-1.2385757137976097,120.38873670373464,123.06298153269663,48.683060039924136
2011-10-14 00:00:00+01:00,121.01000213623047,119.92576550312297,120.57296383031155,1.9470328127548555,0.36703861109469926,117.31092254276592,119.5172384352911,121.72355432781629,3.6920463046336596,-0.6471983271885762,0.47310190928722684,-1.120300236475803,120.38873670373464,123.06298153269663,48.683060039924136
2011-10-17 00:00:00+01:00,122.19499969482422,120.2748784556924,120.69311463509027,1.8998876842456696,0.18788206901129456,117.17518768146338,119.56761932373047,121.96005096599755,4.001805264332566,-0.4182361793978657,0.5616512456623498,-0.9798874250602155,120.7164916851395,122.8214129777327,45.59886910620322
2011-10-18 00:00:00+01:00,120.947998046875,120.37843531587434,120.71199488781507,0.8330032811302459,-0.7369964136939728,117.1723000558834,119.56990487234933,121.96750968881526,4.010381741167342,-0.33355957194072516,0.5170622824955923,-0.8506218544363174,120.7164916851395,122.8214129777327,45.59886910620322
2011-10-19 00:00:00+01:00,120.55799865722656,120.40606044531314,120.70058775962333,0.9304089444782306,-0.28058959067801936,117.17013509879577,119.6010476975214,122.03196029624702,4.065035625563345,-0.2945273143101872,0.4448756321009042,-0.7394029464110914,120.7164916851395,122.8214129777327,45.59886910620322
2011-10-20 00:00:00+01:00,121.12300109863281,120.51635900736233,120.731877636587,0.7451197389012805,-0.3718770262354383,117.139929183129,119.64223807198661,122.14454696084422,4.182985756839517,-0.21551862922467535,0.41910745374913283,-0.6346260829738082,120.7164916851395,122.8214129777327,45.59886910620322
2011-10-21 00:00:00+01:00,121.37200164794922,120.64799633668339,120.77929423002124,1.233706258260014,0.0027034506428265104,117.20734243425795,119.77185712541852,122.33637181657909,4.282332682668765,-0.13129789333784458,0.40266255170877086,-0.5339604450466154,120.7164916851395,122.8214129777327,45.59886910620322
2011-10-24 00:00:00+01:00,121.48999786376953,120.77753503315819,120.83193894363222,1.2380607511919948,0.16506270431699477,117.59152049904789,119.97709510439918,122.36266970975048,3.976716727931218,-0.054403910474036365,0.38364522765806325,-0.4380491381320996,121.18432870562035,122.72121151613975,43.028709994769116
2011-10-25 00:00:00+01:00,121.75599670410156,120.92806759791871,120.90038766662995,1.0976134320028592,0.09160909850676546,117.71711412203123,120.12928553989956,122.54145695776788,4.01595898456775,0.027679931288759008,0.3725832555366869,-0.3449033242479279,121.18432870562035,122.72121151613975,43.028709994769116
2011-10-26 00:00:00+01:00,121.72899627685547,121.05128739467821,120.96176608220222,0.9742309270751264,-0.2767685236084674,117.86011597601488,120.2740471249535,122.68797827389211,4.014051587423124,0.08952131247599482,0.3475397093791382,-0.2580183969031434,121.18432870562035,122.72121151613975,43.028709994769116
2011-10-27 00:00:00+01:00,121.55000305175781,121.12801288038277,121.00533919105818,0.9466642879457225,0.09465928306291005,117.86889213187884,120.34171404157367,122.8145359512685,4.109667091563213,0.12267368932458567,0.3045536689821832,-0.18187997965759756,121.18432870562035,122.72121151613975,43.028709994769116
2011-10-28 00:00:00+01:00,122.12000274658203,121.28062670595189,121.08790686183772,1.2530965561310268,0.7220906967560268,117.95521425865354,120.4816189720517,123.00802368544987,4.1938425710966225,0.19271984411416554,0.29967985901741045,-0.10696001490324493,121.18432870562035,122.72121151613975,43.028709994769116
2011-10-31 00:00:00+00:00,122.12999725341797,121.41129909786974,121.16509874269552,6.03289930417948,0.710900707988074,118.00304224119478,120.59733327229817,123.19162430340157,4.302401986361862,0.24620035517422423,0.2825282960619753,-0.0363279408877511,122.50621964570654,123.06818151753106,41.709921121627914
2011-11-01 00:00:00+00:00,125.88899993896484,122.10017615034592,121.51501734982658,5.118985335720296,2.7649814294702963,117.43323643935271,120.86323801676433,124.29323959417594,5.675839293558986,0.5851588005193378,0.4971893931256711,0.08796940739366667,122.50621964570654,123.06818151753106,41.709921121627914
2011-11-02 00:00:00+00:00,124.79000091552734,122.51399534498921,121.75760872506368,3.552388833530074,2.81939475394023,117.57971997003015,121.17757125127883,124.77542253252751,5.938147206776453,0.7563866199255358,0.5347337700254953,0.22165284990004053,122.50621964570654,123.06818151753106,41.709921121627914
2011-11-03 00:00:00+00:00,124.29000091552734,122.78722697122585,121.94519333176468,3.09780593581344,1.9448060578837527,117.78796272321661,121.44280933198475,125.09765594075289,6.019041602993536,0.8420336394611638,0.49630463164889865,0.3457290078122652,122.50621964570654,123.06818151753106,41.709921121627914
2011-11-04 00:00:00+00:00,125.1500015258789,123.15073074886477,122.1825865313287,3.117416520429117,2.4644166424994296,117.98323904071692,121.74923815046039,125.51523726020385,6.186484888043992,0.9681442175360786,0.49793216777905075,0.47021204975702785,122.50621964570654,123.06818151753106,41.709921121627914
2011-11-07 00:00:00+00:00,125.25499725341797,123.47446405725758,122.41017251074271,3.049826573729945,2.3838262075190073,118.36959180520832,122.0817140851702,125.7938363651321,6.0813731323794,1.0642915465148661,0.47526359740627067,0.5890279491085955,122.9208130971377,123.16558415788377,40.610930394010246
2011-11-08 00:00:00+00:00,125.4000015258789,123.77070059089162,122.63164132667873,2.9483605043759553,2.3393593447079866,118.62154714231791,122.37214261009579,126.12273807787368,6.129819071204949,1.1390592642128894,0.4400250520834351,0.6990342121294543,122.9208130971377,123.16558415788377,40.610930394010246
2011-11-09 00:00:00+00:00,125.06400299072266,123.96967019086563,122.81181626475606,2.3371858104392516,0.8011826976462828,118.85259984948178,122.61328560965401,126.37397136982625,6.1342223095539286,1.157853926109567,0.3670557711840903,0.7907981549254768,122.9208130971377,123.16558415788377,40.610930394010246
2011-11-10 00:00:00+00:00,123.7300033569336,123.9327983702607,122.87983012343588,1.1701729283219322,0.2261726841813072,119.30237092215341,122.81576211111886,126.3291533000843,5.721401111018087,1.0529682468248183,0.2097360735194732,0.8432321733053451,122.9208130971377,123.16558415788377,40.610930394010246
2011-11-11 00:00:00+00:00,123.75,123.90467554406675,122.94428715132952,1.1897155342173562,0.0017119941782937076,119.42935887733628,122.91900017147972,126.40864146562316,5.677952618025156,0.9603883927372294,0.09372497554550752,0.8666634171917219,122.9208130971377,123.16558415788377,40.610930394010246
2011-11-14 00:00:00+00:00,124.0270004272461,123.92349475686358,123.02448813473075,1.0415137573590982,-0.7004906371721518,119.6516948208393,123.06266675676618,126.47363869269306,5.543471510606348,0.8990066221328306,0.025874563952886898,0.8731320581799437,122.34520881280534,122.88392931306332,34.35175219675556
2011-11-15 00:00:00+00:00,122.55000305175781,123.71218834069346,122.98934109154756,-0.1473382228952147,-1.3293374294381834,119.68247749265257,123.07957167852493,126.47666586439729,5.520159258833513,0.7228472491459002,-0.12022784722723479,0.8430750963731349,122.34520881280534,122.88392931306332,34.35175219675556
2011-11-16 00:00:00+00:00,121.80400085449219,123.41862103512403,122.90153811102493,-1.0545379889546211,-1.7605392706929024,119.8070160263234,123.12033371698288,126.43365140764237,5.382242868632606,0.5170829240990997,-0.2607937378192282,0.7778766619183279,122.34520881280534,122.88392931306332,34.35175219675556
2011-11-17 00:00:00+00:00,121.0199966430664,123.0496018978844,122.76216466895393,-1.1861682700281477,-1.9081683920984602,119.89182215713232,123.14233362107049,126.39284508500866,5.279275401651122,0.28743722893047163,-0.392351546390285,0.6797887753207567,122.34520881280534,122.88392931306332,34.35175219675556
2011-11-18 00:00:00+00:00,121.19400024414062,122.76412472038535,122.64600434118998,-0.9080053787876352,-1.6130072098423227,119.90347429754875,123.14571453276135,126.38795476797394,5.265697223024411,0.11812037919537488,-0.44933471690030546,0.5674550960956803,122.34520881280534,122.88392931306332,34.35175219675556
2011-11-21 00:00:00+00:00,121.19599914550781,122.52287463194266,122.53859654891723,-1.342597403409414,-2.501593985440664,119.87594325942302,123.13733346121651,126.39872366301,5.2971590501766075,-0.01572191697457015,-0.4665416104562004,0.45081969348163026,121.36613825231944,122.38736757281822,31.006642321162825
2011-11-22 00:00:00+00:00,120.2959976196289,122.18027816850977,122.37247810971068,-1.502475363128653,-2.2554813445739654,119.66805964899403,123.08047630673363,126.49289296447323,5.545016984229704,-0.19219994120091144,-0.5144157077460334,0.32221576654512196,121.36613825231944,122.38736757281822,31.006642321162825
2011-11-23 00:00:00+00:00,120.40699768066406,121.90746578576427,122.22688696681834,-1.8068887978730288,-2.413883426779279,119.45880020786375,123.01623825799851,126.57367630813327,5.783688560974931,-0.3194211810540679,-0.5133095580793519,0.19388837702528397,121.36613825231944,122.38736757281822,31.006642321162825
2011-11-24 00:00:00+00:00,119.91000366210938,121.6001639205866,122.05526598128435,-1.9362626853859126,-2.6752687278663814,119.1682922519741,122.92961956205822,126.69094687214235,6.119480924912985,-0.4551020606977545,-0.5191923501784308,0.06409028948067627,121.36613825231944,122.38736757281822,31.006642321162825
2011-11-25 00:00:00+00:00,119.40799713134766,121.26290749147292,121.85917199240015,-1.439173823454837,-2.491175776579837,118.81443128072814,122.82761928013393,126.84080727953972,6.5346670772033395,-0.5962645009272336,-0.5282838323263279,-0.06798066860090571,121.36613825231944,122.38736757281822,31.006642321162825
2011-11-28 00:00:00+00:00,120.26300048828125,121.10907564482804,121.74093706616912,-0.10994036206756164,-1.6959388972238116,118.58806579192596,122.73919060116722,126.89031541040849,6.764139129334931,-0.6318614213410854,-0.4511046021921437,-0.18075681914894165,121.55075822452807,122.3206005151221,26.471244781828126
2011-11-29 00:00:00+00:00,121.00700378417969,121.09337228165137,121.68657163787361,0.11543031525138758,-0.9355721871900187,118.47605583321275,122.68571472167969,126.89537361014662,6.862508643352343,-0.5931993562222431,-0.3299540296586411,-0.26324532656360194,121.55075822452807,122.3206005151221,26.471244781828126
2011-11-30 00:00:00+00:00,121.56999969482422,121.16669957598566,121.67793667912922,0.8130606353239074,-0.6439400970979676,118.50076942535291,122.48004804338727,126.45932666142163,6.497839740599611,-0.5112371031435572,-0.1983934212639642,-0.312843681879593,121.55075822452807,122.3206005151221,26.471244781828126
2011-12-01 00:00:00+00:00,121.8280029296875,121.26843855347825,121.68905269768909,0.786945227115595,-0.27205288079456125,118.4893634499361,122.33900052025204,126.18863759056798,6.293393037290125,-0.42061414421084464,-0.08621636986500131,-0.33439777434584333,121.55075822452807,122.3206005151221,26.471244781828126
2011-12-02 00:00:00+00:00,121.91999816894531,121.36867849431934,121.706159769634,0.872842610737095,0.0008409627878762649,118.47418775294778,122.22614324660529,125.9780987402628,6.139366577390081,-0.33748127531465855,-0.0024668007750521803,-0.33501447453960637,121.55075822452807,122.3206005151221,26.471244781828126
2011-12-05 00:00:00+00:00,121.83000183105469,121.43965131535555,121.71533325566516,0.5326678429676548,-0.19533661259875146,118.5497083895155,122.06804802304222,125.58638765656895,5.764554591489135,-0.27568194030961024,0.04746602738399691,-0.32314796769360715,121.51050558474397,122.1933719137012,22.69174683238254
2011-12-06 00:00:00+00:00,121.69000244140625,121.4781668732095,121.71345689905338,0.02254316198177264,-0.5234544576471336,118.68020290835533,121.89828636532738,125.11636982229943,5.2799486406683425,-0.2352900258438808,0.07028635347978107,-0.3055763793236619,121.51050558474397,122.1933719137012,22.69174683238254
2011-12-07 00:00:00+00:00,121.28099822998047,121.44783323578964,121.6814229235665,0.4685786023124052,-0.5614201769844698,118.88449682167844,121.70214335123698,124.51978988079553,4.630397545960567,-0.23358968777685618,0.057589353237444574,-0.29117904101430075,121.51050558474397,122.1933719137012,22.69174683238254
2011-12-08 00:00:00+00:00,121.91699981689453,121.52001270980578,121.69887306381302,0.3211235792533813,-0.7508750169380249,119.16370590499851,121.55228605724517,123.94086620949183,3.9301278975892835,-0.17886035400724154,0.08985494960564738,-0.2687153036128889,121.51050558474397,122.1933719137012,22.69174683238254
2011-12-09 00:00:00+00:00,121.43000030517578,121.50616464755501,121.67895656317323,0.5210403850689573,-0.6889586994036989,119.26174005094407,121.44276210239956,123.62378415385504,3.5918518546481435,-0.1727919156182196,0.07673871039573546,-0.24953062601395506,121.51050558474397,122.1933719137012,22.69174683238254
2011-12-12 00:00:00+00:00,121.45999908447266,121.49906225323465,121.66273749067689,0.0922597627410795,-0.9757410307159518,119.41137799469617,121.3337144397554,123.25605088481463,3.168676495128167,-0.16367523744223433,0.06868431085737658,-0.23235954829961092,121.27900435385926,121.99660476775672,19.70696382897054
2011-12-13 00:00:00+00:00,121.36900329589844,121.47905318287523,121.64097940217478,-0.0009800125263410564,-0.7309757400654036,119.70719005937391,121.20714314778645,122.70709623619899,2.4750242427274505,-0.16192621929954498,0.05634666320005274,-0.21827288249959773,121.27900435385926,121.99660476775672,19.70696382897054
2011-12-14 00:00:00+00:00,120.63999938964844,121.34996798391727,121.56683273458023,-0.4868309035255436,-1.165831758017731,119.72530729920778,121.11619059244792,122.50707388568806,2.296775165131166,-0.21686475066296396,0.0011265054693070098,-0.21799125613227097,121.27900435385926,121.99660476775672,19.70696382897054
2011-12-15 00:00:00+00:00,120.83799743652344,121.27120328431822,121.51284493472417,-0.5978440191968275,-1.0598420050366713,119.70977782267431,121.0701904296875,122.43060303670069,2.247312244550006,-0.24164165040595265,-0.018920315418945344,-0.2227213349870073,121.27900435385926,121.99660476775672,19.70696382897054
2011-12-16 00:00:00+00:00,120.81600189208984,121.20117230089846,121.46122693156607,-0.35122632121451147,-0.819228640550449,119.69586211344675,121.0604763939267,122.42509067440666,2.2544340169941948,-0.2600546306676108,-0.029866636544482794,-0.23018799412312801,121.27900435385926,121.99660476775672,19.70696382897054
2011-12-19 00:00:00+00:00,120.74400329589844,121.13083860782153,121.40809925484996,-0.356097301724958,-0.8960982172523018,119.66937038442387,121.03904796781994,122.40872555121601,2.263199531708508,-0.27726064702842734,-0.03765812232423946,-0.23960252470418789,121.69266845026165,122.07137503565811,18.296356692427896
2011-12-20 00:00:00+00:00,120.95999908447266,121.10455560422939,121.37490664963683,0.7620943879608291,-0.49490939621885843,119.65959584820871,121.02780986967541,122.39602389114211,2.2609911274772507,-0.2703510454074376,-0.024598816562599768,-0.24575222884483783,121.69266845026165,122.07137503565811,18.296356692427896
2011-12-21 00:00:00+00:00,121.94999694824219,121.23462350330828,121.417505931015,1.132497120742812,0.4024937638092183,119.72556740133359,121.10657174246651,122.48757608359944,2.280643108401469,-0.1828824277067156,0.0502958409104978,-0.23317826861721339,121.69266845026165,122.07137503565811,18.296356692427896
2011-12-22 00:00:00+00:00,122.30000305175781,121.3985280492236,121.48287608810706,1.2681233625765316,0.7261235456820003,119.76397580534413,121.19671485537575,122.62945390540736,2.3643199433933573,-0.0843480388834621,0.11906418378700104,-0.20341222267046313,121.69266845026165,122.07137503565811,18.296356692427896
2011-12-23 00:00:00+00:00,122.5199966430664,121.57106167904557,121.55969983291887,1.0832979087803523,0.6203004722569148,119.90356081039668,121.32100023542132,122.73843966044596,2.336676127420846,0.011361846126703767,0.17181925503773351,-0.16045740891102975,121.69266845026165,122.07137503565811,18.296356692427896
2011-12-26 00:00:00+00:00,121.76000213623047,121.6001294416894,121.57453704057158,0.43546509565888414,0.015459297319040388,120.29343723907049,121.43300047374908,122.57256370842767,1.8768592231646894,0.025592401117819463,0.14883984802307937,-0.1232474469052599,120.9684445145299,121.70689240814501,17.350262006477756
2011-12-27 00:00:00+00:00,121.80000305175781,121.63087922785377,121.59123822658538,0.5287645199966562,0.00876024753571869,120.48536323709824,121.50619107200986,122.52701890692147,1.6802894171978895,0.039641001268392984,0.13031075853892232,-0.09066975727052932,120.9684445145299,121.70689240814501,17.350262006477756
2011-12-28 00:00:00+00:00,121.94999694824219,121.67997426175968,121.6178129467081,0.3621904102254945,-1.2108152660440368,120.53912893256195,121.55109550839379,122.56306208422562,1.665088367322782,0.06216131505158273,0.12226485785768965,-0.06010354280610691,120.9684445145299,121.70689240814501,17.350262006477756
2011-12-29 00:00:00+00:00,120.30000305175781,121.46767099868246,121.520197398934,-1.1952004506918144,-1.9701943471761894,120.34715178180019,121.49061947777157,122.63408717374296,1.8823966836066628,-0.0525264002515371,0.0060617140436558525,-0.05858811429519295,120.9684445145299,121.70689240814501,17.350262006477756
2011-12-30 00:00:00+00:00,119.6500015258789,121.18802954132808,121.38166437130029,-1.3616677282338827,-2.0816613195424765,120.0128164542458,121.38690512520927,122.76099379617274,2.2639817195209258,-0.19363482997221126,-0.10803737254161465,-0.08559745743059662,120.9684445145299,121.70689240814501,17.350262006477756
2012-01-02 00:00:00+00:00,119.5199966430664,120.93140909544167,121.24376305809778,-1.6537667202071589,-2.273761837394659,119.70877174358868,121.27261933826264,122.8364669329366,2.5790612971126787,-0.31235396265611826,-0.1814052041804173,-0.13094875847570095,120.18896209415927,121.26733595746971,18.279841788052344
2012-01-03 00:00:00+00:00,119.37000274658203,120.69119273407864,121.1049659979855,-1.1949623358761272,-1.864968134215971,119.41735467248995,121.15547652471633,122.89359837694272,2.8692419064883117,-0.41377326390686164,-0.22625960434492856,-0.18751365956193308,120.18896209415927,121.26733595746971,18.279841788052344
2012-01-04 00:00:00+00:00,120.01000213623047,120.58639418056353,121.02385756378142,-0.9748539627072006,-1.4448551834103256,119.2891475622053,121.07547651018415,122.86180545816299,2.950769221756628,-0.4374633832178887,-0.1999597789247645,-0.2375036042931242,120.18896209415927,121.26733595746971,18.279841788052344
2012-01-05 00:00:00+00:00,119.7030029296875,120.45048783427491,120.92601647977446,-1.0090166628799295,-1.7640139162978983,119.12439763266394,121.00033387683686,122.87627012100978,3.1007125089132184,-0.4755286454995513,-0.1904200329651417,-0.2851086125344096,120.18896209415927,121.26733595746971,18.279841788052344
2012-01-06 00:00:00+00:00,119.56999969482422,120.31502812051326,120.82557079200036,-1.0955674350667692,-2.2835709751058317,118.9653434124837,120.88857196626209,122.81180052004048,3.181820287057616,-0.5105426714871015,-0.18034724716215356,-0.330195424324948,120.18896209415927,121.26733595746971,18.279841788052344
2012-01-09 00:00:00+00:00,118.5719985961914,120.04686973215605,120.65863951823674,-1.808641044115646,-2.183641044115646,118.60979700515617,120.75247664678665,122.89515628841713,3.548878997982024,-0.6117697860806857,-0.22525948940459017,-0.3865102966760955,119.33264231163352,120.74628835591433,21.50145895797488
2012-01-10 00:00:00+00:00,118.79000091552734,119.85350529882857,120.52022184396196,-1.4912225153486816,-1.8052255060713378,118.35274771511098,120.62533387683686,122.89792003856275,3.7680080770533353,-0.6667165451333972,-0.22416499876584134,-0.44255154636755584,119.33264231163352,120.74628835591433,21.50145895797488
2012-01-11 00:00:00+00:00,118.88999938964844,119.70527362049316,120.39946462512393,-1.3194627940692385,-2.304463404420801,118.14568444069373,120.50728607177734,122.86888770286096,3.9194337671449726,-0.6941910046307669,-0.20131156661056882,-0.49287943802019807,119.33264231163352,120.74628835591433,21.50145895797488
2012-01-12 00:00:00+00:00,117.87000274658203,119.42292425527606,120.21209707856526,-2.132095247510577,-2.7040938437019832,117.76214129548582,120.37538146972656,122.9886216439673,4.3418183059265365,-0.7891728232892063,-0.23703470821520667,-0.5521381150739997,119.33264231163352,120.74628835591433,21.50145895797488
2012-01-13 00:00:00+00:00,117.77999877929688,119.1701664897408,120.03194164898983,-1.8999378648101413,-2.715939756899985,117.40372463324198,120.22976248604911,123.05580033885624,4.701062023864603,-0.861775159249035,-0.24770963534002832,-0.6140655239090067,119.33264231163352,120.74628835591433,21.50145895797488
2012-01-16 00:00:00+00:00,117.6500015258789,118.93629495683896,119.8555016398705,-2.120501029518934,-2.4665017009056527,117.06275092521393,120.07900056384858,123.09525020248323,5.023775388654809,-0.9192066830315326,-0.2441129272980207,-0.6750937557335119,119.42509507787287,120.58396153511966,20.0280307483237
2012-01-17 00:00:00+00:00,117.68000030517578,118.74301885658309,119.69435339285607,-1.43835668875451,-2.068353942172479,116.7669301725411,119.93309565952846,123.09926114651583,5.279886205848671,-0.9513345362729808,-0.22099262443157508,-0.7303419118414057,119.42509507787287,120.58396153511966,20.0280307483237
2012-01-18 00:00:00+00:00,117.81400299072266,118.60009333875841,119.55506817788323,-0.9860679337426035,-2.0250693985863535,116.52916383944587,119.78328632173084,123.03740880401581,5.4333498140042495,-0.9549748391248158,-0.17970634182672807,-0.7752684972980878,119.42509507787287,120.58396153511966,20.0280307483237
2012-01-19 00:00:00+00:00,118.45700073242188,118.57807909162972,119.4737298485898,-0.1387307641171418,-1.1737267968319856,116.46743192359068,119.61695316859654,122.7664744136024,5.266011483450344,-0.8956507569600802,-0.09630580772959396,-0.7993449492304863,119.42509507787287,120.58396153511966,20.0280307483237
2012-01-20 00:00:00+00:00,119.3280029296875,118.69345198979245,119.46293526200444,0.43706626387447045,-0.28993874100834205,116.56268500338727,119.47542935325986,122.38817370313244,4.87588848291192,-0.7694832722119855,0.023889341614800608,-0.7933726138267861,119.42509507787287,120.58396153511966,20.0280307483237
2012-01-23 00:00:00+00:00,119.61000061035156,118.83445946987847,119.47382899151162,0.7191718019454072,-0.017827709773342804,116.75904450203836,119.33685811360677,121.91467172517517,4.320230400425601,-0.6393695216331565,0.12320247375490367,-0.7625719953880602,119.8353961285754,120.59425249152834,18.905448575643042
2012-01-24 00:00:00+00:00,119.89600372314453,118.99777397038093,119.5051011938548,1.75490094237567,0.12289715819598257,116.89124362992857,119.2480962844122,121.60494893889583,3.9528558155971387,-0.5073272234738653,0.20419581753135596,-0.7115230410052212,119.8353961285754,120.59425249152834,18.905448575643042
2012-01-25 00:00:00+00:00,121.34700012207031,119.35919337833315,119.6415381515004,2.3844628250621014,1.5954613602183514,116.95681284158583,119.22652471633185,121.49623659107787,3.807394168615087,-0.28234477316725304,0.3433426142703746,-0.6256873874376276,119.8353961285754,120.59425249152834,18.905448575643042
2012-01-26 00:00:00+00:00,121.75700378417969,119.72808728692492,119.79823930947664,2.0577634981405453,1.5307630708944515,116.9906518889735,119.2173345656622,121.4440172423509,3.7355015271915684,-0.07015202255172426,0.4444282919087227,-0.5145803144604469,119.8353961285754,120.59425249152834,18.905448575643042
2012-01-27 00:00:00+00:00,121.43699645996094,119.99099639046892,119.91962872803103,1.5303682202111588,0.11037005126584631,116.89207038780134,119.27147710890998,121.65088383001861,3.989900651495977,0.07136766243789339,0.4687583815186723,-0.3973907190807789,119.8353961285754,120.59425249152834,18.905448575643042
2012-01-30 00:00:00+00:00,120.62999725341797,120.08930421553801,119.97224861880044,0.7027544329573772,-0.33224922915199784,116.87333024308981,119.31814357212612,121.76295690116243,4.097974131752147,0.11705559673757193,0.4115570526546807,-0.29450145591710875,120.20026418744219,120.64221646490654,17.969963431742496
2012-01-31 00:00:00+00:00,119.91000366210938,120.06171951501052,119.96763788126776,0.6323605928533311,-0.20763574503729387,116.88015367631519,119.33671533493768,121.79327699356017,4.117025764833153,0.09408163374276057,0.31086647172789544,-0.21678483798513487,120.20026418744219,120.64221646490654,17.969963431742496
2012-02-01 00:00:00+00:00,120.18000030517578,120.07991655965134,119.98336843118688,0.6166300429342186,-0.22336629495640636,116.89254896749054,119.37528664725167,121.8580243270128,4.159550522542411,0.09654812846446248,0.2506663731596779,-0.1541182446952154,120.20026418744219,120.64221646490654,17.969963431742496
2012-02-02 00:00:00+00:00,120.71499633789062,120.17762114091892,120.03756309094271,0.6924402659908822,0.23543953356900715,116.87417572649353,119.40885779971168,121.94353987292983,4.245383667381952,0.1400580499762043,0.23534103573713577,-0.09528298576093146,120.20026418744219,120.64221646490654,17.969963431742496
2012-02-03 00:00:00+00:00,120.3499984741211,120.20414073064232,120.06070645265963,1.0402914721450571,0.19629733152005713,116.87587117976847,119.43966711135138,122.0034630429343,4.293039311961138,0.14343427798269204,0.1909738109948988,-0.04753953301220675,120.20026418744219,120.64221646490654,17.969963431742496
2012-02-06 00:00:00+00:00,120.93900299072266,120.31719646296237,120.12576545547911,1.0162328355365133,0.33523307967713833,116.86269825274736,119.5048577444894,122.14701723623143,4.421844503411193,0.19143100748325992,0.19117643239637333,0.00025457508688658814,120.98684197782605,120.91618519257614,20.8921628283888
2012-02-07 00:00:00+00:00,121.05000305175781,120.42993593816168,120.19422749964791,1.8057725003520915,0.7927720120708415,116.93691116526917,119.62285795665923,122.3088047480493,4.490691557232675,0.23570843851376821,0.1883630907415053,0.047345347772262916,120.98684197782605,120.91618519257614,20.8921628283888
2012-02-08 00:00:00+00:00,121.98899841308594,120.66979170353464,120.3271734932359,2.4728295585219087,1.2508294364515962,116.93692259700333,119.77519117082868,122.61345974465402,4.739326309698444,0.3426182102987383,0.23621829002118028,0.106399920277558,120.98684197782605,120.91618519257614,20.8921628283888
2012-02-09 00:00:00+00:00,121.83999633789062,120.84982318574326,120.4392344446918,2.215764334605069,1.2947667149761628,116.97633666071319,119.91566721598308,122.85499777125297,4.902329484563163,0.4105887410514555,0.243351056619118,0.1672376844323375,120.98684197782605,120.91618519257614,20.8921628283888
2012-02-10 00:00:00+00:00,122.7239990234375,121.13815793000391,120.60847626533963,2.52252043876193,1.5815261760666175,117.12503951263582,120.14680989583333,123.16858027903083,5.030130031446304,0.529681664664281,0.2899551841855548,0.2397264804787262,120.98684197782605,120.91618519257614,20.8921628283888
2012-02-13 00:00:00+00:00,122.58999633789062,121.3615176850634,120.75525552997304,2.164742638972271,1.3997432493238335,117.37732116823074,120.37585739862351,123.37439362901628,4.981956174921602,0.6062621550903629,0.29322853968930934,0.3130336154010535,122.91456019957283,121.7524439712176,27.516462003364726
2012-02-14 00:00:00+00:00,121.8499984741211,121.43666857568766,120.83634759990993,2.194650630070541,0.9756488600510096,117.77767058202828,120.5758572533017,123.37404392457513,4.64137139061776,0.6003209757777341,0.2298298883013445,0.37049108747638965,122.91456019957283,121.7524439712176,27.516462003364726
2012-02-15 00:00:00+00:00,122.98400115966797,121.67471974245386,120.9954330487809,2.504566951219104,1.586567683640979,118.16723544495089,120.82842872256325,123.4896220001756,4.404912495755082,0.6792866936729638,0.24703648495725933,0.43225020871570446,122.91456019957283,121.7524439712176,27.516462003364726
2012-02-16 00:00:00+00:00,123.11599731445312,121.89645475353068,121.15251188327514,3.054488849146736,1.6404873843029861,118.61252104233752,121.08090464274089,123.54928824314426,4.077246709853281,0.7439428702555375,0.24935412923186645,0.49458874102367106,122.91456019957283,121.7524439712176,27.516462003364726
2012-02-17 00:00:00+00:00,124.5719985961914,122.30807688317078,121.40580719534302,4.246193231903078,3.164192499481203,118.77136053718218,121.3720950172061,123.97282949723004,4.2855558844151815,0.9022696878277685,0.326144757443278,0.5761249303844905,122.91456019957283,121.7524439712176,27.516462003364726
2012-02-20 00:00:00+00:00,126.58200073242188,122.96560362920941,121.78922893883033,4.7857680094118535,3.9767699015016973,118.45243770822142,121.71752348400298,124.98260925978454,5.365021703240091,1.1763746903790775,0.4801998079956695,0.696174882383408,125.0667075321371,122.8408094320816,34.783556221235116
2012-02-21 00:00:00+00:00,125.95999908447266,123.42627985309606,122.09817487554459,4.531822377873382,3.541824514103851,118.4314055310184,122.01990436372303,125.60840319642766,5.881825348769088,1.328104977551476,0.5055440761344544,0.8225609014170215,125.0667075321371,122.8408094320816,34.783556221235116
2012-02-22 00:00:00+00:00,126.04000091552734,123.8283907857778,122.39016198961738,4.145841123175586,3.184834958624805,118.47137920129373,122.3124756585984,126.15357211590307,6.28079259555834,1.4382287961604163,0.49253431579471585,0.9456944803657005,125.0667075321371,122.8408094320816,34.783556221235116
2012-02-23 00:00:00+00:00,125.72000122070312,124.1194077757663,122.63681674747559,3.5581829473486266,2.8041851446142516,118.44460274483794,122.52071380615234,126.59682486746675,6.653750104269677,1.482591028290713,0.4295172383400101,1.053073789950703,125.0667075321371,122.8408094320816,34.783556221235116
2012-02-24 00:00:00+00:00,125.83000183105469,124.38257609196452,122.87334897588886,5.3066436998923905,2.9536545031150467,118.4205894604756,122.71466609409877,127.00874272772195,6.998473402242628,1.5092271160756638,0.3649226608999687,1.1443044551756951,125.0667075321371,122.8408094320816,34.783556221235116
2012-02-27 00:00:00+00:00,129.42999267578125,125.15910172024402,123.359026286992,6.04096760949237,3.596974994746276,117.98272097055934,123.09528496151879,128.20784895247823,8.306677209541697,1.8000754332520188,0.524616782461059,1.2754586507909598,126.45347335638567,123.75312308533891,41.04325620862112
2012-02-28 00:00:00+00:00,127.37699890136719,125.50031667118606,123.65665388805684,4.54334306018535,3.0513462950486314,118.11942245669658,123.41657075427827,128.71371905185995,8.584176768496151,1.8436627831292185,0.4545633058706069,1.3890994772586116,126.45347335638567,123.75312308533891,41.04325620862112
2012-02-29 00:00:00+00:00,128.1300048828125,125.90488408835935,123.98801322100171,4.954979943060792,3.8189859855412607,118.39167924569485,123.80799938383556,129.2243195219763,8.749547953438432,1.9168708673576447,0.4222171120792264,1.4946537552784183,126.45347335638567,123.75312308533891,41.04325620862112
2012-03-01 00:00:00+00:00,129.38800048828125,126.44074814988579,124.38801227783723,5.153995168451829,4.384982717279954,118.59040768685706,124.24647558303107,129.90254347920506,9.10459289832198,2.052735872048558,0.44646569341611175,1.6062701786324463,126.45347335638567,123.75312308533891,41.04325620862112
2012-03-02 00:00:00+00:00,129.42999267578125,126.90063192310048,124.76149230731457,5.298505251279181,4.441510622372931,118.82670152272904,124.6614754086449,130.49624929456078,9.360989618948867,2.1391396157859077,0.4262955497227692,1.7128440660631385,126.45347335638567,123.75312308533891,41.04325620862112
2012-03-05 00:00:00+00:00,129.20899963378906,127.25576541705257,125.09093729446083,4.289067588351671,3.110066733859483,119.27548917632586,125.08333260672433,130.8911760371228,9.286358636860049,2.164828122591743,0.36158724522288344,1.8032408773688595,127.32565134566336,124.51267797660746,45.97436573444665
2012-03-06 00:00:00+00:00,129.4029998779297,127.58610918026443,125.41034933768074,4.06964638985832,1.619649441616133,119.7102279110093,125.48638007754371,131.26253224407813,9.206022459114799,2.1757598425836875,0.29801517217186246,1.877744670411825,127.32565134566336,124.51267797660746,45.97436573444665
2012-03-07 00:00:00+00:00,126.79000091552734,127.46363098568949,125.51254575085457,1.8254516856688667,1.117451502563398,120.31545540395112,125.75971330915179,131.20397121435246,8.658190706617145,1.9510852348349204,0.05867245153847622,1.8924127832964441,127.32565134566336,124.51267797660746,45.97436573444665
2012-03-08 00:00:00+00:00,127.91799926757812,127.53353379828775,125.6907274928341,3.476279953454963,1.9882733616580879,120.79799046754978,126.04204668317523,131.2861028988007,8.32112196465223,1.8428063054536494,-0.039685182274235675,1.882491487727885,127.32565134566336,124.51267797660746,45.97436573444665
2012-03-09 00:00:00+00:00,129.08999633789062,127.77298957361127,125.9425251850605,3.757471763181684,2.7074687114238714,121.34450676163175,126.38728477841332,131.43006279519489,7.979881877552391,1.8304643885507659,-0.04162167934169547,1.8720860678924613,127.32565134566336,124.51267797660746,45.97436573444665
2012-03-12 00:00:00+00:00,129.02499389648438,127.96560562328405,126.17085620072153,3.0181391606065944,1.9891474613878444,121.80485223968002,126.68733215332031,131.56981206696062,7.707921274609207,1.7947494225625178,-0.061869316263954754,1.8566187388264725,128.93510321644484,125.6042964025218,51.51408377242024
2012-03-13 00:00:00+00:00,128.8699951171875,128.10474246849998,126.37079241675605,3.781200381095516,1.8902091701580161,122.38305707211727,126.9863797142392,131.58970235636116,7.250104542677606,1.733950051743932,-0.09813494966603242,1.8320850014099643,128.93510321644484,125.6042964025218,51.51408377242024
2012-03-14 00:00:00+00:00,130.25999450683594,128.43631970516705,126.65888146046566,4.771111215315585,3.4611136567218352,123.19578399114027,127.38685571579705,131.57792744045383,6.580069350337299,1.7774382447013863,-0.043717405366862305,1.8211556500682486,128.93510321644484,125.6042964025218,51.51408377242024
2012-03-15 00:00:00+00:00,131.1999969482422,128.8615008194863,126.99526038548615,4.674737783459165,3.2017458400997896,123.77435272935072,127.77809361049107,131.7818344916314,6.266709367796697,1.8662404340001615,0.03606782714553036,1.8301726068546311,128.93510321644484,125.6042964025218,51.51408377242024
2012-03-16 00:00:00+00:00,131.09100341796875,129.20450121925285,127.29864875826264,5.103344039588919,3.601345138221731,124.49676530558966,128.1578558058966,131.81894630620351,5.7134078551562,1.9058524609902037,0.060543883308457946,1.8453085776817457,128.93510321644484,125.6042964025218,51.51408377242024
2012-03-19 00:00:00+00:00,132.1300048828125,129.65457870595432,127.65652698971078,4.840467028843904,3.783475451695466,124.85148610502621,128.51776086716424,132.1840356293023,5.705475628271323,1.9980517162435376,0.12219451084943356,1.875857205394104,129.62340214429656,126.37511120216153,56.54740965760674
2012-03-20 00:00:00+00:00,132.44000244140625,130.0831054344854,128.0108585046512,4.966146500231616,4.244146378161304,124.8792079648265,128.79671332949684,132.7142186941672,6.0832380942024535,2.0722469298341935,0.15711177955207156,1.915135150282122,129.62340214429656,126.37511120216153,56.54740965760674
2012-03-21 00:00:00+00:00,132.68299865722656,130.4830890072148,128.35694296039753,5.099050691946218,4.12305276714153,125.08189232584016,129.11685616629464,133.15182000674912,6.250096169097694,2.1261460468172686,0.1688087172281174,1.9573373295891512,129.62340214429656,126.37511120216153,56.54740965760674
2012-03-22 00:00:00+00:00,132.0590057373047,130.72553773492095,128.63116983276103,3.828836881106156,1.7988228430202184,125.42881900866189,129.40347544352213,133.37813187838236,6.143044336695526,2.0943679021599166,0.10962445805661236,1.9847434441033043,129.62340214429656,126.37511120216153,56.54740965760674
2012-03-23 00:00:00+00:00,130.55799865722656,130.69976249219874,128.77389789383255,2.7261021061674455,1.306103937222133,125.99310015262867,129.63385627383278,133.27461239503688,5.616983442216723,1.9258645983661893,-0.04710307658969204,1.9729676749558813,129.62340214429656,126.37511120216153,56.54740965760674
2012-03-26 00:00:00+01:00,131.13999938964844,130.76749124565254,128.9491646713004,3.173836427332418,1.780831056238668,126.61939197953485,129.8867133004325,133.1540346213301,5.031032409512436,1.8183265743521417,-0.12371288048299167,1.9420394548351334,130.63560265023418,127.27295298215408,60.74184789526215
2012-03-27 00:00:00+01:00,132.44000244140625,131.02480066038387,129.2077452468638,4.127261467003393,2.8222535324330806,126.59562621327662,130.03004709879556,133.4644679843145,5.282503486151166,1.8170554135200803,-0.0999872330520426,1.9170426465721229,130.63560265023418,127.27295298215408,60.74184789526215
2012-03-28 00:00:00+01:00,132.49000549316406,131.2502167885039,129.45087563547864,3.1821199699901115,1.569128636982299,126.90156982752889,130.27352360316686,133.64547737880483,5.176729211546403,1.7993411530252672,-0.09416119483748453,1.8935023478627517,130.63560265023418,127.27295298215408,60.74184789526215
2012-03-29 00:00:00+01:00,131.60000610351562,131.30403052927494,129.61007048496285,2.101935130271528,0.5799319564434029,127.16449306706751,130.43876175653367,133.71303044599983,5.020392167747873,1.6939600443120924,-0.1596338428405275,1.8535938871526199,130.63560265023418,127.27295298215408,60.74184789526215
2012-03-30 00:00:00+01:00,131.27999877929688,131.30033333697062,129.73376887713573,2.112224164856457,0.9062305125127068,127.27111867593476,130.5288569132487,133.78659515056262,4.991598508334549,1.5665644598348933,-0.2296235418541812,1.7961880016890746,130.63560265023418,127.27295298215408,60.74184789526215
2012-04-02 00:00:00+01:00,132.66000366210938,131.50951338699198,129.950527009356,3.2424661547065057,1.2694742113471307,127.34300679982547,130.6826669602167,134.0223271206079,5.111098874968477,1.5589863776359891,-0.18976129924246843,1.7487476768784576,130.06306818934883,127.50795959435752,58.999312043987324
2012-04-03 00:00:00+01:00,130.7899932861328,131.3988179868598,130.01270969652464,1.677292744881612,0.9072884724206745,127.48393401047305,130.75795237223306,134.03197073399306,5.007754101929875,1.3861082903351587,-0.29011150923463913,1.6762197995697978,130.06306818934883,127.50795959435752,58.999312043987324
2012-04-04 00:00:00+01:00,131.73500061035156,131.45053839047392,130.14028680125256,1.6497064848802552,0.12571966847400518,127.62831979152612,130.86900002615792,134.10968026078973,4.952555966629317,1.310251589221366,-0.2927745682787455,1.6030261575001115,130.06306818934883,127.50795959435752,58.999312043987324
2012-04-05 00:00:00+01:00,131.08999633789062,131.39507038238418,130.21063565581835,0.8723568978925869,-0.7076296743730381,128.39525198795496,131.07376171293714,133.75227143791932,4.0870265566167925,1.1844347265658257,-0.3348731447474287,1.5193078713132544,130.06306818934883,127.50795959435752,58.999312043987324
2012-04-06 00:00:00+01:00,130.1199951171875,131.1989049569693,130.2039215418457,0.6510741856933748,-1.0479156824706877,128.85336947046906,131.1786186581566,133.50386784584416,3.54516492317548,0.9949834151236132,-0.419459564951713,1.4144429800753262,130.06306818934883,127.50795959435752,58.999312043987324
2012-04-09 00:00:00+01:00,129.11000061035156,130.87753505748964,130.12289036173502,-0.802883037516267,-1.3018912162272045,128.8577315267679,131.17957124255952,133.50141095835113,3.539941004226,0.7546446957546209,-0.5278386274565643,1.2824833232111852,129.43204484921432,127.60253653358434,53.88966341154473
2012-04-10 00:00:00+01:00,129.8560028076172,130.72037624981695,130.10312091328186,0.12188519023376898,-2.1531239650396685,129.02047776244132,131.2191430954706,133.41780842849988,3.3511350267386035,0.617255336535095,-0.5321823893408721,1.1494377258759672,129.43204484921432,127.60253653358434,53.88966341154473
2012-04-11 00:00:00+01:00,127.91999816894531,130.28954885275976,129.94140811740508,-0.761415441623825,-2.0714053708230438,128.75563879869583,131.17390514555433,133.59217149241283,3.6871149702757178,0.3481407353546899,-0.6410375924170217,0.9891783277717117,129.43204484921432,127.60253653358434,53.88966341154473
2012-04-12 00:00:00+01:00,128.9499969482422,130.08346394437245,129.86797025302263,-0.5339706192335711,-1.1579635391554461,128.539481211054,131.1115243094308,133.68356740780757,3.923443209014351,0.21549369134982044,-0.618947709137513,0.8344414004873334,129.43204484921432,127.60253653358434,53.88966341154473
2012-04-13 00:00:00+01:00,129.1219940185547,129.93554549424664,129.81271275417316,-0.28271397487628747,-1.5727072610091,128.30541514785494,131.0125717889695,133.71972843008405,4.132666971037169,0.122832740073477,-0.5692869283310851,0.6921196684045621,129.43204484921432,127.60253653358434,53.88966341154473
2012-04-16 00:00:00+01:00,128.10000610351562,129.65315481874956,129.68584559486519,-1.3958523087323726,-2.492844801408154,127.89319879719554,130.8701433454241,133.84708789365268,4.549463265079647,-0.032690776115629205,-0.579848355616153,0.5471575795005238,130.15803010292674,128.17503140169396,52.096052669092906
2012-04-17 00:00:00+01:00,127.73699951171875,129.35836169459097,129.54148662574323,-0.6814860153916698,-1.9914835739854198,127.4586645294877,130.66095261346726,133.86324069744683,4.901675703303422,-0.18312493115226403,-0.5842260085222303,0.40110107736996625,130.15803010292674,128.17503140169396,52.096052669092906
2012-04-18 00:00:00+01:00,129.1999969482422,129.33399788746038,129.51619109407648,0.8938125680328994,-0.43618926302178807,127.35022521566052,130.5066666376023,133.6631080595441,4.8372110073223515,-0.18219320661609117,-0.46663542718884593,0.28444222057275476,130.15803010292674,128.17503140169396,52.096052669092906
2012-04-19 00:00:00+01:00,130.23800659179688,129.47307614966599,129.56965890872243,1.460339870574444,0.6173375512385064,127.38682819138036,130.3902384440104,133.39364869664047,4.606802301262329,-0.09658275905644587,-0.3048199837033605,0.20823722464691463,130.15803010292674,128.17503140169396,52.096052669092906
2012-04-20 00:00:00+01:00,131.0749969482422,129.71952550329308,129.68116543016833,2.0988333491285402,1.1538412836988527,127.4158275179104,130.3433808826265,133.27093424734258,4.49206295692504,0.03836007312474976,-0.1359017212177319,0.17426179434248165,130.15803010292674,128.17503140169396,52.096052669092906
2012-04-23 00:00:00+01:00,131.61399841308594,130.01098287403045,129.8243382437178,1.7556635873368975,0.39366407561814754,127.41722600980067,130.39366658528647,133.37010716077225,4.565314640552716,0.18664463031265655,0.009906268776139926,0.17673836153651662,130.13535218124804,128.44859782115063,50.60137705038305
2012-04-24 00:00:00+01:00,130.67999267578125,130.11390745891518,129.88772005350026,1.3222866603669274,0.42827420919505244,127.41088371836211,130.37176150367372,133.33263928898535,4.542207225186848,0.22618740541491889,0.0395592351027218,0.18662817031219708,130.13535218124804,128.44859782115063,50.60137705038305
2012-04-25 00:00:00+01:00,131.3800048828125,130.3086916779763,129.99825967048636,1.646744601974575,0.5087441136933251,127.46901431323518,130.32128542945497,133.17355654567478,4.377291256482863,0.31043200748993627,0.09904306974219135,0.21138893774774492,130.13535218124804,128.44859782115063,50.60137705038305
2012-04-26 00:00:00+01:00,131.5050048828125,130.49273986333571,130.10987042695496,1.4471364089825443,0.46712542265441925,127.53619357701629,130.27438063848587,133.01256769995544,4.203723016067297,0.38286943638075854,0.1371843989064109,0.24568503747434764,130.13535218124804,128.44859782115063,50.60137705038305
2012-04-27 00:00:00+01:00,131.10400390625,130.58678048532252,130.18350994393978,1.5464857835992802,0.11649310781803024,127.55042514896691,130.25076148623512,132.95109782350335,4.146365528240831,0.40327054138273866,0.1260684031267128,0.27720213825602585,130.13535218124804,128.44859782115063,50.60137705038305
2012-04-30 00:00:00+01:00,130.80999755859375,130.62112157351808,130.22991643391416,0.579089303390532,-0.864910940750093,127.55487974831229,130.22838047572546,132.90188120313863,4.105864969904176,0.391205139603926,0.09120240107832012,0.3000027385256059,129.6535689346341,128.48308419547286,43.478192790431706
2012-05-01 00:00:00+01:00,129.70599365234375,130.48033266256817,130.19110733898302,-0.10111100109239146,-1.1311097803892665,127.63940986709953,130.08771333240327,132.53601679770702,3.764081022852298,0.28922532358515696,-0.008621931952359163,0.2978472555375161,129.6535689346341,128.48308419547286,43.478192790431706
2012-05-02 00:00:00+01:00,130.0919952392578,130.42058844359735,130.18376570196634,0.5142323449086632,-0.7137644812632118,127.62634189474223,130.05447533017113,132.48260876560002,3.7340251910048625,0.23682274163101624,-0.04881961112519989,0.28564235275621613,129.6535689346341,128.48308419547286,43.478192790431706
2012-05-03 00:00:00+01:00,129.74000549316406,130.31588337429991,130.15089457538838,0.2691035935569346,-0.4808964064430654,127.6484947408139,129.959475562686,132.27045638455812,3.5564637543607267,0.16498879891153706,-0.09652284307574327,0.26151164198728033,129.6535689346341,128.48308419547286,43.478192790431706
2012-05-04 00:00:00+01:00,129.85000610351562,130.2442099480254,130.12860654043484,-0.18860409902859487,-1.2886102025442199,127.64531745880177,129.90042840866815,132.15553935853453,3.4720608353527123,0.11560340759055521,-0.1167265875173801,0.2323299951079353,129.6535689346341,128.48308419547286,43.478192790431706
2012-05-07 00:00:00+01:00,128.6699981689453,130.0020235204746,130.02056147588007,-0.6605608655285096,-1.520561475880072,127.51931573816715,129.83138093494233,132.1434461317175,3.561643079085377,-0.018537955405463435,-0.200694360410719,0.18215640500525557,129.24404697367535,128.47478688922786,36.45321031741104
2012-05-08 00:00:00+01:00,129.38400268554688,129.90694339202417,129.97340897289243,-0.4294026252361789,-1.353413855704929,127.54574077189652,129.84442865280877,132.14311653372104,3.540680034965115,-0.06646558086825394,-0.1988975886988076,0.13243200783055367,129.24404697367535,128.47478688922786,36.45321031741104
2012-05-09 00:00:00+01:00,128.92999267578125,129.75664328183296,129.8961188768101,-0.8181159471226067,-2.0561225389194817,127.46893043287821,129.80033293224517,132.13173543161213,3.5922904767647004,-0.13947559497714224,-0.21752608224615672,0.07805048726901449,129.24404697367535,128.47478688922786,36.45321031741104
2012-05-10 00:00:00+01:00,128.625,129.58254431539712,129.8019619229723,-0.4279690030504355,-1.691961312620748,127.59323583294824,129.83390444800966,132.07457306307109,3.4515924397215842,-0.21941760757519546,-0.23797447587536796,0.018556868300172502,129.24404697367535,128.47478688922786,36.45321031741104
2012-05-11 00:00:00+01:00,128.85000610351562,129.4698461289538,129.73144667708664,-0.7114424046257,-1.4724439915397625,127.580570286779,129.82914297921317,132.07771567164735,3.463895148401615,-0.26160054813283296,-0.22412593314640436,-0.037474614986428595,129.24404697367535,128.47478688922786,36.45321031741104
2012-05-14 00:00:00+01:00,128.64300537109375,129.3426398585138,129.65082139516124,-0.8108250572706197,-1.6308171227003072,127.52012886072585,129.80633399600075,132.09253913127563,3.5224862530133967,-0.30818153664745296,-0.21656553732881947,-0.09161599931863348,127.85336418118071,127.98867427593693,36.79893760803726
2012-05-15 00:00:00+01:00,128.5279998779297,129.21731063073162,129.56764943092188,-0.8236461350234379,-1.4776530930312504,127.59473011836275,129.82671465192522,132.05869918548768,3.438405630992942,-0.35033880019025787,-0.2069782406972995,-0.14336055949295837,127.85336418118071,127.98867427593693,36.79893760803726
2012-05-16 00:00:00+01:00,128.35000610351562,129.08387916500607,129.4774536288918,-1.0104583896339818,-1.767454544419138,127.72004036009619,129.8559054420108,131.9917705239254,3.2895925289565002,-0.39357446388572725,-0.2001711235142151,-0.19340334037151216,127.85336418118071,127.98867427593693,36.79893760803726
2012-05-17 00:00:00+01:00,127.91999816894531,128.9048205502275,129.36208655778464,-1.4070847267299484,-3.9930832618861984,127.51921858484455,129.79495311918714,132.07068765352972,3.506661052148673,-0.45726600755713775,-0.21109013374850047,-0.24617587380863729,127.85336418118071,127.98867427593693,36.79893760803726
2012-05-18 00:00:00+01:00,125.31999969482422,128.35330964939624,129.06267271608385,-3.4426699695018215,-4.4126711902049465,126.60500151330668,129.5607623145694,132.5165231158321,4.562740676202896,-0.7093630666876152,-0.37054975430318227,-0.3388133123844329,127.85336418118071,127.98867427593693,36.79893760803726
2012-05-21 00:00:00+01:00,125.16000366210938,127.86203180519826,128.77358611949316,-2.9735830677353476,-3.7125891102158164,125.86276388577693,129.2790959676107,132.69542804944444,5.285204164313894,-0.9115543142949036,-0.4581928015283766,-0.45336151276652703,126.8389086403184,127.53457760203077,37.74003201027981
2012-05-22 00:00:00+01:00,125.68000030517578,127.52633465134865,128.54443161472892,-2.1254328964672027,-3.1344279526195464,125.42149487742014,128.99652462913878,132.5715543808574,5.542831114243948,-1.0180969633802732,-0.4517883604909969,-0.5663086028892763,126.8389086403184,127.53457760203077,37.74003201027981
2012-05-23 00:00:00+01:00,126.08000183105469,127.30382190976496,128.3618812603827,-2.2618827862615944,-3.970882420050657,125.08027583786709,128.77747744605654,132.47467905424597,5.742000358312897,-1.0580593506177252,-0.3934005981827591,-0.6646587524349661,126.8389086403184,127.53457760203077,37.74003201027981
2012-05-24 00:00:00+01:00,124.5199966430664,126.87554109950365,128.07729721465554,-3.1332969705149196,-3.907299045710232,124.5258990176145,128.45081038702102,132.37572175642754,6.111150809529028,-1.2017561151518947,-0.42967789017354296,-0.7720782249783518,126.8389086403184,127.53457760203077,37.74003201027981
2012-05-25 00:00:00+01:00,124.7249984741211,126.54468838790633,127.82897878943076,-2.8899757987081074,-3.421981108766701,124.14607796957317,128.1279529389881,132.10982790840302,6.215466458456589,-1.28429040152443,-0.4097697412368626,-0.8745206602875675,126.8389086403184,127.53457760203077,37.74003201027981
2012-05-28 00:00:00+01:00,124.77999877929688,126.27319767888949,127.60312841830974,-2.7381305545402057,-3.223131164891768,123.83424625959547,127.82680983770462,131.81937341581374,6.246832856391073,-1.3299307394202486,-0.364328063306145,-0.9656026761141037,124.55260687919012,126.45535270987402,42.947341674035144
2012-05-29 00:00:00+01:00,124.6520004272461,126.0237827170982,127.38452634489761,-2.4445239034913584,-3.3845263448976084,123.55596293197353,127.53357187906902,131.5111808261645,6.237744130411663,-1.3607436277994083,-0.31611276134824373,-1.0446308664511645,124.55260687919012,126.45535270987402,42.947341674035144
2012-05-30 00:00:00+01:00,124.2699966430664,125.75396947493947,127.15382044105826,-2.7938198307066955,-4.693821356585602,123.19021295074974,127.27471487862724,131.35921680650472,6.418402793944714,-1.399850966118791,-0.2841760797341011,-1.11567488638469,124.55260687919012,126.45535270987402,42.947341674035144
2012-05-31 00:00:00+01:00,122.25800323486328,125.21612851492775,126.79116731467344,-4.352164323950788,-6.611167009497663,122.49616357212813,126.90166764032273,131.30717170851733,6.943177580110481,-1.5750387997456983,-0.3674911306888067,-1.2075476690568916,124.55260687919012,126.45535270987402,42.947341674035144
2012-06-01 00:00:00+01:00,120.88800048828125,124.55026266467443,126.35389569790365,-5.34789899380209,-7.55389264614584,121.57589577643984,126.48014359247117,131.3843914085025,7.754968767007723,-1.803633033229218,-0.47686829133786124,-1.3267647418913568,124.55260687919012,126.45535270987402,42.947341674035144
2012-06-04 00:00:00+01:00,119.85700225830078,123.8282226021554,125.87264433200714,-5.25264158542511,-6.102647688940735,120.58780474176496,126.00428626650856,131.42076779125216,8.597297259058848,-2.0444217298517344,-0.574125590368302,-1.4702961394834324,124.22207025588587,126.0418733240745,47.28676639383126
2012-06-05 00:00:00+01:00,120.58000183105469,123.32849632967837,125.480596739344,-4.280599791101807,-5.730596739343994,119.87488034029735,125.61904834565662,131.3632163510159,9.145377362760254,-2.1521004096656213,-0.5454434161457511,-1.6066569935198702,124.22207025588587,126.0418733240745,47.28676639383126
2012-06-06 00:00:00+01:00,121.08100128173828,122.98272786076451,125.15470077952135,-2.2416987653611926,-4.291701817119005,119.42773545751571,125.22366732642764,131.0195991953396,9.25692721297382,-2.171972918756836,-0.45225274018957284,-1.7197201785672633,124.22207025588587,126.0418733240745,47.28676639383126
2012-06-07 00:00:00+01:00,122.697998046875,122.93892327401228,124.97272279932533,-0.6667230434659501,-2.6427209682706376,119.28429435330807,124.9269056774321,130.56951700155614,9.033460475989944,-2.033799525313043,-0.2512634773966238,-1.7825360479164192,124.22207025588587,126.0418733240745,47.28676639383126
2012-06-08 00:00:00+01:00,123.68000030517578,123.05293512496051,124.87696557753647,-1.1769686292942794,-2.9769640516575606,119.27769880674325,124.6914295014881,130.10516019623296,8.68340465160879,-1.824030452575954,-0.03319552372762802,-1.790834928848326,124.22207025588587,126.0418733240745,47.28676639383126
2012-06-11 00:00:00+01:00,123.5999984741211,123.13709871713907,124.78237542172792,-0.7443734075677639,-1.7393761541497952,119.34325992985617,124.4414291381836,129.539598346511,8.193684761794652,-1.6452767045888521,0.11644657940757908,-1.7617232839964312,124.22471462290177,125.78303475734009,50.603216681474066
2012-06-12 00:00:00+01:00,122.79499816894531,123.0844678635708,124.63516229189217,-0.8301619867163907,-2.100158629782797,119.38436070166318,124.16295260474796,128.94154450783273,7.697291024153756,-1.5506944283213784,0.16882308454004225,-1.7195175128614206,124.22471462290177,125.78303475734009,50.603216681474066
2012-06-13 00:00:00+01:00,123.80000305175781,123.19455020021495,124.57329864447482,-0.3323013300216928,-1.3072998041427866,119.57569903561239,123.93780989873977,128.29992076186716,7.039193070607485,-1.3787484442598696,0.27261525488124083,-1.6513636991411105,124.22471462290177,125.78303475734009,50.603216681474066
2012-06-14 00:00:00+01:00,123.17400360107422,123.19138918496253,124.46964715977848,-1.0896499063605063,-1.719647159778475,119.794149711524,123.6913335890997,127.5885174666754,6.301466342859673,-1.2782579748159435,0.2984845794601336,-1.5767425542760771,124.22471462290177,125.78303475734009,50.603216681474066
2012-06-15 00:00:00+01:00,123.50299835205078,123.23932905682226,124.39804354439124,-0.8080472065006177,-2.281046779254524,120.07338847130288,123.48100026448567,126.88861205766847,5.519248768448562,-1.1587144875689859,0.334422453365673,-1.4931369409346589,124.22471462290177,125.78303475734009,50.603216681474066
2012-06-18 00:00:00+01:00,124.21399688720703,123.38927795380452,124.3844104586739,0.26058618439250836,-1.031413632502023,120.10284286047474,123.42833346412296,126.75382406777118,5.388536829940823,-0.9951325048693747,0.3984035488522273,-1.393536053721602,124.65980934170014,125.74688676047677,48.56045897689564
2012-06-19 00:00:00+01:00,123.91000366210938,123.46938960123605,124.34926921448394,0.1127287713559042,-1.1292679937808145,120.12570472093037,123.36880965459915,126.61191458826792,5.257576761498522,-0.8798796132478941,0.4109251523789663,-1.2908047656268604,124.65980934170014,125.74688676047677,48.56045897689564
2012-06-20 00:00:00+01:00,124.20999908447266,123.58332952173399,124.33895290855718,0.9510480069701686,-0.7289522982056127,120.19792868570619,123.29880959647042,126.39969050723465,5.0298635013796575,-0.7556233868231885,0.4281451030429375,-1.183768489866126,124.65980934170014,125.74688676047677,48.56045897689564
2012-06-21 00:00:00+01:00,124.72000122070312,123.75820209080617,124.36717870945688,1.4458248305821826,0.23281976466421384,120.31684558377906,123.23404766264416,126.15124974150926,4.734409254901706,-0.6089766186507148,0.459833496972329,-1.0688101156230438,124.65980934170014,125.74688676047677,48.56045897689564
2012-06-22 00:00:00+01:00,124.7750015258789,123.91463277312505,124.39738780696962,1.2956129864874129,0.4426085309210066,120.30564871227587,123.2461907523019,126.18673279232793,4.771818134218659,-0.48275503384456897,0.4688440654227799,-0.9515990992673489,124.65980934170014,125.74688676047677,48.56045897689564
2012-06-25 00:00:00+01:00,125.5,124.1585354234135,124.47906278423113,1.0299399013157426,-0.9090630894069136,120.25120738494851,123.28309558686756,126.3149837887866,4.918578962486744,-0.32052736081763555,0.5048573907597707,-0.8253847515774062,124.8615393576829,125.6780457075013,47.274927265835004
2012-06-26 00:00:00+01:00,123.9469985961914,124.12599129614856,124.43965062215412,-0.047652331138493764,-0.9016486079939625,120.26967635020742,123.24342891148159,126.21718147275575,4.825819254688276,-0.31365932600556334,0.4093803404574743,-0.7230396664630376,124.8615393576829,125.6780457075013,47.274927265835004
2012-06-27 00:00:00+01:00,124.19999694824219,124.13737678108603,124.42189849816064,0.11209808387060605,-0.5699011226723627,120.28290470671469,123.22190493629093,126.16090516586716,4.770256118172788,-0.28452171707461105,0.35081435951074125,-0.6353360765853523,124.8615393576829,125.6780457075013,47.274927265835004
2012-06-28 00:00:00+01:00,124.02400207519531,124.1199345186413,124.3924246890521,-0.3184271914935124,-1.449423895595075,120.28607038727213,123.21019090924945,126.13431143122676,4.746556271682231,-0.2724901704108049,0.29027672493963785,-0.5627668953504428,124.8615393576829,125.6780457075013,47.274927265835004
2012-06-29 00:00:00+01:00,123.06700134277344,123.95794479927702,124.29424518192036,1.1197562829233902,-1.3642448767445785,120.35462539417294,123.24871462867374,126.14280386317454,4.696339825076746,-0.33630038264334416,0.1811732101656789,-0.517473592809023,124.8615393576829,125.6780457075013,47.274927265835004
2012-07-02 00:00:00+01:00,125.1500015258789,124.14133814183116,124.3576345407321,0.9713678396389867,-0.0406331979586696,120.6520195385459,123.45166705903553,126.25131457952516,4.535617196891826,-0.2162963989009512,0.2409417551264575,-0.4572381540274087,124.35435835108548,125.34403865469977,46.58537569704154
2012-07-03 00:00:00+01:00,124.62999725341797,124.21651646669066,124.37780955648661,1.0621928849196394,0.22218891763448312,121.34772958462104,123.67895253499348,126.01017548536593,3.7697973706768866,-0.16129308979594725,0.23675605138516914,-0.3980491411811164,124.35435835108548,125.34403865469977,46.58537569704154
2012-07-04 00:00:00+01:00,125.26000213623047,124.37705272354295,124.44315715498615,0.815845530560722,-0.1571540421931843,121.93131769946316,123.90180969238281,125.87230168530246,3.1807315773867813,-0.06610443144320755,0.2655557677903271,-0.3316601992335346,124.35435835108548,125.34403865469977,46.58537569704154
2012-07-05 00:00:00+01:00,124.55000305175781,124.40366046634523,124.45107166585812,0.39892680826297067,-0.6140736800182793,122.53791391880316,124.06700025285993,125.5960865869167,2.4649364149054187,-0.04741119951289363,0.2273991997765128,-0.2748103992894064,124.35435835108548,125.34403865469977,46.58537569704154
2012-07-06 00:00:00+01:00,124.0,124.34155885613828,124.41765894986864,-0.19365992643113827,-1.272662306802232,122.72664524574351,124.12900034586589,125.53135544598827,2.2595124366021424,-0.07610009373036064,0.15896824444723662,-0.23506833817759726,124.35435835108548,125.34403865469977,46.58537569704154
2012-07-09 00:00:00+01:00,123.01499938964844,124.13747278437062,124.31375824170418,-0.6677545185596472,-1.294761049321366,122.62744618973412,124.09733363560268,125.56722108147125,2.3689267171278923,-0.17628545733356304,0.047026304675227365,-0.2233117620087904,124.03623940934996,125.06631906486822,47.085928845127434
2012-07-10 00:00:00+01:00,123.50299835205078,124.03986133324449,124.25370195358171,-0.6977021977223359,-1.4727037236012421,122.616010922876,124.09271458217076,125.56941824146551,2.380000573388898,-0.21384062033722273,0.007576913337254132,-0.22141753367447686,124.03623940934996,125.06631906486822,47.085928845127434
2012-07-11 00:00:00+01:00,123.12200164794922,123.89865215089137,124.16987230131264,-0.20887376615638686,-1.2498741323673244,122.68056367054159,124.10828617640904,125.53600868227649,2.3007690297778636,-0.27122015042127146,-0.03984209339743566,-0.2313780570238358,124.03623940934996,125.06631906486822,47.085928845127434
2012-07-12 00:00:00+01:00,123.43000030517578,123.82655186693512,124.11506696826547,-0.29506727344124783,-2.0860676396521853,122.6392263507243,124.09066699800037,125.54210764527645,2.3393228232054897,-0.2885151013303471,-0.045709635445209035,-0.24280546588513804,124.03623940934996,125.06631906486822,47.085928845127434
2012-07-13 00:00:00+01:00,122.3499984741211,123.59938980650219,123.98432115388441,-0.7643199331812838,-1.8143229849390963,122.46473444407783,124.05142865862165,125.63812287316546,2.5581232424339926,-0.3849313473822207,-0.11370070519766612,-0.27123064218455456,124.03623940934996,125.06631906486822,47.085928845127434
2012-07-16 00:00:00+01:00,123.3499984741211,123.56102190921278,123.93733428871676,-0.572336424947224,-1.4273321524862865,122.44607828282548,124.04414295014881,125.64220761747214,2.5766064069071968,-0.3763123795039718,-0.0840653898555338,-0.292246989648438,123.50149267508097,124.68998765653605,47.50305646853235
2012-07-17 00:00:00+01:00,123.16500091552734,123.50009560249195,123.88012440922124,-0.11612447025639483,-0.9201253247485823,122.35542544257562,123.9941907610212,125.63295607946678,2.643293703338142,-0.3800288067292854,-0.07022545366467792,-0.3098033530646075,123.50149267508097,124.68998765653605,47.50305646853235
2012-07-18 00:00:00+01:00,123.87999725341797,123.55854201032672,123.88011499027284,0.007885498008405989,-0.7991137085345628,122.35365314860607,123.99276188441685,125.63187062022763,2.643878095624192,-0.32157297994612577,-0.009415701505214646,-0.3121572784409111,123.50149267508097,124.68998765653605,47.50305646853235
2012-07-19 00:00:00+01:00,123.2699966430664,123.51415041536359,123.83492103862793,-0.2949201231005816,-0.9349195127490191,122.28391551428923,123.94799986339751,125.61208421250579,2.6851330411822025,-0.3207706232643375,-0.006890675858741091,-0.3138799474055964,123.50149267508097,124.68998765653605,47.50305646853235
2012-07-20 00:00:00+01:00,123.7300033569336,123.54735856022052,123.82714935850242,-0.08615204404929955,-1.2271508843813308,122.27118913484775,123.90085710797992,125.53052508111209,2.6305999993396525,-0.27979079828190834,0.027271319298950436,-0.3070621175808588,123.50149267508097,124.68998765653605,47.50305646853235
2012-07-23 00:00:00+01:00,122.44999694824219,123.37853369683924,123.72513806885352,-1.2701362377988374,-2.599138618169931,122.09834176320322,123.79014260428292,125.48194344536262,2.7333369289149907,-0.3466043720142835,-0.03163380354673978,-0.31497056846754373,123.4716626378795,124.50741835752756,50.13407569175485
2012-07-24 00:00:00+01:00,121.4800033569336,123.08645210608452,123.55883179389649,-1.8868347235839877,-2.5948349066894565,121.81678974305662,123.59871419270833,125.38063864236004,2.8834028918349954,-0.4723796878119657,-0.1259272954755376,-0.3464523923364281,123.4716626378795,124.50741835752756,50.13407569175485
2012-07-25 00:00:00+01:00,121.0199966430664,122.76853588100481,123.37076993087204,-1.7507671842900123,-2.4607662687626686,121.37581044398664,123.45933314732143,125.54285585065622,3.3752372546003784,-0.6022340498672349,-0.20462532602464545,-0.3976087238425895,123.4716626378795,124.50741835752756,50.13407569175485
2012-07-26 00:00:00+01:00,120.93000030517578,122.48568425395419,123.18997218082046,-0.2299730963478055,-2.3899691290626492,120.98884831052945,123.30361902146112,125.61838973239279,3.7545868147289014,-0.7042879268662716,-0.24534336241894572,-0.4589445644473259,123.4716626378795,124.50741835752756,50.13407569175485
2012-07-27 00:00:00+01:00,122.80000305175781,122.53404099207782,123.16108557866767,0.5089125902776459,-0.6940827100153228,120.94445593171241,123.24533335367839,125.54621077564437,3.7338167042205597,-0.6270445865898466,-0.13448001771401658,-0.49256456887583006,123.4716626378795,124.50741835752756,50.13407569175485
2012-07-30 00:00:00+01:00,123.41999816894531,122.67034209621129,123.1802642890586,0.3347351005898389,-0.7002609321250048,120.96156451254369,123.26214272635323,125.56272094016278,3.732822037528453,-0.5099221928473128,-0.013886099177186195,-0.4960360936701266,123.27944063960847,124.27707239831882,52.32659171110693
2012-07-31 00:00:00+01:00,122.7249984741211,122.67875076973587,123.14654089535952,-0.11554266537905278,-0.9265396746563965,120.99831383223982,123.14666639055524,125.29501894887066,3.4890957608255513,-0.46779012562365097,0.0225967744371805,-0.49038690006083147,123.27944063960847,124.27707239831882,52.32659171110693
2012-08-01 00:00:00+01:00,122.37000274658203,122.63125107386605,123.08901955100563,-0.4510190627243844,-1.199020161357197,120.97388687724929,123.03904760451545,125.1042083317816,3.3569192341348564,-0.4577684771395809,0.026094738337000434,-0.48386321547658134,123.27944063960847,124.27707239831882,52.32659171110693
2012-08-02 00:00:00+01:00,121.80000305175781,122.50336676277247,122.99353684735765,-0.4535359318303023,-1.8235386784123335,121.00100581676199,122.87428574335007,124.74756566993815,3.04910000535155,-0.4901700845851735,-0.005045495286873758,-0.48512458929829977,123.27944063960847,124.27707239831882,52.32659171110693
2012-08-03 00:00:00+01:00,121.34100341796875,122.32454163280266,122.87112696369921,0.15187566081250736,-1.8011272688749926,120.89700014104994,122.72147623697917,124.5459523329084,2.9733607382722567,-0.5465853308965478,-0.04916859327859846,-0.49741673761794936,123.27944063960847,124.27707239831882,52.32659171110693
2012-08-06 00:00:00+01:00,123.0,122.42845830467918,122.88067311453631,0.14932566476056763,-1.1626707952003699,120.93516162984282,122.67385718936012,124.41255274887742,2.834663553186292,-0.45221480985712503,0.03616154220865947,-0.4883763520657845,123.0859595922585,124.05163312678165,50.25579809459473
2012-08-07 00:00:00+01:00,121.88300323486328,122.34454214009212,122.80677164196794,0.4412294566648711,-1.0467695057374726,120.8568855315793,122.61995261056083,124.38301968954237,2.8756610020573254,-0.4622295018758251,0.020917480151967482,-0.4831469820277926,123.0859595922585,124.05163312678165,50.25579809459473
2012-08-08 00:00:00+01:00,122.72000122070312,122.40230507557074,122.80034420335573,0.03965213453489014,-0.9103448137072974,120.86329979331079,122.58266703287761,124.30203427244443,2.8052371206863596,-0.3980391277849975,0.06808628339423606,-0.46612541117923356,123.0859595922585,124.05163312678165,50.25579809459473
2012-08-09 00:00:00+01:00,122.81999969482422,122.46656578622512,122.80180016568673,0.3681980032585841,-0.39580193570625966,120.8622029598509,122.5682859874907,124.27436901513049,2.783889835603828,-0.3352343794616104,0.10471282537409854,-0.4399472048357089,123.0859595922585,124.05163312678165,50.25579809459473
2012-08-10 00:00:00+01:00,122.86499786376953,122.52786302892426,122.80648147665582,0.0745152274457439,-1.0184794624956623,120.87310219233464,122.5413811093285,124.20966002632235,2.722800905117035,-0.2786184477315601,0.12906300568331908,-0.40768145341487916,123.0859595922585,124.05163312678165,50.25579809459473
2012-08-13 00:00:00+01:00,122.59500122070312,122.53819198150562,122.79081627251118,0.2941828119614769,-0.4108190190932106,120.88686031279084,122.55304790678478,124.21923550077872,2.719128773135467,-0.25262429100556005,0.12404572992745527,-0.3766700209330153,123.62897184080255,124.14639929979722,44.433009122905716
2012-08-14 00:00:00+01:00,122.7699966430664,122.57385423713036,122.78927407773749,1.0727254339812617,-0.029271941507019505,120.89413549799093,122.52542877197266,124.15672204595438,2.662783212156984,-0.21541984060712593,0.1290001442607115,-0.3444199848678374,123.62897184080255,124.14639929979722,44.433009122905716
2012-08-15 00:00:00+01:00,123.5270004272461,122.72049211253278,122.84392047399739,1.1710789156510515,0.4600803804948015,120.87740717621702,122.54266684395927,124.20792651170152,2.717844666890954,-0.12342836146460456,0.1767932987225863,-0.3002216601871909,123.62897184080255,124.14639929979722,44.433009122905716
2012-08-16 00:00:00+01:00,123.83200073242188,122.89149343866957,122.91711160425105,1.872889311276296,0.9068858933075461,120.88235373517938,122.5403812953404,124.19840885550141,2.706091726881322,-0.025618165581477115,0.219682795684571,-0.2453009612660481,123.62897184080255,124.14639929979722,44.433009122905716
2012-08-17 00:00:00+01:00,124.68000030517578,123.16664834120898,123.04769595246769,1.8923064889385586,1.4623061837627773,120.73626298348289,122.60752432686942,124.47878567025596,3.0524412814955584,0.11895238874129177,0.2914026800058719,-0.1724502912645801,123.62897184080255,124.14639929979722,44.433009122905716
2012-08-20 00:00:00+01:00,124.73500061035156,123.40793330569245,123.17268148268131,1.8173163810882187,1.3923209587249374,120.62693601222136,122.65538133893695,124.68382666565253,3.307552109940168,0.23525182301114,0.3261616914205761,-0.09090986840943609,123.88931578123815,124.18405706584181,37.22488844903591
2012-08-21 00:00:00+01:00,124.62000274658203,123.59440552736777,123.27989046519248,2.210107398577051,1.3301101451590824,120.56804556496554,122.7587149483817,124.94938433179784,3.5690653561130805,0.314515062175289,0.3243399444677801,-0.009824882292491052,123.88931578123815,124.18405706584181,37.22488844903591
2012-08-22 00:00:00+01:00,124.98999786376953,123.80911204066035,123.4065650873093,2.083432776460228,1.4434333868117903,120.61844628181612,122.92585754394531,125.2332688060745,3.7541511740998943,0.40254695335104884,0.3298974685148319,0.07264948483621693,123.88931578123815,124.18405706584181,37.22488844903591
2012-08-23 00:00:00+01:00,124.76000213623047,123.95540282459422,123.50681968352569,1.4731836734079025,0.8481836734079025,120.83543253515563,123.1039530436198,125.37247355208396,3.685536414351133,0.44858314106852504,0.3007469249858465,0.14783621608267855,123.88931578123815,124.18405706584181,37.22488844903591
2012-08-24 00:00:00+01:00,124.63099670410156,124.05934034451842,123.5900920554202,1.2249103859860497,0.5259052590329247,121.14339279646865,123.28019096737816,125.41698913828768,3.4665718054816193,0.4692482890982177,0.2571296584124313,0.2121186306857864,123.88931578123815,124.18405706584181,37.22488844903591
2012-08-27 00:00:00+01:00,124.42500305175781,124.11559614563217,123.65193731440817,0.9480611597129212,0.5580617700644837,121.17865655181576,123.35757191975911,125.53648728770246,3.532681997600722,0.4636588312239951,0.20123216043056696,0.26242667079342813,124.0218780419843,124.19876356550392,32.92268509804471
2012-08-28 00:00:00+01:00,124.33000183105469,124.14858163569717,123.70216431564124,0.6478341584798528,-0.0021673673990534326,121.18290254227524,123.4009054274786,125.61890831268197,3.594791914240626,0.4464173200559287,0.14719251941000044,0.29922480064592827,124.0218780419843,124.19876356550392,32.92268509804471
2012-08-29 00:00:00+01:00,124.30000305175781,124.17187723816804,123.74644866646469,0.994548647988438,0.29355224906265676,121.2479033869679,123.47590564546131,125.70390790395471,3.6088048868266,0.4254285717033497,0.10096301684593711,0.3244655548574126,124.0218780419843,124.19876356550392,32.92268509804471
2012-08-30 00:00:00+01:00,124.59600067138672,124.23712699712476,123.80937844460706,0.9766246681859059,0.23062247092028088,121.36265621321564,123.58190554664249,125.80115488006933,3.591544123891587,0.4277485525176985,0.08262639812822875,0.34512215438946975,124.0218780419843,124.19876356550392,32.92268509804471
2012-08-31 00:00:00+01:00,123.97000122070312,124.19603072382913,123.82127642802159,0.7387211305721593,-0.08427691630284073,121.61008814000445,123.68523879278274,125.76038944556103,3.355534860962535,0.3747542958075343,0.023705713134451634,0.35104858267308264,124.0218780419843,124.19876356550392,32.92268509804471
2012-09-03 00:00:00+01:00,124.20999908447266,124.19817970238967,123.85007069886981,0.6699259441965921,0.09992624937237338,122.0226097105162,123.82185763404483,125.62110555757346,2.9061879023755206,0.34810900351985197,-0.0023516633225845185,0.3504606668424365,124.43791757567833,124.35179686229857,31.00433672672655
2012-09-04 00:00:00+01:00,124.38999938964844,124.2276904235064,123.89006541670527,0.8859355598572307,0.39793659745488696,122.11249348628736,123.88804808117095,125.66360267605454,2.866385615697571,0.33762500680113305,-0.010268528033042734,0.3478935348341758,124.43791757567833,124.35179686229857,31.00433672672655
2012-09-05 00:00:00+01:00,124.48999786376953,124.26804541431612,123.93450485722855,0.9644972179667661,0.07749618036910988,122.46486618756649,124.01219068254743,125.55951517752837,2.4954393378016513,0.3335405570875736,-0.01148238219728176,0.34502293928485533,124.43791757567833,124.35179686229857,31.00433672672655
2012-09-06 00:00:00+01:00,124.72000122070312,124.33757707683719,123.99268977304148,1.8473065648491485,0.6273129735405547,122.64615831299523,124.10742877778553,125.56869924257583,2.3548476979677164,0.34488730379571564,-0.00010850839131176793,0.3449958121870274,124.43791757567833,124.35179686229857,31.00433672672655
2012-09-07 00:00:00+01:00,125.66000366210938,124.54102732072522,124.11619450556502,2.0688030530287307,0.9038021375013869,122.7575457705385,124.24266706194196,125.72778835334542,2.390678382110137,0.424832815160201,0.06386960237853889,0.3609632127816621,124.43791757567833,124.35179686229857,31.00433672672655
2012-09-10 00:00:00+01:00,125.20999908447266,124.64394605360944,124.19721706696558,1.1687802474875468,0.6727856796164531,122.94990387157605,124.35433378673736,125.75876370189866,2.2587550789662743,0.44672898664386196,0.06861261908975991,0.37811636755410205,125.31861232747045,124.74154042926374,32.783334750280666
2012-09-11 00:00:00+01:00,125.08000183105469,124.71103155783179,124.26260853097217,1.103388783480952,0.42739391043407693,123.27803571886294,124.47266714913505,125.66729857940716,1.9195080456350806,0.448423026859615,0.056245327444410353,0.39217769941520464,125.31861232747045,124.74154042926374,32.783334750280666
2012-09-12 00:00:00+01:00,124.93000030517578,124.74471905742317,124.31204495869096,1.3039523557621635,0.5989581541020073,123.6414701275982,124.57552446637835,125.50957880515851,1.4995792195637099,0.43267409873220686,0.0323971194536018,0.40027697927860506,125.31861232747045,124.74154042926374,32.783334750280666
2012-09-13 00:00:00+01:00,125.30999755859375,124.83168498068018,124.38596737349857,0.9940298799193954,0.2340353730834579,123.80196254351391,124.66042909168061,125.51889563984732,1.3772879724894098,0.44571760718160647,0.036352502322401115,0.40936510485920535,125.31861232747045,124.74154042926374,32.783334750280666
2012-09-14 00:00:00+01:00,125.39800262451172,124.91881077203888,124.46093294764769,2.769070409285902,0.8090636954187147,123.90577178838001,124.73500061035156,125.56422943232312,1.3295848284987912,0.45787782439118985,0.038810175625587584,0.41906764876560226,125.31861232747045,124.74154042926374,32.783334750280666
2012-09-17 00:00:00+01:00,127.072998046875,125.25022419893675,124.65441925129416,3.5375820914792797,2.155578307299592,123.55423638584085,124.8489528837658,126.14366938169076,2.074052634034234,0.5958049476425913,0.1413898391015912,0.4544151085410001,125.81574073784488,125.03703430488231,36.3866162106447
2012-09-18 00:00:00+01:00,127.75199890136719,125.63511261469527,124.88386959574402,2.9901309535723897,2.5761294887286397,123.2047355924668,124.99261946905227,126.78050334563774,2.860783115323288,0.7512430189512571,0.23746232832820557,0.5137806906230515,125.81574073784488,125.03703430488231,36.3866162106447
2012-09-19 00:00:00+01:00,127.91000366210938,125.98509585275899,125.10802767473405,3.691975377023766,1.8289687852268912,122.98293618087524,125.14928617931548,127.31563617775572,3.4620253372220846,0.8770681780249419,0.29062998992151223,0.5864381881034296,125.81574073784488,125.03703430488231,36.3866162106447
2012-09-20 00:00:00+01:00,127.22200012207031,126.17538881726843,125.26461822638858,2.0053784166778286,0.9683834825957973,122.91861550321227,125.25557200113933,127.59252849906639,3.7315010591397964,0.9107705908798494,0.25946592222113574,0.6513046686587136,125.81574073784488,125.03703430488231,36.3866162106447
2012-09-21 00:00:00+01:00,126.83899688720703,126.27748236648975,125.38123886793069,2.188760826893528,1.4287586906630594,122.93528438257978,125.35457175118583,127.77385911979188,3.859910866925623,0.896243498559059,0.1959510639202764,0.7002924346387827,125.81574073784488,125.03703430488231,36.3866162106447
2012-09-24 00:00:00+01:00,126.7699966430664,126.35325379365538,125.48410981423704,1.3258877443567059,0.4738903688684246,122.98796150226434,125.45642889113654,127.92489628000874,3.9351787878709423,0.8691439794183395,0.1350812358236455,0.734062743594694,125.83016087845257,125.15445814128026,35.26474388942677
2012-09-25 00:00:00+01:00,126.31700134277344,126.3476764935197,125.54580548301752,1.1151976297754516,0.4881910990137328,123.09717914565806,125.54652404785156,127.99586895004506,3.901892020937105,0.8018710105021825,0.054246613525990695,0.7476243969761918,125.83016087845257,125.15445814128026,35.26474388942677
2012-09-26 00:00:00+01:00,125.86000061035156,126.27264943457075,125.56907919615337,0.5059177520888198,-0.2400768157822739,123.22879862287307,125.61938113257999,128.00996364228692,3.8060727383840214,0.7035702384173845,-0.035243326847045786,0.7388135652644303,125.83016087845257,125.15445814128026,35.26474388942677
2012-09-27 00:00:00+01:00,125.63999938964844,126.17531865842886,125.57433254381966,0.49566715100455383,0.00466983655142883,123.36648892034621,125.68319048200335,127.9998920436605,3.6865734435487143,0.6009861146091993,-0.1102619605241848,0.7112480751333841,125.83016087845257,125.15445814128026,35.26474388942677
2012-09-28 00:00:00+01:00,125.97000122070312,126.14373136031722,125.60364133469992,0.5003549421555533,-0.18564206712179043,123.48134940012795,125.74861907958984,128.01588875905173,3.6060351136371067,0.5400900256173031,-0.13692643961286477,0.6770164652301679,125.83016087845257,125.15445814128026,35.26474388942677
2012-10-01 00:00:00+01:00,125.66799926757812,126.07054180758813,125.60840858898719,0.6655934862081239,-0.13440956554968864,123.70508669781745,125.82947612944103,127.95386556106462,3.376616508262691,0.4621332186009397,-0.17190659730338254,0.6340398159043222,126.2001080661038,125.40953589844112,36.369687272950635
2012-10-02 00:00:00+01:00,125.83999633789062,126.03507327378851,125.62556323705411,0.7824338942935469,0.17344036402010943,123.90974937646213,125.90709504627046,127.90444071607878,3.1727293351884693,0.4095100367344031,-0.1796238233359353,0.5891338600703384,126.2001080661038,125.40953589844112,36.369687272950635
2012-10-03 00:00:00+01:00,126.12899780273438,126.04952320131865,125.66285468636376,0.7671456188120231,0.10714195670264814,124.11029196313547,125.98990449451264,127.86951702588982,2.983751021827374,0.3866685149548914,-0.16197227609235765,0.548640791047249,126.2001080661038,125.40953589844112,36.369687272950635
2012-10-04 00:00:00+01:00,126.29399871826172,126.0871348193099,125.70960609613398,1.2713967114832059,0.4623909741785184,124.31725289692598,126.07580929710751,127.83436569728904,2.7896809229078308,0.3775287231759137,-0.13688965429706834,0.514418377472982,126.2001080661038,125.40953589844112,36.369687272950635
2012-10-05 00:00:00+01:00,127.05400085449219,126.23588344010717,125.8091908930494,1.9908121587084082,0.8908060551927832,124.4913011702569,126.18695213681175,127.8826031033666,2.687521867897131,0.42669254705776893,-0.07018066433217046,0.4968732113899394,126.2001080661038,125.40953589844112,36.369687272950635
2012-10-08 00:00:00+01:00,126.98500061035156,126.35113223552939,125.89628790914585,1.0597133725924266,-0.7462863832669484,124.53898657731287,126.25004722958519,127.96110788185752,2.7105901182924175,0.45484432638353667,-0.03362310800512219,0.48846743438865886,126.13673942281268,125.49531678955388,34.07936560045537
2012-10-09 00:00:00+01:00,125.49400329589844,126.21926624481694,125.86648904890531,-0.05449258894437037,-0.9464908799599954,124.581359751482,126.26357123965309,127.94578272782418,2.6646030547927237,0.3527771959116279,-0.10855219078162476,0.4613293866932527,126.13673942281268,125.49531678955388,34.07936560045537
2012-10-10 00:00:00+01:00,125.0790023803711,126.04384103490219,125.80815670308796,-0.21315548238483473,-0.8081567030879597,124.58117816855344,126.26352364676339,127.94586912497334,2.664816297882683,0.23568433181422677,-0.18051604390322074,0.4162003757174475,126.13673942281268,125.49531678955388,34.07936560045537
2012-10-11 00:00:00+01:00,124.94499969482422,125.87478852104404,125.74421914692027,0.3437782896031649,-1.0152228700648038,124.58414644824225,126.26423790341332,127.94432935858438,2.6612308965207765,0.13056937412376612,-0.2285048012749451,0.3590741753987112,126.13673942281268,125.49531678955388,34.07936560045537
2012-10-12 00:00:00+01:00,125.73899841308594,125.85389773520433,125.7438324258955,0.3851653768388701,-0.2778290079267549,124.64145529776083,126.284666515532,127.92787773330316,2.6023922984649377,0.11006530930882263,-0.19920709287191085,0.3092724021807335,126.13673942281268,125.49531678955388,34.07936560045537
2012-10-15 00:00:00+01:00,125.97799682617188,125.8729899030455,125.76117793702709,0.858824809554946,-0.2211770214997415,124.71064291431652,126.31228528703961,127.9139276597627,2.536004109312761,0.11181196601840782,-0.15796834892986056,0.2697803149482684,126.34782516289725,125.67741391148424,34.89384965451996
2012-10-16 00:00:00+01:00,126.68000030517578,125.99714534952707,125.82923885318625,1.4777603533567145,0.6977615740598395,124.71896416925821,126.29357110886346,127.8681780484687,2.493566261180397,0.16790649634081944,-0.08149905488595915,0.2494055512267786,126.34782516289725,125.67741391148424,34.89384965451996
2012-10-17 00:00:00+01:00,127.16799926757812,126.17727672153492,125.92840629128935,1.485595173554401,0.8065943190622136,124.77687233531357,126.26576160249256,127.75465086967155,2.3583420371173665,0.24887043024557443,-0.00042809678496333325,0.24929852703053776,126.34782516289725,125.67741391148424,34.89384965451996
2012-10-18 00:00:00+01:00,127.54000091552734,126.38692659753376,126.04778367086253,2.132209004918721,1.2562171836296585,124.83044551283038,126.2481424240839,127.66583933533741,2.24588953790906,0.33914292667122936,0.07187551971255329,0.26726740695867607,126.34782516289725,125.67741391148424,34.89384965451996
2012-10-19 00:00:00+01:00,127.31999969482422,126.53047630480921,126.1420218948597,1.3479759689098358,0.6179802413707733,124.82173816553693,126.2528090704055,127.68387997527408,2.2669925768867967,0.3884544099495173,0.09694960239267297,0.2915048075568443,126.34782516289725,125.67741391148424,34.89384965451996
2012-10-22 00:00:00+01:00,126.75700378417969,126.56532668625083,126.1875761088834,1.9554292622103446,0.5204240742220634,124.8238173932363,126.24890463692802,127.67399188061974,2.2575835375206577,0.3777505773674221,0.06899661584846223,0.3087539615189599,126.92188588333775,126.0192129704463,37.92120449932843
2012-10-23 00:00:00+01:00,128.11099243164062,126.8031214163108,126.3300513920506,1.7719536128322062,0.625949889687675,124.69310324611328,126.31276157924107,127.93241991236886,2.5645205011398806,0.4730700242601955,0.13145285019298847,0.34161717406720704,126.92188588333775,126.0192129704463,37.92120449932843
2012-10-24 00:00:00+01:00,127.29499816894531,126.87879476286996,126.40152893107984,1.671469115795162,0.7084716792717245,124.68649591415327,126.35933285667782,128.03216979920236,2.6477457655176937,0.4772658317901204,0.1085189261783307,0.3687469056117897,126.92188588333775,126.0192129704463,37.92120449932843
2012-10-25 00:00:00+01:00,127.98999786376953,127.04974908608527,126.51919329646427,3.110811586348234,1.4138053607622965,124.66737628760599,126.46076129731678,128.25414630702758,2.8362710951809653,0.5305557896210047,0.12944710720737201,0.4011086824136327,126.92188588333775,126.0192129704463,37.92120449932843
2012-10-26 00:00:00+01:00,129.27999877929688,127.39286442350244,126.72369740630371,2.672298687446286,1.2503016171337862,124.51710108370229,126.63409460158576,128.75108811946924,3.3434811131140183,0.6691670171987312,0.2144466678280788,0.45472034937065237,126.92188588333775,126.0192129704463,37.92120449932843
2012-10-29 00:00:00+00:00,128.10000610351562,127.50165545119678,126.82564619868978,1.4583503833414682,0.7143547168375619,124.5524475576307,126.73552340552921,128.91859925342771,3.445089094575459,0.6760092525070007,0.1770311225090787,0.498978129997922,127.59792290497256,126.43789639584571,40.4440002033355
2012-10-30 00:00:00+00:00,127.86100006103516,127.55693923732576,126.90233907738204,1.3476609226179619,0.13966073951249314,124.66132712200897,126.83995201474144,129.0185769074739,3.435234495325685,0.6546001599437261,0.12449762395664332,0.5301025359870828,127.59792290497256,126.43789639584571,40.4440002033355
2012-10-31 00:00:00+00:00,128.06199645996094,127.63464034850041,126.98823962423974,1.816753051541511,0.8617588498813546,124.75587108375649,126.94576154436383,129.13565200497118,3.4501198527089723,0.6464007242606726,0.0930385506188719,0.5533621736418007,127.59792290497256,126.43789639584571,40.4440002033355
2012-11-01 00:00:00+00:00,128.802001953125,127.81423444151957,127.12259238934234,2.3014035823373433,1.6474118831185933,124.77956618146463,127.0730474562872,129.36652873110975,3.609705316324475,0.6916420521772295,0.110623902828343,0.5810181493488865,127.59792290497256,126.43789639584571,40.4440002033355
2012-11-02 00:00:00+00:00,129.39999389648438,128.05819743459108,127.2912887972788,2.2087112027212044,1.6667037564321419,124.75350032786469,127.22095198858352,129.68840364930236,3.8790020388155235,0.7669086373122838,0.14871239037071782,0.6181962469415659,127.59792290497256,126.43789639584571,40.4440002033355
2012-11-05 00:00:00+00:00,128.92999267578125,128.19231977938958,127.41267426976046,1.6563259743801666,0.6063229226223541,124.73979202320315,127.31028493245442,129.88077784170568,4.038154357466189,0.7796455096291197,0.12915941015004306,0.6504860994790767,127.15861486308067,126.41533959348159,37.37843467652423
2012-11-06 00:00:00+00:00,128.1199951171875,128.18119290828156,127.4650684066069,0.8969311051118467,0.38293116614700295,124.77580431437771,127.3643322899228,129.95286026546788,4.064761191779734,0.7161245016746562,0.05251072175646365,0.6636137799181926,127.15861486308067,126.41533959348159,37.37843467652423
2012-11-07 00:00:00+00:00,128.36000061035156,128.2087017855231,127.53135968095836,1.282635680369765,0.008641234568983691,125.02119281010074,127.5008083525158,129.98042389493088,3.889568347769838,0.6773421045647297,0.01098265971722967,0.6663594448475,127.15861486308067,126.41533959348159,37.37843467652423
2012-11-08 00:00:00+00:00,127.77200317382812,128.14151738372385,127.54918512487464,0.2638184151644225,-0.33718713903479625,125.39755556514625,127.62904648553757,129.8605374059289,3.4968386614785123,0.5923322588492113,-0.05922174879863096,0.6515540076478422,127.15861486308067,126.41533959348159,37.37843467652423
2012-11-09 00:00:00+00:00,126.97599792480469,127.96220669773629,127.50672681375835,-0.04672772928569202,-1.572728705848192,125.81496003468979,127.72576068696522,129.63656133924064,2.9920364411976124,0.4554798839779437,-0.15685929893591877,0.6123391829138625,127.15861486308067,126.41533959348159,37.37843467652423
2012-11-12 00:00:00+00:00,126.2699966430664,127.70186668932554,127.41511717148487,-0.8901156456059596,-1.4551180870122096,125.9343416372038,127.75104631696429,129.56775099672478,2.844132759982331,0.2867495178406756,-0.26047173205854945,0.547221249899225,127.92641178046524,126.85057759658913,35.93903909197865
2012-11-13 00:00:00+00:00,126.3499984741211,127.49388696390947,127.33621949019866,-0.7452160722299084,-1.6842190629525646,126.01540611514706,127.76876068115234,129.52211524715761,2.744574740582769,0.15766747371081635,-0.31164302095072693,0.4693104946615433,127.92641178046524,126.85057759658913,35.93903909197865
2012-11-14 00:00:00+00:00,126.12000274658203,127.28252016124371,127.24612936104187,0.2488733855401648,-1.2461293610418664,125.90813434530746,127.74209413074311,129.57605391617878,2.8713476131972833,0.036390800201843376,-0.3463357555677599,0.3827265557696033,127.92641178046524,126.85057759658913,35.93903909197865
2012-11-15 00:00:00+00:00,127.0,127.23905552105236,127.22789755652025,1.7031021993391278,-0.31789389441087224,125.8887567002751,127.73409416562035,129.5794316309656,2.889342078008674,0.011157964532117148,-0.2972548729899889,0.3084128375221061,127.92641178046524,126.85057759658913,35.93903909197865
2012-11-16 00:00:00+00:00,128.6699981689453,127.45920054380512,127.3347198241073,1.575283838002079,0.932278466908329,125.90286931402869,127.78790355864025,129.6729378032518,2.9502545892327627,0.12448071969782859,-0.14714569425942198,0.27162641395725057,127.92641178046524,126.85057759658913,35.93903909197865
2012-11-19 00:00:00+00:00,129.5850067138672,127.7862476468916,127.50140774186728,2.1965903050077173,1.4085959202420923,125.87579136011804,127.89576103573754,129.915730711357,3.158775020002502,0.2848399050243131,0.010570792853650035,0.2742691121706631,129.3616060632789,127.61935145834872,39.53622907976064
2012-11-20 00:00:00+00:00,129.29299926757812,128.01805558853567,127.63411822525327,2.4208744505279753,1.3778751829498503,125.98015283089454,128.0165227254232,130.05289261995182,3.1814172907919978,0.38393736328239925,0.08773460088938895,0.2962027623930103,129.3616060632789,127.61935145834872,39.53622907976064
2012-11-21 00:00:00+00:00,130.19000244140625,128.35220125820808,127.82344298200535,3.7805609242446536,2.1765570179946536,125.87817873482558,128.1155232020787,130.3528676693318,3.492698482328499,0.528758276202737,0.18604441104778136,0.3427138651549556,129.3616060632789,127.61935145834872,39.53622907976064
2012-11-22 00:00:00+00:00,131.8489990234375,128.89017014516645,128.12163231840773,4.190364141553204,2.9373734188969536,125.62232884959762,128.33238038562592,131.0424319216542,4.2234883010583335,0.7685378267587168,0.340659169283009,0.42787865747570786,129.3616060632789,127.61935145834872,39.53622907976064
2012-11-23 00:00:00+00:00,131.25,129.25322089206392,128.35336325778493,3.528640526394753,2.462631004910378,125.51321370283038,128.48761858258928,131.46202346234816,4.6298700412865035,0.8998576342789875,0.3775831814426237,0.5222744528363638,129.3616060632789,127.61935145834872,39.53622907976064
2012-11-26 00:00:00+00:00,132.2760009765625,129.71826398198678,128.6439290147314,3.7820658583154625,2.46607159562015,125.25689542774815,128.63028535388764,132.00367528002715,5.245094367720062,1.0743349672553677,0.4416484115352032,0.6326865557201645,130.26473709068856,128.2553011279429,43.07013983586164
2012-11-27 00:00:00+00:00,131.27499389648438,129.9577608919095,128.83882270967607,3.230177534464559,2.3961779006754966,125.2364720856908,128.7814752487909,132.32647841189103,5.505455122720992,1.1189381822334212,0.3890013012106054,0.7299368810228158,130.26473709068856,128.2553011279429,43.07013983586164
2012-11-28 00:00:00+00:00,131.48699951171875,130.19302837188013,129.0349839542718,2.6250197078375663,1.4620100642828788,125.25540344772295,128.95414188929968,132.6528803308764,5.736517474176043,1.1580444176083233,0.342486029268406,0.8155583883399173,130.26473709068856,128.2553011279429,43.07013983586164
2012-11-29 00:00:00+00:00,131.52999877929688,130.39871612686733,129.21979986723662,2.612200865185258,2.042193540966508,125.28734152628466,129.11928485688708,132.95122818748948,5.935508913094813,1.1789162596307108,0.2906862970326347,0.8882299625980761,130.26473709068856,128.2553011279429,43.07013983586164
2012-11-30 00:00:00+00:00,131.75,130.60660595350313,129.40722209929316,3.3807722854724602,2.1627852249255852,125.27168264587503,129.25966571626208,133.2476487866491,6.170498814597062,1.1993838542099695,0.24892311328951477,0.9504607409204547,130.26473709068856,128.2553011279429,43.07013983586164
2012-12-03 00:00:00+00:00,132.11900329589844,130.8392824677178,129.60809478052317,2.8229049753362006,2.010908515375263,125.21895066543753,129.38914235432944,133.55933404322133,6.445968514841709,1.2311876871946197,0.2245815570193319,1.0066061301752878,130.94315907771164,128.83311568848788,46.13768170121362
2012-12-05 00:00:00+00:00,131.7100067138672,130.97324004404848,129.76379196077087,2.891206818526001,1.9332142648150636,125.24294636386314,129.52152397519066,133.80010158651817,6.606743775107306,1.2094480832776071,0.16227356248185543,1.0471745207957517,130.94315907771164,128.83311568848788,46.13768170121362
2012-12-06 00:00:00+00:00,132.6300048828125,131.22812694231988,129.97610402907026,2.9118964592109933,2.3439032951484933,125.3104427933601,129.73628634498232,134.16212989660454,6.822830645627458,1.2520229132496183,0.16387871396309328,1.088144199286525,130.94315907771164,128.83311568848788,46.13768170121362
2012-12-07 00:00:00+00:00,132.2740020751953,131.3890308089161,130.1463186991536,2.445676540104216,1.5106789815104662,125.4154494180256,129.92266736711775,134.4298853162099,6.938308826982842,1.2427121097624934,0.12365432838077473,1.1190577813817186,130.94315907771164,128.83311568848788,46.13768170121362
2012-12-10 00:00:00+00:00,132.343994140625,131.53594824456363,130.30910947259594,2.1188843018181274,1.3608886963493774,125.6280509683006,130.1403812226795,134.6527114770584,6.934558223950462,1.2268387719676923,0.0862247924687789,1.1406139794989134,132.6817715791515,129.87967010185122,51.5627842307683
2012-12-11 00:00:00+00:00,132.3679962158203,131.66395562475697,130.46161960172367,2.3633773465185186,1.878376736166956,126.0227502382776,130.3971430460612,134.77153585384477,6.709338418922852,1.202336023033297,0.04937763482750679,1.15295838820579,132.6817715791515,129.87967010185122,51.5627842307683
2012-12-12 00:00:00+00:00,133.01400756835938,131.87165592377272,130.65068537703002,3.234309129805922,2.239314012618422,126.62161557196526,130.7182864234561,134.81495727494695,6.267938424804404,1.2209705467427057,0.05440972682953249,1.1665608199131732,132.6817715791515,129.87967010185122,51.5627842307683
2012-12-13 00:00:00+00:00,134.26100158691406,132.239247564256,130.9181162073918,4.14688623401446,3.2928823277644597,127.22575851972182,131.09500085739862,134.9642431950754,5.902959399474947,1.321131356864214,0.12365642956083267,1.1974749273033813,132.6817715791515,129.87967010185122,51.5627842307683
2012-12-14 00:00:00+00:00,134.8209991455078,132.63644011521782,131.20721864725223,4.176784038294642,3.1307787892712042,128.01443198789121,131.50933401925224,135.00423605061326,5.315063082669687,1.42922146796559,0.1853972325297668,1.243824235435823,132.6817715791515,129.87967010185122,51.5627842307683
2012-12-17 00:00:00+00:00,136.10800170898438,133.17052651425882,131.57023961478794,4.524761605915188,3.859753060993313,128.53469265589146,131.94304838634673,135.351404116802,5.16640440271647,1.6002868994708876,0.2851701312280517,1.315116768242836,133.9111794251635,130.8068593897564,56.66983529264553
2012-12-18 00:00:00+00:00,135.95199584960938,133.5984448735435,131.89481415070063,4.585181576838437,3.9201882907056245,128.80317311681955,132.28981018066406,135.77644724450857,5.271210320859816,1.7036307228428882,0.3108111636800417,1.3928195591628465,133.9111794251635,130.8068593897564,56.66983529264553
2012-12-19 00:00:00+00:00,137.0500030517578,134.12945382403802,132.2766799952234,5.527320859268798,4.65331268055786,128.82772784477947,132.64528619675409,136.4628445487287,5.756040733044955,1.8527738288146338,0.36796341572142977,1.484810413093204,133.9111794251635,130.8068593897564,56.66983529264553
2012-12-20 00:00:00+00:00,136.87600708007812,134.55200047881343,132.6173708903978,4.845626546125629,3.602630330305317,129.09217867077928,133.00638180687315,136.92058494296703,5.885737335186433,1.9346295884156177,0.359855340257931,1.5747742481576867,133.9111794251635,130.8068593897564,56.66983529264553
2012-12-21 00:00:00+00:00,137.3769989013672,134.98661562074477,132.9699359282474,4.426060165502605,3.0890698090572926,129.22792132325372,133.34861973353796,137.4693181438222,6.180339051905244,2.0166796924973767,0.353524355471752,1.6631553370256247,133.9111794251635,130.8068593897564,56.66983529264553
2012-12-24 00:00:00+00:00,136.33999633789062,135.1948280387672,133.21957003266542,3.690433629443959,3.0584298452642713,129.3112056506413,133.5624767485119,137.81374784638248,6.365966252445901,1.9752580061017966,0.24968213526093752,1.725575870840859,135.57145238044754,131.96187923279342,61.51729796125247
2012-12-25 00:00:00+00:00,136.80999755859375,135.44331565720208,133.4855276271786,3.4334787204776376,3.07747591286045,129.49328347480647,133.82723853701637,138.16119359922627,6.476940135040045,1.9577880300234654,0.185769727346085,1.7720183026773804,135.57145238044754,131.96187923279342,61.51729796125247
2012-12-26 00:00:00+00:00,137.13999938964844,135.7043439237323,133.7562292392134,4.393764657270964,3.394771737349089,129.56435131315166,134.05885750906808,138.5533637049845,6.705273011315041,1.9481146845188846,0.14087710547320342,1.8072375790456812,135.57145238044754,131.96187923279342,61.51729796125247
2012-12-27 00:00:00+00:00,138.14999389648438,136.08059776569416,134.08169328790015,5.064302805849849,4.018312815615474,129.75117884830695,134.38623846144904,139.02129807459113,6.89811645330297,1.9989044777940137,0.15333351899866599,1.8455709587953477,135.57145238044754,131.96187923279342,61.51729796125247
2012-12-28 00:00:00+00:00,139.38299560546875,136.58865897181335,134.47438234846078,4.995618872242346,3.7396221681407837,129.8558200319075,134.76223827543714,139.66865651896677,7.281592093330365,2.1142766233525663,0.2149645316457749,1.8993120917067914,135.57145238044754,131.96187923279342,61.51729796125247
2012-12-31 00:00:00+00:00,138.89999389648438,136.9442489602243,134.80220542609214,5.782801287775044,3.928797381525044,130.1280683936331,135.11319042387464,140.09831245411618,7.3791789159922985,2.142043534132142,0.19418515394028057,1.9478583801918616,137.64596764328013,133.36661050938656,66.31259190143889
2013-01-01 00:00:00+00:00,140.9499969482422,137.5605178814578,135.25759739069585,6.102403219655713,5.502397116140088,130.22038984000358,135.55128551664808,140.88218119329258,7.865503681984299,2.3029204907619487,0.2840496884560695,2.0188708023058792,137.64596764328013,133.36661050938656,66.31259190143889
2013-01-02 00:00:00+00:00,140.67100524902344,138.03905439954482,135.6585905653868,7.061410655316337,4.872415293988212,130.4354961902523,135.95852370489212,141.48155121953192,8.124577060910047,2.3804638341580358,0.2892744254817252,2.0911894086763105,137.64596764328013,133.36661050938656,66.31259190143889
2013-01-03 00:00:00+00:00,141.83200073242188,138.62258460460282,136.11588020738938,5.711115642219994,4.044123454719994,130.7214798702377,136.4405234200614,142.1595669698851,8.38320376742679,2.50670439721344,0.33241199082970363,2.1742924063837363,137.64596764328013,133.36661050938656,66.31259190143889
2013-01-04 00:00:00+00:00,141.02000427246094,138.9914183996579,136.47914865665393,5.280845850182004,4.067848413658567,131.06961766322425,136.84004720052084,142.61047673781744,8.433831550555954,2.5122697430039693,0.27038186929618657,2.2418878737077828,137.64596764328013,133.36661050938656,66.31259190143889
2013-01-07 00:00:00+00:00,141.71499633789062,139.41043039015526,136.86698922563443,4.856017976514011,3.6130065019046356,131.54114921320968,137.28961835588728,143.0380874985649,8.37422262734566,2.5434411645208286,0.24124263265043666,2.302198531870392,139.87731054148364,134.9342370563157,70.60538539183847
2013-01-08 00:00:00+00:00,140.62399291992188,139.59713231781166,137.14528579558166,4.239708711254281,2.4127128616449056,132.2174716960039,137.68390401204428,143.15033632808465,7.940553916254695,2.4518465222299994,0.1197183922876861,2.3321281299423133,139.87731054148364,134.9342370563157,70.60538539183847
2013-01-09 00:00:00+00:00,139.48500061035156,139.57988128589471,137.31859800408313,3.5464074890809343,2.2444055359559343,133.0571561563264,138.02280898321243,142.98846181009844,7.195409024735878,2.261283281811586,-0.05667587850458178,2.317959160316168,139.87731054148364,134.9342370563157,70.60538539183847
2013-01-10 00:00:00+00:00,141.13900756835938,139.81974686781234,137.60159130514063,4.568406863804682,3.2634141880234324,133.8129867976909,138.4097137451172,143.00644069254346,6.642202809394134,2.2181555626717113,-0.07984287811556534,2.2979984407872767,139.87731054148364,134.9342370563157,70.60538539183847
2013-01-11 00:00:00+00:00,144.24400329589844,140.5004017029025,138.09362182297454,6.256384280541084,4.906378177025459,134.0445249556402,138.88509477887834,143.72566460211647,6.970610965769786,2.406779879927967,0.0870251513125524,2.3197547286154148,139.87731054148364,134.9342370563157,70.60538539183847
2013-01-14 00:00:00+00:00,144.33999633789062,141.09110856982375,138.55631623148685,6.223682547810029,4.270679618122529,134.32530006594368,139.338380359468,144.35146065299233,7.19554839175176,2.5347923383368993,0.17203008777718765,2.3627622505597117,140.9215385299344,136.0879166921043,74.20516085035236
2013-01-15 00:00:00+00:00,143.80999755859375,141.50939918348067,138.94547781127255,5.206514986579009,2.7345148645086965,134.5656992459875,139.70514206659226,144.84458488719702,7.3575571300804015,2.563921372208114,0.16092729731872168,2.402994074889392,140.9215385299344,136.0879166921043,74.20516085035236
2013-01-16 00:00:00+00:00,142.6699981689453,141.68795287355215,139.2213682081372,3.4746309373706197,1.2746339891284322,135.02546649625674,140.02504693894159,145.02462738162643,7.140980206012614,2.466584665414956,0.05087247242045123,2.415712192994505,140.9215385299344,136.0879166921043,74.20516085035236
2013-01-17 00:00:00+00:00,141.7949981689453,141.7044213805357,139.41200746449334,4.08098875132697,1.4579876526941575,135.38248658256651,140.25099908737909,145.11951159219166,6.9425708714978835,2.2924139160423636,-0.09863862156171299,2.3910525376040765,140.9215385299344,136.0879166921043,74.20516085035236
2013-01-18 00:00:00+00:00,143.46299743652344,141.97497154299535,139.71208079575484,4.332917373190469,2.8749248194795314,135.75796521677495,140.56466529482887,145.3713653728828,6.8391299733429545,2.2628907472405047,-0.10252943229085743,2.365420179531362,140.9215385299344,136.0879166921043,74.20516085035236
2013-01-21 00:00:00+00:00,142.97999572753906,142.12959064830977,139.9541485684796,3.01185484948914,1.85285826745789,136.14155454214753,140.83147466750373,145.52139479285992,6.660329498684678,2.1754420798301624,-0.1519824797609597,2.327424559591122,141.89602609352397,137.1960716247613,72.53524444294814
2013-01-22 00:00:00+00:00,141.87899780273438,142.09103790283663,140.09672999323922,2.5232651239482777,-0.17572474421578477,136.8427630587326,141.0952366420201,145.3477102253076,6.0278060188192795,1.99430790959741,-0.2664933199949697,2.2608012295923796,141.89602609352397,137.1960716247613,72.53524444294814
2013-01-23 00:00:00+00:00,140.1699981689453,141.7954933283918,140.10215726551374,0.6848452979628235,-0.8621517723496765,137.42817183005357,141.25523667108445,145.08230151211532,5.41865198235768,1.6933360628780747,-0.45397213337144393,2.1473081962495186,141.89602609352397,137.1960716247613,72.53524444294814
2013-01-24 00:00:00+00:00,140.1999969482422,141.55003234683033,140.10940464941956,1.9906014540960655,-0.23339756934143452,138.00273840291598,141.4009508405413,144.79916327816662,4.806491635911986,1.4406276974107755,-0.5653443990709945,2.00597209648177,141.89602609352397,137.1960716247613,72.53524444294814
2013-01-25 00:00:00+00:00,142.9010009765625,141.75787367448143,140.31618956254127,3.893817151325919,2.1838104374587317,138.50330982389497,141.62718927292596,144.75106872195695,4.411412053106624,1.4416841119401624,-0.45143038763328613,1.8931144995734486,141.89602609352397,137.1960716247613,72.53524444294814
2013-01-28 00:00:00+00:00,143.82400512695312,142.07574005178478,140.5760277524977,3.244971393010104,1.715979693791354,138.75003254190898,141.83866591680618,144.92729929170338,4.355135963713591,1.4997122992870686,-0.3147217602291039,1.8144340595161725,143.16735296697172,138.41234806606212,72.57267142113355
2013-01-29 00:00:00+00:00,141.98199462890625,142.06131767903423,140.68017344704649,2.3558220363519524,1.2478203273675774,139.19034291438416,141.9854278564453,144.78051279850646,3.9371433875413313,1.3811442319877472,-0.3466318620227402,1.7277760940104874,143.16735296697172,138.41234806606212,72.57267142113355
2013-01-30 00:00:00+00:00,142.9429931640625,142.19696006134626,140.847789722381,3.329212230743991,2.044208568634616,139.29700473451695,142.08033243815103,144.86366014178512,3.9179633885579426,1.3491703389652514,-0.3028846040361888,1.6520549430014402,143.16735296697172,138.41234806606212,72.57267142113355
2013-01-31 00:00:00+00:00,143.781005859375,142.44065941488915,141.06506499178798,3.5049423324307725,2.3829330550870225,139.4298973292936,142.22842770531065,145.0269580813277,3.935261636746001,1.3755944231011767,-0.22116841592021075,1.5967628390213875,143.16735296697172,138.41234806606212,72.57267142113355
2013-02-01 00:00:00+00:00,145.49600219726562,142.91071215063937,141.3932825625641,5.076718658139015,3.485715240170265,139.2862081621706,142.4029039655413,145.519599768912,4.37729248010965,1.5174295880752595,-0.06346660075690247,1.580896188832162,143.16735296697172,138.41234806606212,72.57267142113355
2013-02-04 00:00:00+00:00,145.67999267578125,143.3367553083535,141.71081664502464,4.869185186030052,3.5151812797800517,139.27844583904212,142.62480817522322,145.97117051140432,4.692538947459817,1.625938663328867,0.036033979597364096,1.589904683731503,144.17156620324155,139.52201158173628,73.28934756346527
2013-02-05 00:00:00+00:00,145.2100067138672,143.62494783227868,141.97001590938333,5.233978841593228,2.92698726444479,139.29800399317082,142.79123724074591,146.284470488321,4.892783780121609,1.6549319228953436,0.05202179133107254,1.602910131564271,144.17156620324155,139.52201158173628,73.28934756346527
2013-02-06 00:00:00+00:00,146.58299255371094,144.08003163557595,142.31171788303723,4.89227686793933,3.66827784450183,139.37034091068824,143.0749991280692,146.77965734545018,5.178624134136608,1.7683137525387167,0.13232289677955644,1.6359908557591603,144.17156620324155,139.52201158173628,73.28934756346527
2013-02-07 00:00:00+00:00,146.30999755859375,144.42310331604023,142.60788674789328,5.2611165480051625,3.36211447280985,139.81663562153986,143.3999989827474,146.98336234395495,4.997717415100769,1.8152165681469512,0.14338056991023285,1.6718359982367184,144.17156620324155,139.52201158173628,73.28934756346527
2013-02-08 00:00:00+00:00,147.0500030517578,144.82724173691986,142.9369324000314,4.337069675163917,2.14006344957798,139.9281467222018,143.68147495814733,147.43480319409286,5.224512397355094,1.890309336888464,0.17477867092139654,1.7155306659670675,144.17156620324155,139.52201158173628,73.28934756346527
2013-02-11 00:00:00+00:00,146.1999969482422,145.03843484635405,143.17864088508404,3.5813536217519015,2.7713560631581515,139.8758127857309,143.77461751302084,147.6734222403108,5.423495182571936,1.8597939612700145,0.1154106362423577,1.7443833250276568,144.47904218236937,140.31800909014896,67.52226035779363
2013-02-12 00:00:00+00:00,147.46400451660156,145.4115994110075,143.4960752281594,4.247928067739025,1.75992147594215,139.72290931872507,143.92337980724517,148.12385029576527,5.837092617121326,1.9155241828480882,0.13691268625634523,1.778611496591743,144.47904218236937,140.31800909014896,67.52226035779363
2013-02-13 00:00:00+00:00,146.2169952392578,145.53550646150754,143.69762485861114,2.7033761179513647,1.2683785593576147,139.72627213400088,144.03799874441964,148.3497253548384,5.986929349205229,1.8378816028964025,0.04741608504372752,1.790465517852675,144.47904218236937,140.31800909014896,67.52226035779363
2013-02-14 00:00:00+00:00,144.85000610351562,145.4300448679703,143.78298643230775,1.550006121403186,0.21200868487974844,139.86197103514615,144.14180864606584,148.42164625698553,5.938370901712004,1.647058435662558,-0.11472566575209364,1.7617841014146516,144.47904218236937,140.31800909014896,67.52226035779363
2013-02-15 00:00:00+00:00,143.9600067138672,145.20388515195444,143.7960990457566,1.7239052267043462,-1.0251029520065913,140.09379125735538,144.24490429106214,148.3960173247689,5.755646002344056,1.4077861061978467,-0.2831983961734439,1.6909845023712906,144.47904218236937,140.31800909014896,67.52226035779363
2013-02-18 00:00:00+00:00,145.03199768066406,145.17744092560207,143.88764709278678,1.960360109361659,1.184359132799159,140.17100911690414,144.31961858840216,148.46822805990018,5.749196834187602,1.2897938328152918,-0.3209525356447991,1.610746368460091,143.7426962123999,140.59686554476497,59.2311886328751
2013-02-19 00:00:00+00:00,144.92100524902344,145.13798928305152,143.9641921413969,1.263804684774982,0.440806637899982,140.30061839213013,144.41204761323473,148.52347683433933,5.694025241046171,1.1737971416546316,-0.3495593814443674,1.523356523098999,143.7426962123999,140.59686554476497,59.2311886328751
2013-02-20 00:00:00+00:00,144.552001953125,145.04783738613975,144.0077336089323,0.6972682221223749,-1.1277287261198126,140.5870412700901,144.5393335251581,148.4916257802261,5.468812064751998,1.0401037772074346,-0.38660219671325136,1.426705973920686,143.7426962123999,140.59686554476497,59.2311886328751
2013-02-21 00:00:00+00:00,142.60000610351562,144.67124795804372,143.90345749741996,-0.9764555442949643,-2.5894621360918393,141.0987811328172,144.6550481887091,148.21131524460097,4.916893119765261,0.7677904606237576,-0.5271324106375428,1.2949228712613003,143.7426962123999,140.59686554476497,59.2311886328751
2013-02-22 00:00:00+00:00,142.14500427246094,144.2825950833387,143.77320170297855,-0.8241965760254288,-2.062203167822304,141.5802853338432,144.74766758510046,147.91504983635772,4.376419052687104,0.5093933803601374,-0.6284235927209303,1.1378169730810677,143.7426962123999,140.59686554476497,59.2311886328751
2013-02-25 00:00:00+00:00,142.22999572753906,143.96681056706183,143.6588901492423,-0.8738864871329213,-1.9918827029532338,141.46209622611346,144.71571495419457,147.96933368227567,4.496565876222832,0.30792041781953117,-0.6639172442092292,0.9718376620287603,142.69746235123534,140.59831255678515,51.870629004727945
2013-02-26 00:00:00+00:00,140.093994140625,143.3709926553023,143.39482377823362,-2.8458278065539275,-4.6678187733508025,140.74639224158912,144.53809538341704,148.32979852524497,5.246648825376661,-0.02383112293131262,-0.7965350279680583,0.7727039050367457,142.69746235123534,140.59831255678515,51.870629004727945
2013-02-27 00:00:00+00:00,139.3300018310547,142.7493017592642,143.09372585622037,-3.5827242693063113,-4.893728907978186,140.14153632296004,144.41181001209077,148.6820837012215,5.9140228057154145,-0.3444240969561747,-0.8937024015943363,0.5492783046381616,142.69746235123534,140.59831255678515,51.870629004727945
2013-02-28 00:00:00+00:00,140.0,142.32633225783894,142.86456097798182,-2.4025553627474494,-3.4245585365755744,139.63990956297985,144.27166748046875,148.90342539795765,6.42088359880631,-0.5382287201428824,-0.8700056198248352,0.33177689968195284,142.69746235123534,140.59831255678515,51.870629004727945
2013-03-01 00:00:00+00:00,140.3470001220703,142.02181962156683,142.67807498865506,-1.9670764534988052,-3.561070594123805,139.1853117543698,144.10814339773995,149.0309750411101,6.832135266336883,-0.656255367088221,-0.790425813416139,0.13417044632791808,142.69746235123534,140.59831255678515,51.870629004727945
2013-03-04 00:00:00+00:00,140.67100524902344,141.81400202579093,142.52940315608976,-1.5814051092147565,-2.333404010581944,138.78853943642696,143.87838163829986,148.96822384017275,7.075200796556642,-0.7154011302988295,-0.679657261301398,-0.03574386899743143,142.93864331716472,141.00155436996204,43.91610088789781
2013-03-05 00:00:00+00:00,141.27999877929688,141.73184768017646,142.43685468373474,-1.0118516319769242,-1.8668473595159867,138.53089519980983,143.66885811941964,148.80682103902944,7.152507490995795,-0.7050070035582792,-0.5354105076486781,-0.169596495909601,142.93864331716472,141.00155436996204,43.91610088789781
2013-03-06 00:00:00+00:00,141.16000366210938,141.6438716773969,142.3422731265773,-1.0462678775538734,-1.6452669009913734,138.28019447007526,143.4760008312407,148.67180719240613,7.242753256381669,-0.6984014491804089,-0.42304396261664634,-0.2753574865637626,142.93864331716472,141.00155436996204,43.91610088789781
2013-03-07 00:00:00+00:00,140.80999755859375,141.51558335142718,142.2287712326526,0.2712287673473952,-1.5987663498401048,138.08160464583148,143.2010963076637,148.32058796949593,7.150073279932352,-0.7131878812254229,-0.35026431572932826,-0.3629235654960946,142.93864331716472,141.00155436996204,43.91610088789781
2013-03-08 00:00:00+00:00,142.61000061035156,141.68395523741555,142.2570104458155,2.392983450668879,0.1909876010595042,138.09433088147566,143.02490597679503,147.9554810721144,6.894708388928187,-0.5730552083999498,-0.16810531432308418,-0.40494989407686566,142.93864331716472,141.00155436996204,43.91610088789781
2013-03-11 00:00:00+00:00,143.35000610351562,141.94027075527708,142.3379730871266,1.2650237390452617,0.46202996463119916,138.2530059180828,142.84871564592635,147.4444253737699,6.434373185734132,-0.39770233184952986,0.005798049781868653,-0.4035003816313985,143.07076444939887,141.33490470480564,39.11434889263908
2013-03-12 00:00:00+00:00,144.00900268554688,142.25853720608782,142.46175305737998,1.5982445012137703,-0.38375012769247974,138.3632658984116,142.74438258579798,147.12549927318435,6.138408542631163,-0.2032158512921569,0.16022762427139325,-0.36344347556355017,143.07076444939887,141.33490470480564,39.11434889263908
2013-03-13 00:00:00+00:00,142.7899932861328,142.3402996799409,142.48606714839872,1.2979294336325324,0.18693700199190744,138.68076889098919,142.52181062244233,146.36285235389548,5.390110769261182,-0.1457674684578194,0.17414080568458462,-0.319908274142404,143.07076444939887,141.33490470480564,39.11434889263908
2013-03-14 00:00:00+00:00,143.2899932861328,142.4864063885858,142.5456172326753,2.136389603262188,0.4783848425200006,138.8913755686656,142.38242957705543,145.87348358544526,4.903770807619929,-0.059210844089506054,0.20855794404231837,-0.2677687881318244,143.07076444939887,141.33490470480564,39.11434889263908
2013-03-15 00:00:00+00:00,144.7989959716797,142.84218940136947,142.71253417630527,3.1394708285775437,1.1654718051400437,138.89575324394494,142.3800005231585,145.86424780237203,4.894293111969509,0.12965522506419802,0.31793921055681795,-0.18828398549261993,143.07076444939887,141.33490470480564,39.11434889263908
2013-03-18 00:00:00+00:00,143.31399536132812,142.9147749336708,142.75708685667732,1.1829155847289314,-0.36109076292731856,138.910219829316,142.34923807779947,145.78825632628295,4.831804223081151,0.1576880769934803,0.2767776499888802,-0.11908957299539988,143.58051166743778,141.80134776176422,35.11288889659013
2013-03-19 00:00:00+00:00,143.91000366210938,143.06788704573827,142.84248810152414,1.7665054287492978,0.40751189847586033,138.99300324727383,142.29580979120163,145.59861633512944,4.642169785286282,0.22539894421413464,0.2755908137676276,-0.05019186955349296,143.58051166743778,141.80134776176422,35.11288889659013
2013-03-20 00:00:00+00:00,143.4810028076172,143.13144331679658,142.88978548716065,2.088211339011224,0.3202212267065363,139.0896299305901,142.22723824637276,145.36484656215544,4.412106083853724,0.2416578296359262,0.2334797593515353,0.008178070284390875,143.58051166743778,141.80134776176422,35.11288889659013
2013-03-21 00:00:00+00:00,144.8350067138672,143.39352999326897,143.03387594839816,2.181120389492463,0.8771195350002756,139.06113121075555,142.24071466355096,145.42029811634637,4.470707926793309,0.3596540448708083,0.28118077966913396,0.07847326520167436,143.58051166743778,141.80134776176422,35.11288889659013
2013-03-22 00:00:00+00:00,144.05999755859375,143.4960634648574,143.1098849565608,1.4221127241032718,-0.08289215870922817,139.03972365376077,142.31023806617372,145.58075247858667,4.596316409634806,0.3861785082966094,0.246164194475948,0.14001431382066137,143.58051166743778,141.80134776176422,35.11288889659013
2013-03-25 00:00:00+00:00,144.5279998779297,143.65482291302237,143.2149305062918,1.51607230132538,-0.014933558049619933,139.02130198360263,142.42371404738654,145.82612611117045,4.777872963840669,0.4398924067305643,0.23990247432792233,0.19998993240264196,143.46700960934655,142.00687029482134,30.93171952893825
2013-03-26 00:00:00+00:00,142.5800018310547,143.48946582348887,143.16789875257055,0.33410014879663663,-0.6648927711252384,139.0384989830303,142.4403810046968,145.8422630263633,4.7765696745143105,0.32156707091832004,0.09726171081254248,0.22430536010577756,143.46700960934655,142.00687029482134,30.93171952893825
2013-03-27 00:00:00+00:00,143.44000244140625,143.48185607239924,143.1880545813732,0.5919441979236808,-1.1290488440685067,139.34196831704992,142.59971473330543,145.85746114956095,4.569078447805111,0.2938014910260449,0.05559690473621387,0.23820458628983104,143.46700960934655,142.00687029482134,30.93171952893825
2013-03-28 00:00:00+00:00,142.64999389648438,143.35387727610464,143.1481982343444,-0.18819152047720422,-0.9682055585631417,139.84627527899525,142.757809593564,145.66934390813273,4.078984292149019,0.20567904176024854,-0.026020435623666016,0.23169947738391455,143.46700960934655,142.00687029482134,30.93171952893825
2013-03-29 00:00:00+00:00,143.1009979248047,143.31497276052002,143.14470191511924,0.10729698624794537,-0.42470069441611713,140.26661749410164,142.90547616141183,145.54433482872201,3.6931526183497625,0.17027084540077908,-0.049142905586508384,0.21941375098728746,143.46700960934655,142.00687029482134,30.93171952893825
2013-04-01 00:00:00+01:00,143.2729949951172,143.30851464276574,143.1542051062302,0.15579245236355632,-1.3292081579880062,140.6647191506185,143.04480925060454,145.42489935059058,3.327754586069995,0.1543095365355498,-0.052083371561390146,0.20639290809693994,145.9890079931451,143.2963180756672,35.09566621630925
2013-04-02 00:00:00+01:00,141.82000732421875,143.07951351683545,143.05537564089602,-1.1353774719507044,-2.0453811340600794,140.89378743276274,143.09952363513764,145.30525983751255,3.0828002027440657,0.024137875939430842,-0.14580402572600729,0.16994190166543813,145.9890079931451,143.2963180756672,35.09566621630925
2013-04-03 00:00:00+01:00,141.00999450683594,142.76112597683553,142.90386592726193,-1.4288598237463077,-2.42387019972287,140.8359661328117,143.08666628882997,145.33736644484824,3.1459257726713408,-0.14273995042640308,-0.25014548167347295,0.10740553124706989,145.9890079931451,143.2963180756672,35.09566621630925
2013-04-04 00:00:00+01:00,140.6020050048828,142.42895351961204,142.7333577107894,3.5816447306168584,-2.3193562459456416,140.70814113486966,143.06009492420014,145.41204871353062,3.288064069266351,-0.30440419117735473,-0.3294477779395397,0.02504358676218496,145.9890079931451,143.2963180756672,35.09566621630925
2013-04-05 00:00:00+01:00,146.8090057373047,143.10280770694936,143.03525756460533,6.1727349891056065,2.9847467078556065,140.71556988463513,143.34576198032923,145.97595407602333,3.6697172757085483,0.06755014234403234,0.0340052444654779,0.033544897878554435,145.9890079931451,143.2963180756672,35.09566621630925
2013-04-08 00:00:00+01:00,151.52099609375,144.397913612611,143.66383078898642,8.047167746169833,6.954165426833896,139.43132398813475,143.7700950985863,148.10886620903784,6.035707366648615,0.7340828236245898,0.5604303405968283,0.1736524830277615,147.64167407062538,144.38927352565557,39.77147950427784
2013-04-09 00:00:00+01:00,151.4709930419922,145.48607967866965,144.2421391040239,7.670855280741733,6.330858942851108,138.72642220780332,144.1568087623233,149.58719531684326,7.533999401267616,1.2439405746457624,0.8562304732944006,0.3877101013513617,147.64167407062538,144.38927352565557,39.77147950427784
2013-04-10 00:00:00+01:00,151.58399963378906,146.42422121022648,144.78598062474722,7.86401327173715,6.7080226711512125,138.23486840939623,144.51752290271577,150.8001773960353,8.69466119696614,1.6382405854792523,1.0004243873023126,0.6378161981769398,147.64167407062538,144.38927352565557,39.77147950427784
2013-04-11 00:00:00+01:00,152.6840057373047,147.3872649836231,145.3710195219737,8.06997474072162,6.968976815916932,137.86697235374226,144.9886663527716,152.11036035180092,9.823794063601571,2.0162454616494188,1.1027434107779832,0.9135020508714355,147.64167407062538,144.38927352565557,39.77147950427784
2013-04-12 00:00:00+01:00,153.33999633789062,148.30306980735656,145.9613141009305,7.518681626608554,5.664692979147617,137.55917290551972,145.4672379266648,153.3753029478099,10.8726406493424,2.3417557064260563,1.1426029244436966,1.1991527819823598,147.64167407062538,144.38927352565557,39.77147950427784
2013-04-15 00:00:00+01:00,151.03599548339844,148.723519911363,146.33721642555776,5.293780278543807,3.1897763722938066,137.51763445029363,145.76423790341332,154.010841356533,11.314988603149802,2.386303485805257,0.9497205630583179,1.4365829227469393,149.1167831613414,145.48609178524384,38.666426118065935
2013-04-16 00:00:00+01:00,148.04600524902344,148.6192868863877,146.4637933754441,3.768201253462138,1.1642126060012004,137.7645176292217,145.98957170758928,154.21462578595685,11.268002203392994,2.155493510943586,0.5751284705573174,1.5803650403862686,149.1167831613414,145.48609178524384,38.666426118065935
2013-04-17 00:00:00+01:00,149.88999938964844,148.81478111765858,146.71758641353333,4.422412976115112,1.9024087036541744,137.9435950239941,146.27433340890067,154.60507179380724,11.390567559953958,2.0971947041252577,0.41346373099119127,1.6837309731340664,149.1167831613414,145.48609178524384,38.666426118065935
2013-04-18 00:00:00+01:00,149.40499877929688,148.9055838348337,146.91665399618248,3.538347834872212,1.8333460038175247,138.2219498604146,146.55642845517113,154.89090704992765,11.373746866799337,1.9889298386512166,0.24415909241372025,1.7447707462374964,149.1167831613414,145.48609178524384,38.666426118065935
2013-04-19 00:00:00+01:00,150.0919952392578,149.08810866628355,147.1518644586325,5.310141156601873,2.7281404241799976,138.3788654568241,146.8067612420945,155.2346570273649,11.48161803170935,1.9362442076510433,0.1531787691308375,1.7830654385202058,149.1167831613414,145.48609178524384,38.666426118065935
2013-04-22 00:00:00+01:00,151.88999938964844,149.51916877757046,147.50283741648553,4.692169907733216,3.4971625835144664,138.5797334206805,147.1796184721447,155.77950352360892,11.686244523173338,2.016331361084923,0.1866127380517737,1.8297186230331492,149.94452414206614,146.35950811642553,38.91099444687463
2013-04-23 00:00:00+01:00,151.67999267578125,149.85160322344905,147.8122563245815,4.185744774051301,2.1437373277622385,138.801669094933,147.5201895577567,156.2387100205804,11.820104744930866,2.039346898867535,0.16770262066750874,1.8716442782000264,149.94452414206614,146.35950811642553,38.91099444687463
2013-04-24 00:00:00+01:00,151.79800415039062,150.1510495199016,148.10749690427107,4.170502973658614,3.037507368189864,139.3522331643025,147.95914204915366,156.5660509340048,11.634169765585478,2.0435526156305173,0.13752666994439267,1.9060259456861246,149.94452414206614,146.35950811642553,38.91099444687463
2013-04-25 00:00:00+01:00,151.88999938964844,150.4185802690934,148.38768227355828,5.361310646363592,3.0433174823010916,139.84774664804922,148.3615228562128,156.87529906437635,11.477067698226367,2.0308979955351276,0.09989763987920242,1.9310003556559252,149.94452414206614,146.35950811642553,38.91099444687463
2013-04-26 00:00:00+01:00,153.30599975585938,150.8627986516728,148.75200208706207,4.6300016971176206,2.367993030125433,140.50847613470262,148.86895170665923,157.22942727861584,11.231993610636314,2.110796564610723,0.14383696716383843,1.9669595974468848,149.94452414206614,146.35950811642553,38.91099444687463
2013-04-29 00:00:00+01:00,151.57400512695312,150.97221503248514,148.9610393492762,3.212956622403482,2.088963702481607,141.2535040693212,149.27242824009485,157.2913524108685,10.744012494893896,2.0111756832089327,0.0353728686096384,1.9758028145992943,151.40234714939825,147.49643455180225,39.8793999222501
2013-04-30 00:00:00+01:00,151.60000610351562,151.06879827418214,149.15651836810875,2.788488956110001,1.627478213922501,142.0630142046843,149.66895257859002,157.27489095249575,10.16368223718531,1.912279906073394,-0.050818326820720294,1.9630982328941142,151.40234714939825,147.49643455180225,39.8793999222501
2013-05-01 00:00:00+01:00,151.1199951171875,151.0766747115676,149.30196109026272,2.9190319517294654,1.5410412290732154,143.34923581196057,150.11180914015998,156.87438246835939,9.010048399170472,1.774713621304869,-0.1507076892713961,1.9254213105762652,151.40234714939825,147.49643455180225,39.8793999222501
2013-05-02 00:00:00+01:00,151.2100067138672,151.097187327306,149.4432978031223,3.7487035396511317,1.4887090328151942,145.1902308665432,150.59752400716147,156.00481714777973,7.181118250471539,1.6538895241836826,-0.21722542911406606,1.8711149532977487,151.40234714939825,147.49643455180225,39.8793999222501
2013-05-03 00:00:00+01:00,152.13699340820312,151.25715749359784,149.64283081090608,4.9571752926095485,2.407172240851736,148.07226334113037,151.14680916922433,154.2213549973183,4.068290749891639,1.6143266826917682,-0.20543061648478433,1.8197572991765525,151.40234714939825,147.49643455180225,39.8793999222501
2013-05-06 00:00:00+01:00,154.3679962158203,151.73574806624745,149.99284306312194,4.777161209338999,4.1371618196905615,148.79994421941745,151.5067610967727,154.21357797412793,3.5731961501391982,1.7429050031255144,-0.06148183684083053,1.804386839966345,153.06156639386967,148.76551602766085,42.33706854142847
2013-05-07 00:00:00+01:00,154.36000061035156,152.13947922687885,150.31633621476857,4.049661099684556,2.674661099684556,148.67473508536509,151.64195178803942,154.60916849071376,3.9134509516493456,1.823143012110279,0.015004937715147104,1.8081380743951319,153.06156639386967,148.76551602766085,42.33706854142847
2013-05-08 00:00:00+01:00,152.88800048828125,152.25463634401768,150.50682986465839,3.5371764829978645,2.3421691587791145,148.69673252253014,151.70942833310082,154.7221241436715,3.971665892716767,1.7478064793592978,-0.04826527602866726,1.796071755387965,153.06156639386967,148.76551602766085,42.33706854142847
2013-05-09 00:00:00+01:00,153.66799926757812,152.47207679379622,150.74099056117095,3.3080054105087413,2.504004556016554,148.68382828554076,151.8086664109003,154.93350453625982,4.116811245678869,1.7310862326252732,-0.05198841821015354,1.7830746508354267,153.06156639386967,148.76551602766085,42.33706854142847
2013-05-10 00:00:00+01:00,155.6060028076172,152.95421925746098,151.10136183868548,5.518633278502023,4.49963608611921,148.4424067663013,151.94780912853423,155.45321149076716,4.6139557817088,1.8528574187754998,0.05582621435205848,1.7970312044234413,153.06156639386967,148.76551602766085,42.33706854142847
2013-05-13 00:00:00+01:00,156.37100219726562,153.47987817127708,151.49170556895066,5.1623013890571485,4.0882962621040235,148.14728072485988,152.0921427408854,156.03700475691093,5.187463263958693,1.988172602326415,0.15291311832237886,1.8352594840040362,154.06438003731935,149.80901478431198,44.83908539345819
2013-05-14 00:00:00+01:00,155.60000610351562,153.80605169931377,151.79602412706657,4.078975872933427,3.2209741639490517,148.1256549024901,152.3094765799386,156.4932982573871,5.493842893291858,2.0100275722471963,0.13981447059452812,1.8702131016526682,154.06438003731935,149.80901478431198,44.83908539345819
2013-05-15 00:00:00+01:00,155.60699462890625,154.083119842328,152.07831823831395,4.35268151754542,3.354680418912608,148.72051453015948,152.66952369326637,156.61853285637326,5.173277636001518,2.004801604014034,0.10767080188909262,1.8971308021249413,154.06438003731935,149.80901478431198,44.83908539345819
2013-05-16 00:00:00+01:00,155.80499267578125,154.34802335516696,152.35436819664486,4.1216297281598315,3.032625211558269,148.9915991275201,152.95119004022507,156.91078095293005,5.177587584200735,1.9936551585221025,0.07721948511772903,1.9164356734043735,154.06438003731935,149.80901478431198,44.83908539345819
2013-05-17 00:00:00+01:00,156.02499389648438,154.60601882306196,152.62626639663296,4.016738974460793,3.0647278660623556,149.4343001686088,153.2664279029483,157.0985556372878,5.000609444314963,1.9797524264290018,0.05065340241970273,1.9290990240092991,154.06438003731935,149.80901478431198,44.83908539345819
2013-05-20 00:00:00+01:00,155.89500427246094,154.80432427681563,152.86839512817576,3.321607313230487,2.7196023083476746,149.8311033469568,153.54276166643416,157.2544199859115,4.834690061835397,1.9359291486398718,0.0054640997044581585,1.9304650489354136,153.74292205938477,150.27915640134108,39.74952034128863
2013-05-21 00:00:00+01:00,155.88999938964844,154.97135121725145,153.09221766606262,3.4467837987811265,2.048788803663939,149.97020624481,153.73323785691034,157.49626946901068,4.89553419229074,1.8791335511888292,-0.041065198197267616,1.9201987493860968,153.74292205938477,150.27915640134108,39.74952034128863
2013-05-22 00:00:00+01:00,155.27000427246094,155.01729784112985,153.2535351924625,2.7544604130062567,1.8424578495296942,150.20414578324971,153.90419079008558,157.60423579692144,4.80824464602457,1.7637626486673526,-0.1251488805749954,1.888911529242348,153.74292205938477,150.27915640134108,39.74952034128863
2013-05-23 00:00:00+01:00,155.10499572753906,155.03078982365435,153.390680417283,2.150319948927944,-1.5106755344704936,150.4532270604259,154.06166657947358,157.67010609852127,4.6844093007214855,1.6401094063713515,-0.19904169829679708,1.8391511046681486,153.74292205938477,150.27915640134108,39.74952034128863
2013-05-24 00:00:00+01:00,154.5590057373047,154.95820765652363,153.47722303358088,1.2677720836066158,-0.9582258411980717,150.7095345973547,154.18876211983817,157.66798964232166,4.512945657841611,1.4809846229427421,-0.28653318538032524,1.7675178083230674,153.74292205938477,150.27915640134108,39.74952034128863
2013-05-27 00:00:00+01:00,152.90199279785156,154.64186690903563,153.43461338648981,-0.35461155543512746,-0.960614363052315,150.66659674725085,154.16952369326637,157.6724506392819,4.544253445298174,1.2072535225458125,-0.44821142862180396,1.6554649511676165,153.4422825122461,150.64513454657362,35.50821613114733
2013-05-28 00:00:00+01:00,152.75399780273438,154.3514255080662,153.38419741732275,1.1228063668569348,-0.6522027884165027,150.8557963927631,154.22571382068452,157.59563124860594,4.370110981414636,0.967228090743447,-0.5505894883393356,1.5178175790827826,153.4422825122461,150.64513454657362,35.50821613114733
2013-05-29 00:00:00+01:00,153.93600463867188,154.28751460508246,153.42507202631157,0.5749279736884318,-1.1700671434990682,151.17315238974817,154.33695184616815,157.50075130258813,4.09985997335677,0.8624425787708958,-0.5243000002495095,1.3867425790204053,153.4422825122461,150.64513454657362,35.50821613114733
2013-05-30 00:00:00+01:00,152.65899658203125,154.0369733707669,153.36832569710563,0.5336671007459302,-1.0383238660509448,151.48564638988628,154.41023763020834,157.3348288705304,3.788079450180058,0.668647673661269,-0.574475924287309,1.243123597948578,153.4422825122461,150.64513454657362,35.50821613114733
2013-05-31 00:00:00+01:00,153.9600067138672,154.02513234662848,153.41215392056944,0.7418530374383749,-0.9631487936163126,151.97750259956032,154.54119001116072,157.10487742276112,3.317804672547497,0.6129784260590441,-0.5041161375116272,1.1170945635706713,153.4422825122461,150.64513454657362,35.50821613114733
2013-06-03 00:00:00+01:00,152.7949981689453,153.83588093467722,153.36643867970838,-0.14944344045056823,-1.4664447832240057,152.11317809030243,154.57252357119606,157.0318690520897,3.1821250298224673,0.46944225496883973,-0.5181218468814652,0.987564101850305,153.20352098309897,150.94240074346376,33.46410495316401
2013-06-04 00:00:00+01:00,152.81100463867188,153.6782076583687,153.3252954174094,0.41969969977810706,-0.9253015209250179,151.92749376225157,154.49838111514137,157.06926846803117,3.328044390282407,0.35291224095931284,-0.5077214887127937,0.8606337296721065,153.20352098309897,150.94240074346376,33.46410495316401
2013-06-05 00:00:00+01:00,153.39999389648438,153.63540554115573,153.3308286380816,0.3331728267621372,-0.9128293705034878,151.83976469859394,154.4526665097191,157.06556832084428,3.3834337343224177,0.3045769030741212,-0.4448454612783882,0.7494223643525094,153.20352098309897,150.94240074346376,33.46410495316401
2013-06-06 00:00:00+01:00,152.4080047607422,153.44657465186134,153.26247131383425,0.26952636682980824,-1.2324725345373793,151.75489670062228,154.4298095703125,157.10472244000272,3.4642442118305135,0.18410333802708578,-0.4522552210603389,0.6363585590874247,153.20352098309897,150.94240074346376,33.46410495316401
2013-06-07 00:00:00+01:00,151.83399963378906,153.19848618754253,153.15665859679387,-1.1666531036298124,-4.7966579864423124,151.46192442113878,154.3424762544178,157.2230280876968,3.732675415328596,0.041827590748653165,-0.47562477467101716,0.5174523654196703,153.20352098309897,150.94240074346376,33.46410495316401
2013-06-10 00:00:00+01:00,152.52000427246094,153.09410435445307,153.10949901721366,1.0435008607160228,-1.1114979185808522,151.27323849728612,154.19552394321985,157.1178093891536,3.790363521848825,-0.015394662760598976,-0.4262776225442154,0.41088295978361644,151.51234894967016,150.54062990622788,33.2165693811661
2013-06-11 00:00:00+01:00,153.947998046875,153.22547261482566,153.17161005644783,0.80539494843498,-2.90261286406502,151.32393098212458,154.08014279320128,156.83635460427797,3.5776340300721903,0.05386255837782983,-0.2856163211246293,0.33947887950245914,151.51234894967016,150.54062990622788,33.2165693811661
2013-06-12 00:00:00+01:00,150.3300018310547,152.78001557116858,152.96112055827055,-1.0051269059268009,-3.5331267838564884,150.7334559644379,153.82919020879837,156.92492445315884,4.024898317619056,-0.18110498710197476,-0.41646709328354714,0.23536210618157236,151.51234894967016,150.54062990622788,33.2165693811661
2013-06-13 00:00:00+01:00,150.4199981689453,152.41693597082653,152.77288927017239,-2.37289537368801,-5.681885852203635,150.27290877661994,153.58219037737166,156.89147197812338,4.309460091199867,-0.35595329934585607,-0.4730523244219427,0.11709902507608666,151.51234894967016,150.54062990622788,33.2165693811661
2013-06-14 00:00:00+01:00,150.02999877929688,152.04971486443736,152.5697121967742,-2.3197121967741907,-4.804712807125753,149.82707974498385,153.30719066801527,156.78730159104668,4.540049175602667,-0.5199973323368283,-0.509677085930332,-0.010320246406496342,151.51234894967016,150.54062990622788,33.2165693811661
2013-06-17 00:00:00+01:00,148.1540069580078,151.45037518652512,152.24262291982853,-2.8386159618207216,-4.164619990141034,149.0336057633373,152.93238176618303,156.83115776902875,5.098692582721331,-0.7922477333034124,-0.6255419895175328,-0.16670574378587957,151.44489848597803,150.65053957085158,33.01028973783451
2013-06-18 00:00:00+01:00,148.78199768066406,151.0398555702388,151.98628030952005,-2.6322764032700547,-3.5502756708481797,148.55005581638363,152.59366716657365,156.63727851676367,5.299841632059278,-0.946424739281241,-0.6237751963962892,-0.32264954288495185,151.44489848597803,150.65053957085158,33.01028973783451
2013-06-19 00:00:00+01:00,149.3300018310547,150.77680114882588,151.78951894074484,-2.3155199173073413,-3.533522236643279,148.29134302688132,152.28128633045014,156.27122963401897,5.24022800137195,-1.0127177919189592,-0.5520545992272059,-0.4606631926917533,151.44489848597803,150.65053957085158,33.01028973783451
2013-06-20 00:00:00+01:00,149.52699279785156,150.58452294098367,151.62192441164163,0.25507448972555835,-2.7659216040244416,148.08810922579661,152.007809593564,155.92750996133137,5.157235510790936,-1.0374014706579544,-0.4613906223729609,-0.5760108482849935,151.44489848597803,150.65053957085158,33.01028973783451
2013-06-21 00:00:00+01:00,150.72300720214844,150.6058282119321,151.55533795167918,0.2966670532036346,-1.7823429565619904,148.10088003782568,151.79914347330728,155.4974069087889,4.872574839174792,-0.9495097397470715,-0.29879911316966246,-0.6507106265774091,151.44489848597803,150.65053957085158,33.01028973783451
2013-06-24 00:00:00+01:00,151.44000244140625,150.73416270877428,151.54679458054784,0.09320480910059814,-1.7967945805478394,148.1631194846687,151.65061950683594,155.13811952900318,4.59938776842258,-0.8126318717735614,-0.12953699615692194,-0.6830948756166395,151.32793037086034,150.71389022367634,32.83839003505819
2013-06-25 00:00:00+01:00,150.61900329589844,150.71644587602415,151.47806930020343,-0.03606795742999225,-1.7780723519612422,148.07494463685674,151.54190572102866,155.00886680520057,4.575580685324352,-0.7616234241792768,-0.06282283885010975,-0.698800585329167,151.32793037086034,150.71389022367634,32.83839003505819
2013-06-26 00:00:00+01:00,151.2899932861328,150.80468393911778,151.46413774360562,-0.08913774360561888,-2.176143358839994,148.0468992715561,151.4721912202381,154.8974831689201,4.522667720178,-0.6594538044878391,0.03147742467306236,-0.6909312291609014,151.32793037086034,150.71389022367634,32.83839003505819
2013-06-27 00:00:00+01:00,149.80999755859375,150.651655265191,151.34160884101215,-0.7786053009730836,-1.8016155548793336,147.96690599990936,151.27571469261534,154.58452338532132,4.374540486461179,-0.6899535758211357,0.0007821226718125462,-0.6907356984929482,151.32793037086034,150.71389022367634,32.83839003505819
2013-06-28 00:00:00+01:00,150.20599365234375,150.5830919401376,151.25748919740707,-0.1294832159617556,-1.067486756000818,147.88062358526585,151.15890502929688,154.4371864733279,4.337530022985603,-0.6743972572694759,0.013070752978777911,-0.6874680102482538,151.32793037086034,150.71389022367634,32.83839003505819
2013-07-01 00:00:00+01:00,151.09500122070312,150.66184721407075,151.24545305098457,0.7975462165935596,-0.4054567130939404,147.9927984786678,151.02247619628906,154.05215391391033,4.012220954030039,-0.5836058369138186,0.0830897386675481,-0.6666955755813667,151.1322860187246,150.71776266521587,29.392564425655852
2013-07-02 00:00:00+01:00,151.6320037841797,150.8111020710106,151.27408643862864,1.0979075799260443,-0.027092420073955736,148.027877784384,150.96709551130022,153.90631323821643,3.893852123155148,-0.4629843676180485,0.1629689663706546,-0.6259533339887031,151.1322860187246,150.71776266521587,29.392564425655852
2013-07-03 00:00:00+01:00,152.61000061035156,151.08785569244768,151.37304304394146,1.3719520732460353,-0.1470451191367772,148.0411671682322,150.957523890904,153.87388061357584,3.8638110211445342,-0.28518735149378927,0.2726127859959311,-0.5578001374897203,151.1322860187246,150.71776266521587,29.392564425655852
2013-07-04 00:00:00+01:00,152.6439971923828,151.3272620770531,151.46718779567786,1.3128109836190163,-1.1651858425528587,148.1098719827905,150.92152404785156,153.73317611291262,3.7259788924071353,-0.13992571862476666,0.334299535091963,-0.47422525371672963,151.1322860187246,150.71776266521587,29.392564425655852
2013-07-05 00:00:00+01:00,150.7209930419922,151.23398991781295,151.41191411021967,-0.3129150867821693,-1.8651154041649818,148.10872756346026,150.84119015648253,153.5736527495048,3.622966101218915,-0.17792419240672075,0.2370408490480071,-0.41496504145472785,151.1322860187246,150.71776266521587,29.392564425655852
2013-07-08 00:00:00+01:00,150.81100463867188,151.16891525948355,151.36740229751243,-0.33439753677023987,-1.1837017359889899,148.09631469851266,150.792476109096,153.48863751967932,3.575989306830798,-0.19848703802887258,0.1731824027406842,-0.37166944076955677,150.69085689822526,150.58779637836025,28.138270157232686
2013-07-09 00:00:00+01:00,150.75999450683594,151.10600437446084,151.32240912783269,0.24558403622981473,-1.5324158416998728,148.12546218685938,150.7086661202567,153.29187005365404,3.4280761682756618,-0.2164047533718474,0.12421174991816752,-0.3406165032900149,150.69085689822526,150.58779637836025,28.138270157232686
2013-07-10 00:00:00+01:00,150.2899932861328,150.98046420702576,151.24593388029936,-0.9089282650649864,-2.484932293385299,148.39292397089935,150.5344754173642,152.67602686382907,2.845263771673968,-0.26546967327359994,0.060117464013132005,-0.32558713728673194,150.69085689822526,150.58779637836025,28.138270157232686
2013-07-11 00:00:00+01:00,149.64500427246094,150.77500883247734,151.12734650194096,-0.7063412529175253,-2.1752438408081503,148.32821441529737,150.5018564860026,152.67549855670782,2.8885252600287847,-0.35233766946362266,-0.021400425741512574,-0.3309372437221101,150.69085689822526,150.58779637836025,28.138270157232686
2013-07-12 00:00:00+01:00,150.31300354003906,150.70393109517914,151.06702480105935,-0.43302211551247183,-1.6340261438327843,148.32187458878153,150.49676150367372,152.67164841856592,2.8902773629970873,-0.3630937058802033,-0.02572516972647454,-0.33736853615372875,150.69085689822526,150.58779637836025,28.138270157232686
2013-07-15 00:00:00+01:00,149.80099487304688,150.56501783023572,150.97324480639176,0.23375592603011341,-1.186242242915199,148.29945158200067,150.48585655575707,152.67226152951346,2.9057946358517794,-0.408226976156044,-0.05668675200185219,-0.3515402241541918,151.53057350343923,150.96239785486125,25.60893494581167
2013-07-16 00:00:00+01:00,150.89300537109375,150.61547745190617,150.96730114451785,0.13369678028684007,-1.164307370103785,148.69062230154597,150.6162850516183,152.5419478016906,2.5570445445688272,-0.35182369261167423,-0.000226774765985982,-0.35159691784568825,151.53057350343923,150.96239785486125,25.60893494581167
2013-07-17 00:00:00+01:00,150.08700561523438,150.5341740924182,150.90209406827464,1.0229089834831768,-1.1489965340949482,148.91626735455716,150.67842828659784,152.4405892186385,2.338969090769854,-0.367919975856438,-0.013058446408599766,-0.3548615294478382,151.53057350343923,150.96239785486125,25.60893494581167
2013-07-18 00:00:00+01:00,151.5709991455078,150.69368563904737,150.95164259251413,2.008364121353054,0.4273552102202416,149.09248934349074,150.78514244442894,152.47779554536714,2.2451192120099233,-0.25795695346675984,0.07752366078486272,-0.33548061425162257,151.53057350343923,150.96239785486125,25.60893494581167
2013-07-19 00:00:00+01:00,152.9980010986328,151.04819570975283,151.10322470407849,2.2627726103746397,1.0457773711168272,149.110048952222,150.95042855398995,152.7908081557579,2.43838936980521,-0.055028994325653,0.22436129594077564,-0.27939029026642864,151.53057350343923,150.96239785486125,25.60893494581167
2013-07-22 00:00:00+01:00,153.4199981689453,151.41308839578244,151.27483755332787,2.0861548783127546,1.1211585404221296,148.96394732029992,151.07885669526598,153.19376607023204,2.7997423613443733,0.13825084245456765,0.334112906176797,-0.19586206372222936,151.34138148113396,150.9624835093844,23.64444596070247
2013-07-23 00:00:00+01:00,152.593994140625,151.59476620268128,151.3725528560906,2.231451050159393,1.0554409183234554,148.92627958041948,151.13380868094308,153.34133778146668,2.9212909008121293,0.22221334659067793,0.33446032825032584,-0.1122469816596479,151.34138148113396,150.9624835093844,23.64444596070247
2013-07-24 00:00:00+01:00,152.94000244140625,151.8017256240236,151.48866023278066,2.520342452766215,1.372332198859965,148.92156703827692,151.24433244977678,153.56709786127664,3.071540432460399,0.31306539124292954,0.3402498983220619,-0.027184507079132406,151.34138148113396,150.9624835093844,23.64444596070247
2013-07-25 00:00:00+01:00,153.75599670410156,152.10238271326637,151.65661108250814,2.1043905044059272,0.6483815932731147,148.80416564916507,151.36176118396577,153.91935671876647,3.379447377983643,0.44577163075823023,0.3783649102698901,0.06740672048834012,151.34138148113396,150.9624835093844,23.64444596070247
2013-07-26 00:00:00+01:00,152.68499755859375,152.19201576639367,151.73278785851448,1.0392153153136405,-0.9917905440613595,148.98049649388577,151.49866594587053,154.0168353978553,3.3243453812121175,0.4592279078791819,0.3134569499126734,0.14577095796650846,151.34138148113396,150.9624835093844,23.64444596070247
2013-07-29 00:00:00+01:00,150.74000549316406,151.96862957051218,151.65924842404408,-0.5532456164268922,-1.4992447619347047,149.04822425382065,151.5240950811477,153.99996590847473,3.2679565926476672,0.3093811464680982,0.1308881508012718,0.17849299566682642,151.27458981066482,150.98798678943328,22.878966199899835
2013-07-30 00:00:00+01:00,150.39100646972656,151.72591832423745,151.5653045755761,-0.6703003031151695,-2.195309458388607,148.97364468393334,151.49057152157738,154.00749835922142,3.32288249012981,0.1606137486613477,-0.014303397604382984,0.17491714626573068,151.27458981066482,150.98798678943328,22.878966199899835
2013-07-31 00:00:00+01:00,149.36000061035156,151.36193098363964,151.40194872630022,-1.978944575909594,-3.1019456745424066,148.7086336190594,151.38238089425224,154.05612816944506,3.532441832924484,-0.04001774266058078,-0.17194791114104918,0.1319301684804684,151.27458981066482,150.98798678943328,22.878966199899835
2013-08-01 00:00:00+01:00,148.42999267578125,150.91086355166144,151.1818038336692,-0.5808059088645052,-2.9358016364035677,148.29132824085622,151.18333289736793,154.07533755387965,3.8258247137268464,-0.2709402820077571,-0.3222963603905804,0.0513560783828233,151.27458981066482,150.98798678943328,22.878966199899835
2013-08-02 00:00:00+01:00,150.28599548339844,150.8147300026979,151.11544765957507,0.2695468472608695,-0.9194485140672555,148.23199019748066,151.07104710170202,153.9101040059234,3.7585718225810587,-0.30071765687716834,-0.2816589882079933,-0.019058668669175036,151.27458981066482,150.98798678943328,22.878966199899835
2013-08-05 00:00:00+01:00,151.23399353027344,150.87923208386337,151.12422883518235,0.3367696999738996,-0.7672342062761004,148.26006144542012,151.09547569638207,153.930889947344,3.753142492048608,-0.24499675131897902,-0.1807504661198432,-0.06424628519913583,150.63272621492237,150.7538456800053,23.431338288556578
2013-08-06 00:00:00+01:00,150.82400512695312,150.8707356289541,151.10199004198017,0.3170163056760771,-1.1419833281129854,148.26092356034297,151.0960947672526,153.93126597416222,3.752805406753761,-0.23125441302607896,-0.13360650226155452,-0.09764791076452446,150.63272621492237,150.7538456800053,23.431338288556578
2013-08-07 00:00:00+01:00,149.3280029296875,150.63339213675923,150.97058358921774,-0.293581636092739,-3.384585054061489,148.0964312919812,151.0279046921503,153.95937809231938,3.882028829234576,-0.33719145245851223,-0.19163483335519021,-0.14555661910332202,150.63272621492237,150.7538456800053,23.431338288556578
2013-08-08 00:00:00+01:00,149.6529998779297,150.48256255847775,150.872984795789,-0.7729786922733695,-1.9589833309452445,148.02331406626024,150.99757167271204,153.97182927916384,3.9394774015287055,-0.3904222373112418,-0.19589249456633584,-0.19452974274490598,150.63272621492237,150.7538456800053,23.431338288556578
2013-08-09 00:00:00+01:00,150.2899932861328,150.45293651657852,150.82980023951816,-0.22880231471347656,-1.657803169205664,148.09752859537878,151.02828543526786,153.95904227515695,3.8810701339057907,-0.3768637229396461,-0.14586718415579208,-0.230996538783854,150.63272621492237,150.7538456800053,23.431338288556578
2013-08-12 00:00:00+01:00,149.0,150.2294078217203,150.69425948103535,-0.803253011308783,-1.7542570396290955,147.92276069510666,150.96576145717077,154.00876221923488,4.0313786817515105,-0.4648516593150589,-0.18708409642496393,-0.27776756289009497,151.30514877544303,151.02472399664518,19.73548088211286
2013-08-13 00:00:00+01:00,150.2270050048828,150.22903815759145,150.65964803835737,1.4183548913301252,-0.5246535315214373,147.96880610783495,150.98604765392486,154.00328920001476,3.996715713766779,-0.4306098807659282,-0.12227385430066662,-0.3083360264652616,151.30514877544303,151.02472399664518,19.73548088211286
2013-08-14 00:00:00+01:00,151.63999938964844,150.44610911636946,150.73226665697152,1.7867305354112943,0.44073749341910684,147.99201583927564,151.02161879766555,154.05122175605547,4.012144728032469,-0.286157540602062,0.017742788690559674,-0.3039003292926217,151.30514877544303,151.02472399664518,19.73548088211286
2013-08-15 00:00:00+01:00,151.80999755859375,150.6559381074809,150.8120985756102,2.3819016685304177,0.6879014243897927,148.0864529862068,151.1036660330636,154.1208790799204,3.9935669677221295,-0.15616046812931472,0.11819188893064558,-0.2743523570599603,151.30514877544303,151.02472399664518,19.73548088211286
2013-08-16 00:00:00+01:00,151.81500244140625,150.83425569731557,150.88638775085437,1.851618840942507,0.9036055352784444,148.0890969824881,151.11528523763022,154.14147349277235,4.00513852769218,-0.05213205353879857,0.1777762428169294,-0.22990829635572796,151.30514877544303,151.02472399664518,19.73548088211286
2013-08-19 00:00:00+01:00,152.5760040283203,151.1022169790086,151.01154451214813,2.494452191953428,1.1894595161721782,148.11400689947862,151.0951901390439,154.07637337860916,3.9460994579931543,0.09067246686046815,0.2564646105729569,-0.16579214371248874,152.11676768135004,151.41262135329075,19.58716369974027
2013-08-20 00:00:00+01:00,152.6790008544922,151.34479911369837,151.1350597967662,1.9569354424916128,0.6239428887806753,148.17359174914955,151.05990455264137,153.9462173561332,3.821414838092919,0.20973931693217196,0.30042516851572854,-0.09068585158355659,152.11676768135004,151.41262135329075,19.58716369974027
2013-08-21 00:00:00+01:00,152.39999389648438,151.50713677258852,151.22875861896753,2.0462352775168426,0.8952343009543426,148.18287071723265,151.05066644577752,153.9184621743224,3.7971308515534767,0.2783781536209915,0.2952512041636385,-0.01687305054264697,152.11676768135004,151.41262135329075,19.58716369974027
2013-08-22 00:00:00+01:00,152.72000122070312,151.6937313030677,151.33922103391092,2.4437837268312705,1.337780919214083,148.1985907787585,151.04019019717262,153.88178961558674,3.762706356109068,0.3545102691567763,0.2971066557595386,0.05740361339723769,152.11676768135004,151.41262135329075,19.58716369974027
2013-08-23 00:00:00+01:00,154.18299865722656,152.07669551139983,151.5498712282306,3.083124377238164,1.8541357297772265,148.1365646078326,151.0605236235119,153.98448263919119,3.871241732177057,0.5268242831692476,0.3755365358176079,0.1512877473516397,152.11676768135004,151.41262135329075,19.58716369974027
2013-08-26 00:00:00+01:00,153.75399780273438,152.334742017759,151.713139863379,2.2278543993163,1.5538584276366123,148.04248919513736,151.1114283970424,154.18036759894744,4.061822768085362,0.6216021543799854,0.3762515256226766,0.24535062875730884,152.2711790645849,151.5793899929713,16.385583596758032
2013-08-27 00:00:00+01:00,153.11900329589844,152.4553975990112,151.81727789541748,1.362714780363774,-1.006273256745601,148.04533305869063,151.22471400669642,154.4040949547022,4.204843062708651,0.6381197035937305,0.31421525986913734,0.32390444372459315,152.2711790645849,151.5793899929713,16.385583596758032
2013-08-28 00:00:00+01:00,150.61500549316406,152.1722603519578,151.72822068043575,0.12477614573612072,-1.2682139665685668,148.06577140451347,151.23538062686012,154.40498984920677,4.191623956257909,0.4440396715220345,0.09610818223795309,0.3479314892840814,152.2711790645849,151.5793899929713,16.385583596758032
2013-08-29 00:00:00+01:00,151.72000122070312,152.10268202407246,151.72761183156666,0.8823887787849003,-0.2276118315666622,148.28659760633974,151.34776160830543,154.40892561027113,4.045205517988589,0.3750701925058024,0.021710962577376813,0.3533592299284256,152.2711790645849,151.5793899929713,16.385583596758032
2013-08-30 00:00:00+01:00,152.38999938964844,152.14688469569953,151.77667757660976,0.8533273062027433,-0.02667757660975667,148.74101600834018,151.53633335658483,154.33165070482949,3.6893031345385716,0.3702071190897698,0.013478311329075343,0.35672880776069443,152.2711790645849,151.5793899929713,16.385583596758032
2013-09-02 00:00:00+01:00,152.67300415039062,152.2278261502674,151.84307213763057,2.975928106510054,0.7469242002600538,148.8732329919917,151.6500004359654,154.42676787993912,3.6620737698529813,0.38475401263681874,0.02242016390089946,0.3623338487359193,153.54411815568682,152.22376232795978,18.08030800179892
2013-09-03 00:00:00+01:00,154.7949981689453,152.62277569160244,152.06173332513538,3.2792700928333716,2.3692664307239966,148.74606315189052,151.81957208542596,154.8930810189614,4.048896846851909,0.5610423664670634,0.15896681418491532,0.4020755522821481,153.54411815568682,152.22376232795978,18.08030800179892
2013-09-04 00:00:00+01:00,154.91799926757812,152.9758870109833,152.27330858013113,3.5606910536579335,2.4866859267048085,148.70782493295889,152.01452418736048,155.32122344176207,4.350504364077778,0.702578430852185,0.24040230285602948,0.4621761279961555,153.54411815568682,152.22376232795978,18.08030800179892
2013-09-05 00:00:00+01:00,155.77000427246094,153.4057512050568,152.53232307585927,3.8626811966016703,2.936671064765733,148.87607034356284,152.321286156064,155.76650196856514,4.52361701958225,0.8734281291975208,0.3290016009610922,0.5444265282364286,153.54411815568682,152.22376232795978,18.08030800179892
2013-09-06 00:00:00+01:00,156.0800018310547,153.81717437828723,152.79511409476262,3.250891154260813,1.3928894452764382,149.04547054370437,152.62733386811755,156.20919719253072,4.693606621613661,1.0220602835246098,0.382107004230545,0.6399532792940648,153.54411815568682,152.22376232795978,18.08030800179892
2013-09-09 00:00:00+01:00,156.302001953125,154.19945554364688,153.05488356575242,3.511110696942893,2.4441093541694556,149.1675101283088,152.9136199951172,156.65972986192557,4.899641859146363,1.1445719778944579,0.4036949588803145,0.7408770190141434,154.96574734955945,153.02165424358049,22.031907550384737
2013-09-10 00:00:00+01:00,156.5070037841797,154.5544629652673,153.31059617452482,4.5844080979361195,2.8474085862173695,149.6566428517684,153.2710963657924,156.8855498798164,4.716418946202166,1.2438667907424872,0.40239181738267504,0.8414749733598121,154.96574734955945,153.02165424358049,22.031907550384737
2013-09-11 00:00:00+01:00,157.78599548339844,155.05162181421056,153.64210723444137,4.747892155207069,3.8638894696601938,149.80172811963334,153.63104829334077,157.4603684670482,4.985086304163967,1.4095145797691941,0.45443168512750565,0.9550828946416885,154.96574734955945,153.02165424358049,22.031907550384737
2013-09-12 00:00:00+01:00,157.9499969482422,155.49752568098467,153.9612101762044,4.075792387272173,2.788789823795611,149.79625385383068,153.93152436755952,158.06679488128836,5.372870217090286,1.5363155047802763,0.4649860881108703,1.071329416669406,154.96574734955945,153.02165424358049,22.031907550384737
2013-09-13 00:00:00+01:00,157.3679962158203,155.7852903786517,154.21356469765743,3.7064334712878804,3.040433105076943,149.92859718401388,154.1961909702846,158.4637847565553,5.535277829389604,1.5717256809942626,0.4003170114598853,1.1714086695343773,154.96574734955945,153.02165424358049,22.031907550384737
2013-09-16 00:00:00+01:00,157.79200744628906,156.09401608136514,154.4786345308894,3.4373658353215433,2.8133729153996683,150.09091842056068,154.4808102562314,158.8707020919021,5.683413788922216,1.615381550475746,0.355178304753095,1.260203245722651,156.31150022685475,153.87613306327546,26.895495045573874
2013-09-17 00:00:00+01:00,157.52000427246094,156.31339887999528,154.70392117841322,3.4110843147508376,2.7680789436570876,150.23096146809098,154.71623883928572,159.20151621048046,5.798069297501348,1.6094777015820512,0.27941956468752016,1.330058136894531,156.31150022685475,153.87613306327546,26.895495045573874
2013-09-18 00:00:00+01:00,157.6199951171875,156.51441368571716,154.91992665535946,3.217066752843664,2.5520734667108513,150.4005032194817,154.95152428036644,159.5025453412512,5.874122351517132,1.5944870303576977,0.21154311477053334,1.3829439155871643,156.31150022685475,153.87613306327546,26.895495045573874
2013-09-19 00:00:00+01:00,158.41400146484375,156.80665795942895,155.17874701161756,4.759256528421503,2.9952489600621277,150.60894801784994,155.23790559314546,159.86686316844097,5.963694959177429,1.6279109478113867,0.19597362577937782,1.4319373220320089,156.31150022685475,153.87613306327546,26.895495045573874
2013-09-20 00:00:00+01:00,159.375,157.2017875041322,155.48958056631255,4.185422485445258,3.590421264742133,150.75084842971052,155.55481029692152,160.35877216413252,6.176551992241507,1.7122069378196443,0.22421569263010843,1.4879912451895358,156.31150022685475,153.87613306327546,26.895495045573874
2013-09-23 00:00:00+01:00,159.01199340820312,157.4802807201431,155.75050003608223,3.259494470753708,2.4344975225115206,150.80634097662733,155.78476242792038,160.76318387921344,6.391410011741695,1.72978068406087,0.19343155109706744,1.5363491329638026,156.93433104316358,154.4909701507763,30.3856989016582
2013-09-24 00:00:00+01:00,158.3699951171875,157.61715985814993,155.9445367087567,2.9954657326495635,1.388455844954251,150.99668558058576,156.00457182384673,161.0124580671077,6.420178825163723,1.672623149393246,0.10901921314355478,1.5636039362496912,156.93433104316358,154.4909701507763,30.3856989016582
2013-09-25 00:00:00+01:00,157.91000366210938,157.66221275106676,156.09012685344948,2.6958686299489614,1.2898780293630239,151.33615640375956,156.2327146984282,161.12927299309683,6.268288052371529,1.572085897617285,0.006785569094075017,1.5653003285232099,156.93433104316358,154.4909701507763,30.3856989016582
2013-09-26 00:00:00+01:00,158.19900512695312,157.7447961935108,156.2463400588942,2.9966561569261216,1.7526528610276841,152.3300738256933,156.59385753813245,160.85764125057162,5.4456589542803515,1.4984561346166174,-0.053475355125274016,1.5519314897418914,156.93433104316358,154.4909701507763,30.3856989016582
2013-09-27 00:00:00+01:00,158.6219940185547,157.879749705056,156.42231442627644,2.5086853295829314,1.837680080559494,153.1799851207439,156.92252386183966,160.66506260293542,4.769919128232764,1.4574352787795704,-0.07559696876985678,1.5330322475494271,156.93433104316358,154.4909701507763,30.3856989016582
2013-09-30 00:00:00+01:00,158.14999389648438,157.92132573450652,156.55029068332888,2.4997123684289306,0.8547080959679931,154.02197817260372,157.19680931454613,160.37164045648854,4.0393073571737235,1.3710350511776426,-0.1295977570974276,1.5006328082750702,156.60255248255177,154.69783089514084,28.837033384348157
2013-10-01 00:00:00+01:00,159.2550048828125,158.12650714193822,156.75063988329063,3.0943613374124936,1.8343668305765561,154.9420805079327,157.51023792085192,160.07839533377114,3.2609403005405984,1.3758672586475882,-0.0998124397019855,1.4756796983495737,156.60255248255177,154.69783089514084,28.837033384348157
2013-10-02 00:00:00+01:00,158.56100463867188,158.19335291066648,156.88474097628185,1.8162630520384653,0.6352632961790903,155.39331237898764,157.68957156226747,159.9858307455473,2.9123792531494033,1.3086119343846292,-0.13365421117195564,1.4422661455565848,156.60255248255177,154.69783089514084,28.837033384348157
2013-10-03 00:00:00+01:00,157.98800659179688,158.1617611693019,156.9664643552089,1.8235289309239135,-0.07446606419327395,155.90156506032966,157.8357623872303,159.76995971413092,2.4508987033690364,1.1952968140930125,-0.1975754651708579,1.3928722792638704,156.60255248255177,154.69783089514084,28.837033384348157
2013-10-04 00:00:00+01:00,157.1269989013672,158.00256697423504,156.97835580307247,0.34764822524783767,-1.2593616624474748,156.16623239331977,157.90038117908296,159.63452996484614,2.1965099422988654,1.0242111711625626,-0.2949288864810462,1.3191400576436088,156.60255248255177,154.69783089514084,28.837033384348157
2013-10-07 00:00:00+01:00,156.00999450683594,157.69601736386593,156.90662533668458,-0.7316222849267717,-1.4936309519189592,156.14870267557086,157.8970474969773,159.64539231838376,2.2145376992434485,0.7893920271813499,-0.42379842436980697,1.213190451551157,156.71136860653192,155.01656946076247,25.301124032189747
2013-10-08 00:00:00+01:00,155.6179962158203,157.37632180262815,156.81117132773167,-0.181166444919171,-1.276167665622296,155.9784191530881,157.8644757952009,159.75053243731367,2.389463028477131,0.565150474896484,-0.5184319813237384,1.0835824562202223,156.71136860653192,155.01656946076247,25.301124032189747
2013-10-09 00:00:00+01:00,156.1929931640625,157.19427124284883,156.76538035264505,-0.2173762022544281,-2.020385235457553,155.91626613201132,157.84952290852866,159.782779685046,2.4494933413737736,0.4288908902037747,-0.5237532528131581,0.9526441430169328,156.71136860653192,155.01656946076247,25.301124032189747
2013-10-10 00:00:00+01:00,155.47999572753906,156.93053654818578,156.6701666767113,0.08982783012464779,-1.1901709491722272,155.55844326044505,157.73971339634485,159.92098353224466,2.7656575366268576,0.2603698714744951,-0.5538194172339501,0.8141892887084452,156.71136860653192,155.01656946076247,25.301124032189747
2013-10-11 00:00:00+01:00,156.8489990234375,156.91799231360912,156.68341351720952,0.8315858724389216,-0.02641583654545343,155.47603183522511,157.68728492373512,159.89853801224513,2.8046054437166195,0.2345787963996031,-0.4636883938470737,0.6982671902466768,156.71136860653192,155.01656946076247,25.301124032189747
2013-10-14 00:00:00+01:00,156.96400451660156,156.92507111406948,156.704198035683,0.47880062154357006,0.10680660298888256,155.4390594731685,157.66804722377233,159.89703497437617,2.827443847820753,0.2208730783864894,-0.3819152894881499,0.6027883678746393,157.23091382850825,155.48134586243367,24.64955956974532
2013-10-15 00:00:00+01:00,157.5399932861328,157.01967452515615,156.76610879497557,0.7838942567822471,0.07388754291505961,155.42714394124184,157.65604654947916,159.88494915771648,2.827551060704539,0.2535657301805827,-0.2793781101552453,0.532943840335828,157.23091382850825,155.48134586243367,24.64955956974532
2013-10-16 00:00:00+01:00,157.47500610351562,157.08972553721145,156.81861970671926,1.1633749221869891,0.3533773635932391,155.4243957144059,157.6539037795294,159.8834118446529,2.8283575752635284,0.27110583049218917,-0.20947040787491106,0.48057623836710023,157.23091382850825,155.48134586243367,24.64955956974532
2013-10-17 00:00:00+01:00,157.7100067138672,157.1851534105431,156.8846483739154,1.317347475693964,0.23534674327208904,155.42861312509967,157.65819004603796,159.88776696697624,2.828368028691975,0.30050503662769756,-0.14405696139152213,0.4445619980192197,157.23091382850825,155.48134586243367,24.64955956974532
2013-10-18 00:00:00+01:00,158.24000549316406,157.34743834633096,156.98504519756347,1.6649486989209095,1.093949553413097,155.43035346602494,157.64990452357702,159.8694555811291,2.815797528402741,0.3623931487674952,-0.06573507940137963,0.4281282281688748,157.23091382850825,155.48134586243367,24.64955956974532
2013-10-21 00:00:00+01:00,158.35800170898438,157.50290963289302,157.08674567989095,1.664261400187172,1.1052556628824846,155.49299737912727,157.60147603352866,159.70995468793004,2.6757092731197725,0.4161639530020693,-0.009571420133444364,0.4257353731355137,157.43960742864093,155.82072425764403,25.62211374105197
2013-10-22 00:00:00+01:00,158.4219970703125,157.64430770018834,157.18565319029256,2.294342537246507,1.1143498614652572,155.52599233049696,157.57338096981957,159.62076960914217,2.598647851206222,0.45865450989577994,0.026335309408212992,0.43231920048756695,157.43960742864093,155.82072425764403,25.62211374105197
2013-10-23 00:00:00+01:00,159.28199768066406,157.89626000487692,157.34093796735712,1.9890638636975666,-0.4829362583727459,155.46751869951868,157.61680966331846,159.76610062711825,2.727235716026527,0.5553220375198009,0.09840226962578719,0.45691976789401373,157.43960742864093,155.82072425764403,25.62211374105197
2013-10-24 00:00:00+01:00,157.47000122070312,157.83068173038865,157.35049820834573,0.7795066744667736,-0.3185005276816639,155.44983129331507,157.59585716610863,159.7418830389022,2.7234546788011205,0.48018352204292114,0.018611003319125907,0.46157251872379523,157.43960742864093,155.82072425764403,25.62211374105197
2013-10-25 00:00:00+01:00,157.7469940185547,157.8178066977988,157.3798682683612,0.49713063300598037,-0.25987315117370713,155.4439263097057,157.57433282761346,159.70473934552123,2.7040019521941305,0.43793842943759387,-0.018907271428961092,0.45684570086655496,157.43960742864093,155.82072425764403,25.62211374105197
2013-10-28 00:00:00+00:00,157.81700134277344,157.81768279702567,157.41224849609546,0.8777447900373545,0.1677533349592295,155.45395625419366,157.53599984305245,159.61804343191125,2.6432607035002307,0.40543430093021016,-0.041129119949075865,0.446563420879286,157.3397380823101,156.00919213364466,26.05026476119731
2013-10-29 00:00:00+00:00,157.56199645996094,157.77834643747724,157.42334093786326,0.15765271448049134,-0.6723338577851337,155.44400120284718,157.50799996512276,159.57199872739835,2.6208176889207184,0.35500549961398065,-0.07324633701224431,0.42825183662622496,157.3397380823101,156.00919213364466,26.05026476119731
2013-10-30 00:00:00+00:00,157.57000732421875,157.7462942662067,157.43420511463034,0.4757985474790303,-0.09420877673971972,155.5162881041807,157.42776198614212,159.33923586810354,2.4283822088885296,0.31208915157634465,-0.09293014803990424,0.4050192996162489,157.3397380823101,156.00919213364466,26.05026476119731
2013-10-31 00:00:00+00:00,157.8350067138672,157.75994233507754,157.4638941219812,0.4551122256750375,-0.2048914364343375,155.53956585475467,157.39319065638952,159.24681545802437,2.3554066016509734,0.2960482130963271,-0.08717686921593742,0.38322508231226454,157.3397380823101,156.00919213364466,26.05026476119731
2013-11-01 00:00:00+00:00,157.72999572753906,157.755335164687,157.48360535202252,0.2974005073524779,-0.6436090141318971,155.5398349927709,157.38090442475817,159.22197385674545,2.3396350894240427,0.27172981266448915,-0.08919621571822034,0.3609260283827095,157.3397380823101,156.00919213364466,26.05026476119731
2013-11-04 00:00:00+00:00,157.1439971923828,157.6612831689479,157.45844919204922,0.21055715560703447,-0.370451755525778,155.54107677804922,157.3817138671875,159.22235095632578,2.3390736368414116,0.2028339768986882,-0.12647364118721705,0.32930761808590525,157.77982660890987,156.3878794948539,28.28675188672058
2013-11-05 00:00:00+00:00,157.49899291992188,157.63631543832852,157.4614524311509,0.5165443950209863,-0.7994498676743262,155.7170920600459,157.45261855352493,159.18814504700396,2.2045063580686635,0.1748630071776347,-0.12355568872661643,0.29841869590425113,157.77982660890987,156.3878794948539,28.28675188672058
2013-11-06 00:00:00+00:00,157.97000122070312,157.68765171254,157.49912271185846,1.4608840020087257,0.4088820488837257,156.02456964720992,157.56461879185267,159.10466793649542,1.9548159433904377,0.188529000681541,-0.0879117561781681,0.2764407568597091,157.77982660890987,156.3878794948539,28.28675188672058
2013-11-07 00:00:00+00:00,158.6510009765625,157.83585929162038,157.58444702776245,1.6505535825891116,0.7145489439172366,156.20403294766123,157.6816667829241,159.159300618187,1.8741986502427008,0.2514122638579295,-0.020022794401423682,0.27143505825935316,157.77982660890987,156.3878794948539,28.28675188672058
2013-11-08 00:00:00+00:00,157.9459991455078,157.85280388452614,157.61122866611396,0.8147662069329158,-0.06822939853583421,156.6953533374836,157.7990955171131,158.9028376967426,1.3989207935729986,0.24157521841218,-0.023887871877738553,0.26546309028991855,157.77982660890987,156.3878794948539,28.28675188672058
2013-11-11 00:00:00+00:00,158.72999572753906,157.98775647575889,157.6941003002936,1.088904460448589,0.6259070239251514,156.8027215754235,157.88866678873697,158.97461200205043,1.375583486009816,0.2936561754652871,0.022554468140294825,0.2711017073249923,159.0718863590649,157.14046897549977,33.520409217678996
2013-11-12 00:00:00+00:00,158.45799255371094,158.0601004877515,157.75068491165786,1.4433153324827686,0.26931936080308105,156.93125946719047,157.9598090762184,158.9883586852463,1.3022927984568864,0.3094155760936417,0.030651095014919527,0.27876448107872215,159.0718863590649,157.14046897549977,33.520409217678996
2013-11-13 00:00:00+00:00,158.27999877929688,158.0939309941431,157.7898933462978,1.425102991592837,0.19210128260846204,156.97578069039298,157.99504743303572,159.01431417567846,1.290251510035143,0.3040376478453197,0.02021853341327806,0.28381911443204166,159.0718863590649,157.14046897549977,33.520409217678996
2013-11-14 00:00:00+00:00,159.2480010986328,158.27148024098767,157.89790132795224,2.9720937892352595,1.2621023341571345,156.95791150747428,158.07947576613654,159.2010400247988,1.4189878265050775,0.37357891303543056,0.07180783888271114,0.3017710741527194,159.0718863590649,157.14046897549977,33.520409217678996
2013-11-15 00:00:00+00:00,160.9149932861328,158.6781745556254,158.1213896211508,3.507608181583578,2.5616090360757653,156.59802121421583,158.23209417433966,159.8661671344635,2.065412795868598,0.5567849344745923,0.2040110882574983,0.352773846217094,159.0718863590649,157.14046897549977,33.520409217678996
2013-11-18 00:00:00+00:00,161.6999969482422,159.14307030833567,158.3864716453798,3.271533115362388,2.563525302862388,156.19405509586247,158.39685567220053,160.5996562485386,2.7813690707304444,0.7565986629558665,0.323059853391018,0.4335388095648485,160.8479222048714,158.17754396421185,39.94463854259883
2013-11-19 00:00:00+00:00,160.91299438476562,159.4153663200941,158.5736214779269,2.757372174416844,1.8393729068387188,156.0692918941643,158.51852199009485,160.9677520860254,3.0901500533591744,0.841744842167202,0.32656482608188275,0.5151800160853193,160.8479222048714,158.17754396421185,39.94463854259883
2013-11-20 00:00:00+00:00,161.6269989013672,159.7556174864438,158.79979758336694,2.8461985103830614,2.2302011959299364,155.88828581251474,158.671141124907,161.45399643729925,3.5077018954588284,0.9558199030768719,0.3525119095932421,0.6033079934836298,160.8479222048714,158.17754396421185,39.94463854259883
2013-11-21 00:00:00+00:00,161.3000030517578,159.99321526572288,158.98499798843292,4.0350062840280145,2.2250087254342645,155.77514108149444,158.7672366187686,161.75933215604277,3.769159936264152,1.0082172772899582,0.3239274270450627,0.6842898502448955,160.8479222048714,158.17754396421185,39.94463854259883
2013-11-22 00:00:00+00:00,163.9340057373047,160.5994907228893,159.35159115501602,4.7414111643199135,4.1584033518199135,155.42292792868827,159.0750463576544,162.72716478662053,4.591692427679623,1.2478995678732758,0.4508877741027042,0.7970117937705716,160.8479222048714,158.17754396421185,39.94463854259883
2013-11-25 00:00:00+00:00,164.40699768066406,161.1852610240854,159.72606571247144,5.533928794364499,4.447930259208249,155.14779486744297,159.39218938918341,163.63658391092386,5.325724601695542,1.4591953116139678,0.5297468142747169,0.9294484973392508,163.1726168784429,159.55532428726528,46.754630686979354
2013-11-26 00:00:00+00:00,163.85699462890625,161.5962969632886,160.03206044702216,4.3109418723137765,3.617933449462214,155.09631394662017,159.6798081170945,164.26330228756882,5.740856310540167,1.5642365162664476,0.5078304151417574,1.0564061011246901,163.1726168784429,159.55532428726528,46.754630686979354
2013-11-27 00:00:00+00:00,164.0970001220703,161.9810205261781,160.3331670896183,6.102837549053561,3.740838037334811,155.14504757185728,159.99099876767113,164.83694996348498,6.057779791537946,1.6478534365597852,0.47315786834807616,1.174695568211709,163.1726168784429,159.55532428726528,46.754630686979354
2013-11-28 00:00:00+00:00,166.38900756835938,162.65917237882138,160.78174786582136,6.528249692772391,5.206258725975516,154.9833886537396,160.41095116024925,165.8385136667589,6.7670722818513225,1.8774245130000224,0.5621831558306507,1.3152413571693717,163.1726168784429,159.55532428726528,46.754630686979354
2013-11-29 00:00:00+00:00,167.1320037841797,163.34730028733804,161.25213719310716,6.619856825447528,5.568861952400653,154.85242846626363,160.85366530645462,166.8549021466456,7.4617346502581325,2.095163094230884,0.6239373896492098,1.4712257045816741,163.1726168784429,159.55532428726528,46.754630686979354
2013-12-02 00:00:00+00:00,167.7899932861328,164.03079151792184,161.73642282962757,7.016583151817741,6.020580954552116,154.8209791295029,161.33271280924478,167.84444648898668,8.072428172011442,2.29436868829427,0.6585143869700767,1.6358543013241933,164.94174316147496,160.83027735016154,52.78847026288878
2013-12-03 00:00:00+00:00,168.38400268554688,164.7005163129411,162.22883615228827,6.892166044977358,5.711166289117983,154.98424625569754,161.86795116606214,168.75165607642674,8.5053339599048,2.4716801606528236,0.6686606874629042,1.8030194731899194,164.94174316147496,160.83027735016154,52.78847026288878
2013-12-04 00:00:00+00:00,167.72999572753906,165.16659006903308,162.6363294541587,5.712669569278802,4.738670545841302,155.33049622888382,162.35514177594865,169.3797873230135,8.653431570105615,2.530260614874379,0.5817929133475679,1.9484677015268113,164.94174316147496,160.83027735016154,52.78847026288878
2013-12-05 00:00:00+00:00,167.7209930419922,165.55957514179602,163.01297120140563,4.707030019297491,3.4460284323834287,155.72689198173754,162.81947471981957,169.9120574579016,8.71220442184447,2.5466039403903835,0.478508991090858,2.0680949492995255,164.94174316147496,160.83027735016154,52.78847026288878
2013-12-06 00:00:00+00:00,166.13999938964844,165.64887117992717,163.24460291905325,4.97939610438425,2.863398789931125,156.20569609747457,163.17609369187127,170.14649128626797,8.543405393144225,2.40426826087392,0.2689386492595154,2.1353296116144045,164.94174316147496,160.83027735016154,52.78847026288878
2013-12-09 00:00:00+00:00,168.3820037841797,166.06935311904294,163.62515113128484,5.4468550943011,4.474854972230787,156.77735771601402,163.6730462937128,170.56873487141155,8.426174906434364,2.444201987758106,0.24709790091496142,2.1971040868431446,166.07783080882186,161.90452431492642,58.09068179818474
2013-12-10 00:00:00+00:00,169.57200622558594,166.60822282774186,164.06565891604788,5.972335468717745,4.594344746061495,157.22812525263447,164.1893325079055,171.15053976317654,8.479487855809221,2.542563911693975,0.27636785988066404,2.266196051813311,166.07783080882186,161.90452431492642,58.09068179818474
2013-12-11 00:00:00+00:00,169.1300048828125,166.99618929775272,164.44079565432673,4.869201904267015,3.1292116698920154,157.92861427705685,164.69752357119606,171.46643286533526,8.219807010289523,2.5553936434259867,0.2313580732901408,2.324035570135846,166.07783080882186,161.90452431492642,58.09068179818474
2013-12-12 00:00:00+00:00,167.83399963378906,167.12508319560447,164.69214409724987,4.197855292398572,2.9178565131016967,158.90593119200787,165.15247599283853,171.3990207936692,7.5645790513023,2.432939098354609,0.0871228225750107,2.3458162757795984,166.07783080882186,161.90452431492642,58.09068179818474
2013-12-13 00:00:00+00:00,169.16600036621094,167.43907045262085,165.02354085791364,4.72246133935198,2.6784549916957303,159.74642589661914,165.62476167224702,171.5030974478749,7.098377943342128,2.415529594707209,0.055770655142088454,2.3597589395651206,166.07783080882186,161.90452431492642,58.09068179818474
2013-12-16 00:00:00+00:00,168.32000732421875,167.57459920209746,165.26772355912144,3.126273633261377,2.0952830326754395,160.39025089980905,165.97738138834634,171.56451187688364,6.7323998508746,2.306875642976024,-0.04230663727127704,2.3491822802473012,167.3352225737198,163.03959314186773,62.78891869793244
2013-12-17 00:00:00+00:00,167.89599609375,167.6240448777363,165.46241041353838,2.6955943472038086,1.3285899526725586,160.97299337322184,166.27242896670387,171.5718645601859,6.374400887044532,2.161634464197931,-0.15003825283949634,2.3116727170374274,167.3352225737198,163.03959314186773,62.78891869793244
2013-12-18 00:00:00+00:00,167.03199768066406,167.53296069357134,165.57867613702916,3.7603283795723996,1.4423199567208371,161.83272671928577,166.56381007603235,171.29489343277893,5.680805878043922,1.9542845565421771,-0.2859105283962,2.240195084938377,167.3352225737198,163.03959314186773,62.78891869793244
2013-12-19 00:00:00+00:00,170.74600219726562,168.02727477106276,165.96144103038,4.773559579971561,4.028564462784061,162.4904813065854,166.998048328218,171.50561534985061,5.3983469468738186,2.0658337406827627,-0.13948907540449174,2.2053228160872544,167.3352225737198,163.03959314186773,62.78891869793244
2013-12-20 00:00:00+00:00,170.60899353027344,168.4244622724798,166.30570417852024,4.701299605659443,4.040288863471943,163.4624605877891,167.4413335890997,171.42020659041032,4.752557706061682,2.118758093959542,-0.06925177770216973,2.188009871661712,167.3352225737198,163.03959314186773,62.78891869793244
2013-12-23 00:00:00+00:00,169.86599731445312,168.64623689432185,166.56942959599675,3.650571624706373,3.192563812206373,163.9437360380347,167.72380937848772,171.50388271894073,4.507497599130786,2.076807298325093,-0.08896205866929474,2.165769356994388,169.40548346548766,164.54050915717568,67.34866969385799
2013-12-24 00:00:00+00:00,170.30299377441406,168.9011225681822,166.84598990550916,3.935015953865843,3.279010094490843,164.37893241529144,168.00457109723772,171.63020977918399,4.316119089221474,2.0551326626730315,-0.08850935545708527,2.143642018130117,169.40548346548766,164.54050915717568,67.34866969385799
2013-12-25 00:00:00+00:00,170.70700073242188,169.17894997806522,167.1319907075027,3.6880166167160553,3.3670022124191803,165.03924550048566,168.3307618640718,171.62227822765794,3.910772252363548,2.0469592705625246,-0.07734619805407394,2.1243054686165985,169.40548346548766,164.54050915717568,67.34866969385799
2013-12-26 00:00:00+00:00,170.91700744628906,169.44634343471503,167.41236231778316,4.750632066982462,3.4856326773340243,165.77941674072625,168.65552411760603,171.53163149448582,3.4106293190541854,2.0339811169318693,-0.07225948134778326,2.1062405982796526,169.40548346548766,164.54050915717568,67.34866969385799
2013-12-27 00:00:00+00:00,172.14999389648438,169.86228965960262,167.76329799027954,6.151695295853273,4.336708113236085,165.877246314772,168.9298567998977,171.98246728502338,3.6140567960601406,2.098991669323084,-0.005799143165254872,2.1047908124883388,169.40548346548766,164.54050915717568,67.34866969385799
2013-12-30 00:00:00+00:00,173.55299377441406,170.43009029265053,168.1921643446599,5.642842369207301,4.886830406316676,165.71426593059877,169.23561822800409,172.7569705254094,4.161478930116406,2.2379259479906466,0.10650810840184644,2.1314178395888,170.30365767816366,165.6204372923671,71.3072025178843
2013-12-31 00:00:00+00:00,173.0279998779297,170.82976869038578,168.55037438416136,5.300623540643329,4.263620977166767,165.67815092793745,169.48504711332777,173.29194329871808,4.492309203943871,2.279394306224418,0.11838117330849451,2.1610131329159237,170.30365767816366,165.6204372923671,71.3072025178843
2014-01-01 00:00:00+00:00,174.3000030517578,171.36365089982763,168.9762728039833,5.353729027071381,5.323730247774506,165.48189797119534,169.76676141648065,174.05162486176596,5.0479415517310375,2.3873780958443263,0.18109197034272206,2.206286125501604,170.30365767816366,165.6204372923671,71.3072025178843
2014-01-02 00:00:00+00:00,174.59300231933594,171.8604741951366,169.3923268421576,5.4426798717096005,2.677680482061163,165.44821358954636,170.09357125418526,174.73892891882417,5.462120208760807,2.4681473529790026,0.2094889819819188,2.2586583709970838,170.30365767816366,165.6204372923671,71.3072025178843
2014-01-03 00:00:00+00:00,172.4029998779297,171.94393968479707,169.61533965962218,2.874665833541883,1.4806533823700079,165.6987107651647,170.3165239606585,174.93433715615228,5.422624990350868,2.328600025174893,0.05595332334224734,2.2726467018326457,170.30365767816366,165.6204372923671,71.3072025178843
2014-01-06 00:00:00+00:00,172.13800048828125,171.9737951930254,169.80220342470804,2.3637969415028977,0.6168029229482102,166.32344012423022,170.6021430605934,174.88084599695657,5.016001393187062,2.17159176831737,-0.0808439468122204,2.2524357151295904,170.68110666499973,166.45123262755348,72.1010753889926
2014-01-07 00:00:00+00:00,171.05599975585938,171.83259589499986,169.89507722701555,1.7829165473985142,0.9249300972032017,166.56500520777593,170.72947620210192,174.89394719642792,4.878444058946542,1.9375186679843068,-0.2519336377162267,2.1894523057005335,170.68110666499973,166.45123262755348,72.1010753889926
2014-01-08 00:00:00+00:00,171.7100067138672,171.81373602097943,170.02951644826382,2.66347671579868,1.4644868476346176,166.6804663818559,170.83128574916296,174.98210511647002,4.8595540905801595,1.7842195727156138,-0.32418618638793584,2.1084057591035497,170.68110666499973,166.45123262755348,72.1010753889926
2014-01-09 00:00:00+00:00,172.42999267578125,171.9085447371028,170.207329502154,2.8706734275334895,2.062674770306927,166.85732020371498,170.9884280250186,175.11953584632224,4.832032049208823,1.7012152349487906,-0.3257524193238073,2.026967654272598,170.68110666499973,166.45123262755348,72.1010753889926
2014-01-10 00:00:00+00:00,172.6959991455078,172.02969156916512,170.3916754016617,2.628328870799237,1.1083245983382994,167.28146082072644,171.2199518112909,175.1584428018554,4.600504729618497,1.638016167503423,-0.3111611894153399,1.949177356918763,170.68110666499973,166.45123262755348,72.1010753889926
2014-01-13 00:00:00+00:00,171.427001953125,171.93697008977435,170.46836625732564,1.0366386254868587,-1.9113594213881413,167.49748234354377,171.32761855352493,175.1577547635061,4.471125253847592,1.4686038324487072,-0.38445881957604455,1.8530626520247517,170.81740322263002,167.11391315760164,66.71516351354647
2014-01-14 00:00:00+00:00,168.99000549316406,171.4835909210651,170.35885805257294,0.24314695230987127,-1.5288562215182537,167.620041822341,171.3595232282366,175.09900463413223,4.36448623974629,1.1247328684921456,-0.5826638268260849,1.7073966953182305,170.81740322263002,167.11391315760164,66.71516351354647
2014-01-15 00:00:00+00:00,171.17999267578125,171.43688349871374,170.41968283947725,1.1453196019290033,0.030314108764940784,168.10898687346818,171.51590401785714,174.9228211622461,3.9727128092264254,1.0172006592364937,-0.5521568288653893,1.569357488101883,170.81740322263002,167.11391315760164,66.71516351354647
2014-01-16 00:00:00+00:00,171.07000732421875,171.3804410103299,170.46785502353217,1.314142657131896,-0.10985331454779157,168.9391729117133,171.70819019135973,174.47720747100615,3.2252594084888973,0.9125859867977226,-0.5254172010433282,1.4380031878410509,170.81740322263002,167.11391315760164,66.71516351354647
2014-01-17 00:00:00+00:00,170.49000549316406,171.2434509307659,170.46949579906047,1.3614978532832822,-0.2895031232792178,168.9079575417055,171.69599987211683,174.48404220252814,3.247649721004466,0.773955131705435,-0.5312384449084928,1.3051935766139278,170.81740322263002,167.11391315760164,66.71516351354647
2014-01-20 00:00:00+00:00,171.1230010986328,171.22492018736082,170.51790359902878,0.9400889546821531,-0.21790054727097186,168.9621691827877,171.72047642299108,174.47878366319446,3.212554842218081,0.7070165883320385,-0.4785415906255115,1.18555817895755,169.99127032062054,167.28892620888735,64.10107609238105
2014-01-21 00:00:00+00:00,171.16799926757812,171.21616312277888,170.56605883373615,1.7539484904825997,0.6339381145060372,169.13748942030924,171.78247651599702,174.4274636116848,3.079460896515217,0.65010428904273,-0.42836311193185606,1.078467400974586,169.99127032062054,167.28892620888735,64.10107609238105
2014-01-22 00:00:00+00:00,171.70599365234375,171.29152166578885,170.6504984499293,2.484496056906636,0.7134999631566359,169.2875894397157,171.84928603399368,174.41098262827165,2.9813293420040674,0.6410232158595477,-0.34995534809203066,0.9909785639515784,169.99127032062054,167.28892620888735,64.10107609238105
2014-01-23 00:00:00+00:00,173.30499267578125,171.6012864365569,170.84712765184426,2.7128699067494892,1.0228674653432392,169.3930450467569,171.97299993605841,174.55295482535993,3.0004185427488923,0.7541587847126436,-0.18945582339114775,0.9436146081037914,169.99127032062054,167.28892620888735,64.10107609238105
2014-01-24 00:00:00+00:00,171.93699645996094,171.65293413246522,170.92785867466773,1.3461434005275805,-2.341860139511482,169.4849246760865,172.02157084147134,174.55821700685618,2.9492186973719896,0.7250754577974874,-0.17483132024504322,0.8999067780425306,169.99127032062054,167.28892620888735,64.10107609238105
2014-01-27 00:00:00+00:00,168.2790069580078,171.1338684133179,170.73164743639663,-0.24164194323256538,-2.4186438963575654,168.8433314704214,171.83723813011534,174.8311447898093,3.484584240613736,0.402220976921285,-0.39814864089699653,0.8003696178182815,169.29084667696318,167.37479380613894,59.72782004243452
2014-01-28 00:00:00+00:00,170.13699340820312,170.98050302791563,170.68759898986377,0.5844041839643523,-0.7266004547075227,168.70008950031746,171.67457144601005,174.64905339170264,3.4652562935076654,0.2929040380518586,-0.40597246381313834,0.698876501864997,169.29084667696318,167.37479380613894,59.72782004243452
2014-01-29 00:00:00+00:00,171.0489959716797,170.99104040387934,170.71436913666494,0.6876236611866204,-1.844374019477442,168.6584069193292,171.58033316476005,174.5022594101909,3.4058987898398274,0.2766712672143967,-0.3377641877204802,0.614435454934877,169.29084667696318,167.37479380613894,59.72782004243452
2014-01-30 00:00:00+00:00,169.36900329589844,170.74149623342075,170.61471240771928,-0.8677183891645939,-2.449719121586469,168.54558460521056,171.34552365257628,174.145462699942,3.2681788093197297,0.12678382570146596,-0.3901213033867288,0.5169051290881947,169.29084667696318,167.37479380613894,59.72782004243452
2014-01-31 00:00:00+00:00,169.5,170.55049681289447,170.5321411182586,-0.8421386768523575,-2.8721374561492325,168.6041286356323,171.10299973260788,173.60187082958348,2.9208968877000583,0.018355694635857844,-0.3988395475618695,0.41719524219772736,169.29084667696318,167.37479380613894,59.72782004243452
2014-02-03 00:00:00+00:00,167.9499969482422,170.15041991064027,170.34087117973888,-2.1508687383326333,-4.919865930715446,168.12758446745866,170.89095197405135,173.65431948064403,3.2340711719041573,-0.19045126909861665,-0.48611720903707517,0.2956659399384585,168.94389778464213,167.49982326240482,50.575627412755296
2014-02-04 00:00:00+00:00,164.93899536132812,169.34866228766916,169.94073223022698,-4.174725760500422,-6.058728446047297,166.85792816862948,170.5481422061012,174.23835624357292,4.327474916744892,-0.5920699425578277,-0.710188705997029,0.11811876343920127,168.94389778464213,167.49982326240482,50.575627412755296
2014-02-05 00:00:00+00:00,166.05299377441406,168.84163636255298,169.65275160387048,-3.629756608753297,-5.632747331409547,166.16377883735333,170.30990382603235,174.45602881471137,4.868918243197637,-0.8111152413175091,-0.7433872038053683,-0.06772803751214082,168.94389778464213,167.49982326240482,50.575627412755296
2014-02-06 00:00:00+00:00,165.60000610351562,168.34292401500878,169.35254823347384,-2.804544083083215,-4.302545181716027,165.46881841385098,170.01895141601562,174.56908441818027,5.352500958591401,-1.0096242184650634,-0.7535169447623381,-0.25610727370272535,168.94389778464213,167.49982326240482,50.575627412755296
2014-02-07 00:00:00+00:00,166.5,168.05939724346896,169.14124836432762,-1.1642433594448107,-2.9892555664760607,165.08510174652238,169.736570812407,174.3880398782916,5.480809519859359,-1.0818511208586585,-0.6605950777247466,-0.42125604313391196,168.94389778464213,167.49982326240482,50.575627412755296
2014-02-10 00:00:00+00:00,168.22300720214844,168.08456800634272,169.0732305004625,-0.865237946751563,-1.902225251439063,165.0265928105636,169.52357119605654,174.02054958154946,5.305431396666486,-0.9886624941197795,-0.45392516078869405,-0.5347373333310854,169.40493047296454,167.9037050605769,44.96757945014648
2014-02-11 00:00:00+00:00,167.5570068359375,168.00340474935732,168.9609176364236,-0.11692349579860206,-1.448924228220477,164.85224788625095,169.33928571428572,173.8263235423205,5.299464691974,-0.9575128870662866,-0.3382204429881609,-0.6192924440781257,169.40493047296454,167.9037050605769,44.96757945014648
2014-02-12 00:00:00+00:00,168.60000610351562,168.09518957307398,168.93418344880078,1.058812767019532,-0.592188209542968,164.82482806168065,169.32071431477866,173.81660056787666,5.310497621383584,-0.8389938757267998,-0.17576114531893938,-0.6632327304078605,169.40493047296454,167.9037050605769,44.96757945014648
2014-02-13 00:00:00+00:00,170.177001953125,168.41546840077413,169.02624407875072,1.2597514046477158,0.21376141441334084,164.83616674566082,169.27295285179503,173.70973895792923,5.242167790407465,-0.6107756779765907,0.04196564194501584,-0.6527413199216066,169.40493047296454,167.9037050605769,44.96757945014648
2014-02-14 00:00:00+00:00,170.17300415039062,168.68585851609976,169.11118926924257,1.4618087776324273,-0.004194640336322664,164.84652407176563,169.23023841494606,173.6139527581265,5.180769564871415,-0.4253307531428163,0.1819284534230322,-0.6072592065658485,169.40493047296454,167.9037050605769,44.96757945014648
2014-02-17 00:00:00+00:00,170.1999969482422,168.91880289027551,169.1918416899092,1.8391641694657892,0.7461618501298517,164.84687127451417,169.21642848423548,173.5859856939568,5.164459797268896,-0.2730387996336958,0.2673763255457222,-0.540415125179418,169.78328474402062,168.28031766422774,41.964167563130985
2014-02-18 00:00:00+00:00,170.63400268554688,169.1826797818557,169.2986684303268,2.547324611665374,0.909324123384124,164.8594098359809,169.19314284551712,173.52687585505333,5.122823462760734,-0.11598864847110235,0.33954118136665257,-0.4555298298377549,169.78328474402062,168.28031766422774,41.964167563130985
2014-02-19 00:00:00+00:00,170.72500610351562,169.41996075441878,169.40432307278525,1.535679368621004,0.19568303073037896,164.87279613335156,169.17204793294272,173.47129973253388,5.082697587600666,0.015637681633535294,0.3769340091770322,-0.3612963275434969,169.78328474402062,168.28031766422774,41.964167563130985
2014-02-20 00:00:00+00:00,170.60299682617188,169.60196630391926,169.49311372118424,1.2468917719798185,-0.2061111577076815,164.9195804634065,169.11952427455358,173.31946808570066,4.966834940156014,0.10885258273501108,0.37611912822280635,-0.26726654548779527,169.78328474402062,168.28031766422774,41.964167563130985
2014-02-21 00:00:00+00:00,170.43899536132812,169.7307400050591,169.56317902786157,2.157814014130622,0.6108169438181221,165.16731036855313,168.98304821196058,172.79878605536803,4.516119082691953,0.1675609771975246,0.3478620181482559,-0.1803010409507313,169.78328474402062,168.28031766422774,41.964167563130985
2014-02-24 00:00:00+00:00,170.4949951171875,169.8483177146173,169.6322024418857,1.1067959712002278,0.21279877881741527,165.26549656505188,168.9143814813523,172.56326639765274,4.320395793774681,0.21611527273159936,0.3171330509458645,-0.10101777821426516,169.67619170109188,168.44913022865725,38.90675444611268
2014-02-25 00:00:00+00:00,170.68499755859375,169.97703769061368,169.71018726534555,1.345812490513822,0.3958155422716345,165.3165249482136,169.0289524623326,172.74137997645158,4.392652808927849,0.26685042526813163,0.2942945627859174,-0.027444137517785808,169.67619170109188,168.44913022865725,38.90675444611268
2014-02-26 00:00:00+00:00,170.31199645996094,170.0285698089748,169.75476572420595,1.168238426184672,0.2082317123174846,165.3141764231911,169.03728594098772,172.76039545878433,4.405074888739497,0.273804084768841,0.24099857782930145,0.032805506939539555,169.67619170109188,168.44913022865725,38.90675444611268
2014-02-27 00:00:00+00:00,170.47999572753906,170.09801995029238,169.8084864651936,0.8415074312907791,-0.7494807278889084,165.3381048533653,169.01019069126673,172.68227652916815,4.345401685995693,0.2895334850987865,0.20538238252739754,0.08415110257138896,169.67619170109188,168.44913022865725,38.90675444611268
2014-02-28 00:00:00+00:00,170.41799926757812,170.14724753756713,169.85363556166652,1.3413717625522281,-0.4506356837368344,165.34164588597932,169.06014288039435,172.7786398748094,4.399022656742664,0.2936119759006033,0.16756869866337146,0.12604327723723183,169.67619170109188,168.44913022865725,38.90675444611268
2014-03-03 00:00:00+00:00,169.48500061035156,170.04536339491858,169.82632926897654,0.13367744489065103,-0.6443224330390365,165.3412641110441,169.05942862374442,172.77759313644475,4.3986479109371714,0.21903412594204497,0.07439267896385052,0.14464144697819445,170.6707956880977,169.05068357629327,39.43933262308416
2014-03-04 00:00:00+00:00,169.02000427246094,169.8876158376174,169.76660149145687,0.5834046120587573,-0.7736052756365552,165.42524726929057,169.1103813534691,172.79551543764765,4.358258853991931,0.12101434616053552,-0.018901680654127145,0.13991602681466267,170.6707956880977,169.05068357629327,39.43933262308416
2014-03-05 00:00:00+00:00,170.24899291992188,169.9432123118181,169.80233418986168,1.5576664204898805,0.33766519978675547,166.16057804524866,169.36323838006882,172.565898714889,3.7820017678606987,0.1408781219564048,0.000769676113393708,0.1401084458430111,170.6707956880977,169.05068357629327,39.43933262308416
2014-03-06 00:00:00+00:00,171.06300354003906,170.11548788539054,169.89571710468962,2.558277646286939,1.1562848484353765,166.68761973379355,169.60181027367003,172.5160008135465,3.4365087674171932,0.21977078070091238,0.06372986788632101,0.15604091281459137,170.6707956880977,169.05068357629327,39.43933262308416
2014-03-07 00:00:00+00:00,172.47000122070312,170.47772070620786,170.0864048169869,3.4225978685599614,1.9395961595755864,167.36360604166342,169.92895289829798,172.49429975493254,3.0193169708636,0.39131588922094807,0.18821998112508537,0.2030959080958627,170.6707956880977,169.05068357629327,39.43933262308416
2014-03-10 00:00:00+00:00,172.60000610351562,170.80422615194752,170.27259750487792,2.577408598637703,1.258408354497078,167.90363793653154,170.2194293794178,172.53522082230404,2.720948426779613,0.5316286470695957,0.26282619117898637,0.2688024558906093,169.9968644837969,168.99330050470783,37.1653983342547
2014-03-11 00:00:00+00:00,171.78399658203125,170.95496006426808,170.38455299207448,1.7304525010895873,0.9844503038239623,168.16302801379297,170.38900030226935,172.61497259074574,2.6128121938945816,0.5704070721936034,0.24128369304239528,0.32912337915120815,169.9968644837969,168.99330050470783,37.1653983342547
2014-03-12 00:00:00+00:00,170.89599609375,170.94588868418836,170.42243766627266,1.0155658737664055,-0.242444990491407,168.71084560129773,170.5479997907366,172.3851539801755,2.154413058720215,0.5234510179157041,0.1554621110115968,0.36798890690410735,169.9968644837969,168.99330050470783,37.1653983342547
2014-03-13 00:00:00+00:00,170.822998046875,170.926982432294,170.45210880557653,1.0848937579000335,-0.0671142987405915,169.03462172945893,170.6538565499442,172.27309137042948,1.897683243989723,0.474873626717482,0.08550777585069974,0.38936585086678227,169.9968644837969,168.99330050470783,37.1653983342547
2014-03-14 00:00:00+00:00,169.16299438476562,170.6555996557512,170.35661884847943,-1.1166133553153657,-2.3966121346122407,168.87564316523245,170.6055704752604,172.33549778528837,2.027984555497053,0.2989808072717608,-0.07230803487601717,0.37128884214777796,169.9968644837969,168.99330050470783,37.1653983342547
2014-03-17 00:00:00+00:00,168.625,170.34319970871255,170.2283507856291,-0.6483489545744021,-1.7183562787931521,168.61288602663078,170.5318559919085,172.4508259571862,2.2505706680032422,0.11484892308345707,-0.2051519352514567,0.32000085833491376,169.50024425059118,168.92382954463238,34.886343136839045
2014-03-18 00:00:00+00:00,169.48399353027344,170.21101414279883,170.1732132111583,-0.5962173615489235,-2.3532058869395485,168.53155501345677,170.49776059105284,172.4639661686489,2.306429797998474,0.037800931640532554,-0.22575994135550498,0.26356087299603753,169.50024425059118,168.92382954463238,34.886343136839045
2014-03-19 00:00:00+00:00,168.3300018310547,169.92162763329972,170.03667903485433,-0.9766814762605804,-1.9686858707918304,168.2179399608346,170.38804626464844,172.55815256846228,2.5472518188784297,-0.11505140155460936,-0.30288981964051753,0.18783841808590815,169.50024425059118,168.92382954463238,34.886343136839045
2014-03-20 00:00:00+00:00,169.39300537109375,169.84030113142188,169.9889995042054,-0.3090068284241454,-1.289002555963208,168.12002398285892,170.32461765834265,172.52921133382637,2.5886964618420074,-0.14869837278351383,-0.26922943269553756,0.12053105991202374,169.50024425059118,168.92382954463238,34.886343136839045
2014-03-21 00:00:00+00:00,169.05999755859375,169.72025442790985,169.9201845452712,-0.8351778314040246,-1.800189428083712,167.98652253679654,170.25114150274368,172.51576046869081,2.6603274973174154,-0.19993011736136168,-0.25636894181870834,0.05643882445734666,169.50024425059118,168.92382954463238,34.886343136839045
2014-03-24 00:00:00+00:00,168.61099243164062,169.54959873617614,169.82320735166894,-0.4262041778408161,-1.5242113799892536,167.79684513369713,170.16409374418714,172.53134235467715,2.7823127175686846,-0.2736086154928046,-0.264037951960121,-0.009570663532683585,170.08583076178735,169.257140150282,35.83358136982849
2014-03-25 00:00:00+00:00,168.61000061035156,169.40504517835697,169.73334018564543,-0.5023373780282441,-1.3533353028329316,167.62263469246096,170.07433210100447,172.52602950954798,2.8830892683882303,-0.3282950072884603,-0.25497947500462137,-0.07331553228383893,170.08583076178735,169.257140150282,35.83358136982849
2014-03-26 00:00:00+00:00,169.07000732421875,169.35350089310495,169.68420441813234,-0.021210033366713787,-0.7882083243823388,167.52593848144326,169.99742780412947,172.46891712681568,2.9076784920932486,-0.3307035250273884,-0.20591039419483959,-0.12479313083254884,170.08583076178735,169.257140150282,35.83358136982849
2014-03-27 00:00:00+00:00,168.88999938964844,169.28219296949626,169.62537441602242,0.6646188701103881,-0.9713674580146119,167.41880347708414,169.9297136579241,172.44062383876408,2.955233816134761,-0.34318144652615956,-0.17471065255488857,-0.168470793971271,170.08583076178735,169.257140150282,35.83358136982849
2014-03-28 00:00:00+00:00,169.63800048828125,169.3369325877709,169.6263096806342,1.621691417998619,-0.07630662887638096,167.3882649721167,169.8896186465309,172.39097232094508,2.9446810162290835,-0.2893770928633046,-0.0967250391136269,-0.1926520537496777,170.08583076178735,169.257140150282,35.83358136982849
2014-03-31 00:00:00+01:00,171.28500366210938,169.6366358299768,169.7491759014842,2.2878266619923693,1.2208253192189318,167.36816192622928,169.93090457007997,172.49364721393067,3.0162172682295294,-0.11254007150739653,0.06408958579382493,-0.17662965730122146,170.49255375981136,169.5498343796502,38.507298600748335
2014-04-01 00:00:00+01:00,172.0,170.00023031767267,169.91590361248535,2.453099683413086,1.814092115053711,167.35106202077964,170.05066644577752,172.7502708707754,3.1750589179357136,0.08432670518732266,0.2087650899908353,-0.12443838480351263,170.49255375981136,169.5498343796502,38.507298600748335
2014-04-02 00:00:00+01:00,172.3459930419922,170.3611168906449,170.09591023689327,2.867087199630163,2.2140873217004753,167.38261467023412,170.20904686337425,173.0354790565144,3.3211303925682576,0.2652066537516191,0.3117160308441054,-0.04650937709248627,170.49255375981136,169.5498343796502,38.507298600748335
2014-04-03 00:00:00+01:00,172.68800354003906,170.71909945209015,170.2879171482374,2.827088344926665,1.8420877345751023,167.3077447576124,170.32519022623697,173.34263569486154,3.5431581959387284,0.4311823038527507,0.38215334475618956,0.04902895909656112,170.49255375981136,169.5498343796502,38.507298600748335
2014-04-04 00:00:00+01:00,172.41000366210938,170.97923856132388,170.44510874185755,2.0168968733768224,0.9498955306033849,167.25680609461568,170.38933308919272,173.52186008376975,3.676905047732382,0.5341298194663295,0.3880806882958147,0.14604913117051482,170.49255375981136,169.5498343796502,38.507298600748335
2014-04-07 00:00:00+01:00,171.26199340820312,171.0227393069976,170.5056187171424,1.0473750572716654,0.17437395863885286,167.31188539237908,170.3318089076451,173.3517324229111,3.5459301872422846,0.5171205898552103,0.2968571669477563,0.22026342290745393,170.2443695394185,169.57814391093345,36.36794100112018
2014-04-08 00:00:00+01:00,171.14599609375,171.0417018895749,170.55305407837258,0.9769447009242924,0.17195202514304242,167.39079692056492,170.2625703357515,173.13434375093806,3.373346719156813,0.4886478112023269,0.21470751063589838,0.27394030056642854,170.2443695394185,169.57814391093345,36.36794100112018
2014-04-09 00:00:00+01:00,170.73599243164062,170.9946696652773,170.56660506750356,0.4583888289808158,-0.10459945226918421,167.41286016423973,170.2126653762091,173.01247058817845,3.289773068039495,0.42806459777375494,0.12329943776586111,0.30476516000789383,170.2443695394185,169.57814391093345,36.36794100112018
2014-04-10 00:00:00+01:00,171.5399932861328,171.0785656069474,170.63870789851313,0.97928831730718,-0.537709973708445,167.4004834791045,170.2433319091797,173.08618033925487,3.3397471703523323,0.43985770843426053,0.10807403874109334,0.3317836696931672,170.2443695394185,169.57814391093345,36.36794100112018
2014-04-11 00:00:00+01:00,170.05999755859375,170.9218628302776,170.5958404659265,0.2951660038000625,-1.091842663192125,167.37523117362335,170.20699855259485,173.03876593156636,3.327439415596621,0.326022364351104,-0.004609044273650553,0.33063140862475454,170.2443695394185,169.57814391093345,36.36794100112018
2014-04-14 00:00:00+01:00,169.67799377441406,170.73049836014476,170.52785182211076,-0.03285670492326176,-0.9348495027748243,167.42756150573638,170.23152233305433,173.03548316037228,3.2942909619665643,0.2026465380340028,-0.10238789647260138,0.30503443450660417,170.8329111952243,169.92555113891953,35.44180358203803
2014-04-15 00:00:00+01:00,170.46200561523438,170.6891917840047,170.5229743253051,0.09302298914801099,-0.758966756945739,167.60789132160653,170.31899879092262,173.0301062602387,3.183564356956028,0.1662174586995775,-0.11105358064562132,0.2772710393451988,170.8329111952243,169.92555113891953,35.44180358203803
2014-04-16 00:00:00+01:00,170.36900329589844,170.63993201660372,170.51156906386757,1.5614289830074313,-0.14157394668006873,167.6758731670171,170.36114211309524,173.04641105917338,3.152442995827661,0.12836295273615406,-0.1191264692872358,0.24748942202338986,170.8329111952243,169.92555113891953,35.44180358203803
2014-04-17 00:00:00+01:00,171.6999969482422,170.8030189291635,170.59960075900642,1.3904047341576415,0.8933954568138915,167.94028537274812,170.52161807105654,173.10295076936495,3.027572371771386,0.20341817015707875,-0.03525700149304889,0.23867517165012764,170.8329111952243,169.92555113891953,35.44180358203803
2014-04-18 00:00:00+01:00,171.91400146484375,170.97393931926814,170.69696377425362,1.4470334181291946,1.0760312208635696,168.04699925706785,170.64166550409226,173.23633175111667,3.041069998185387,0.2769755450145226,0.030640298691515966,0.24633524632300663,170.8329111952243,169.92555113891953,35.44180358203803
2014-04-21 00:00:00+01:00,172.11399841308594,171.14933302600934,170.801929303056,1.6790735045611882,1.2970697203815007,168.2211453174045,170.78709411621094,173.35304291501737,3.0048509368751817,0.3474037229533451,0.08085478130427076,0.26654894164907433,171.09527250254538,170.16761456438638,35.698951152484625
2014-04-22 00:00:00+01:00,172.38999938964844,171.3402047742615,170.91956412428507,1.773429039777426,1.080435875714926,168.50900526496838,170.96704682849702,173.42508839202566,2.875456538702906,0.42064064997643413,0.12327336666188782,0.2973672833145463,171.09527250254538,170.16761456438638,35.698951152484625
2014-04-23 00:00:00+01:00,172.63499450683594,171.53940319465758,171.04663304151106,1.7183663481373799,0.3033730620045674,168.8420957890129,171.1587132045201,173.4753306200273,2.7069815753277475,0.49277015314652317,0.1563222958655815,0.3364478572809417,171.09527250254538,170.16761456438638,35.698951152484625
2014-04-24 00:00:00+01:00,171.98199462890625,171.607494184542,171.1159190850218,1.021074323181324,0.36708262396257396,169.1554368216216,171.29737926664808,173.43932171167455,2.5008467195429103,0.4915750995201904,0.12410179379139896,0.36747330572879144,171.09527250254538,170.16761456438638,35.698951152484625
2014-04-25 00:00:00+01:00,171.95799255371094,171.661417010568,171.1782948975173,1.0556986327561333,0.1997110839280083,169.57752463678653,171.44347417922248,173.30942372165842,2.176751901895464,0.4831221130506833,0.09251904585751347,0.39060306719316984,171.09527250254538,170.16761456438638,35.698951152484625
2014-04-28 00:00:00+01:00,171.57899475097656,171.64873666293855,171.2079763681439,1.3320169179889092,0.0610208242389092,169.8535850181099,171.53590247744606,173.21821993678222,1.9614756270132503,0.44076029479464296,0.04012578208117851,0.40063451271346445,171.5685147982464,170.50295525370953,36.95700711222336
2014-04-29 00:00:00+01:00,172.30999755859375,171.75046910842397,171.2896075674365,1.6003918222119466,0.9653973153760091,169.87508897353044,171.58471171061197,173.2943344476935,1.9927448314450227,0.4608615409874801,0.04818162261921255,0.41267991836826756,171.5685147982464,170.50295525370953,36.95700711222336
2014-04-30 00:00:00+01:00,172.52000427246094,171.86885913366044,171.38074806410498,1.2322585276918971,0.5312544993715846,169.86186683443782,171.6094738188244,173.35708080321098,2.036725532101571,0.48811106955545824,0.06034492094975252,0.4277661486057057,171.5685147982464,170.50295525370953,36.95700711222336
2014-05-01 00:00:00+01:00,172.49400329589844,171.96503515862014,171.4632114146082,1.459792735782429,0.916793468204304,169.85594452952526,171.61652192615327,173.37709932278128,2.0517574611908125,0.5018237440119435,0.05924607632499024,0.4425776676869533,171.5685147982464,170.50295525370953,36.95700711222336
2014-05-02 00:00:00+01:00,172.76300048828125,172.08779905549108,171.55949208673212,1.8455066925647543,0.8315143829944418,169.8505549619071,171.6200932094029,173.3896314568987,2.0621574250477694,0.5283069687589546,0.06858344085760104,0.4597235279013535,171.5685147982464,170.50295525370953,36.95700711222336
2014-05-05 00:00:00+01:00,172.47999572753906,172.14813700503692,171.62767754160672,0.8983234349557847,0.1363300267526597,169.84769640284614,171.62342616489954,173.39915592695294,2.06933261004502,0.5204594634301998,0.04858874842307703,0.47187071500712274,171.59901108620073,170.66824788348094,37.815611466486054
2014-05-06 00:00:00+01:00,172.27499389648438,172.167653449875,171.67562690122728,1.2383745636164747,0.5003679718195997,169.8828404282498,171.67166428338913,173.46048813852846,2.084005957076765,0.4920265486477149,0.016124666912473717,0.4759018817352412,171.59901108620073,170.66824788348094,37.815611466486054
2014-05-07 00:00:00+01:00,172.63900756835938,172.24016946810335,171.74698843212596,1.19301400928029,0.4000147417021651,169.92471790886572,171.74276006789435,173.560802226923,2.117168908092448,0.4931810359773863,0.013823323393716058,0.4793577125836702,171.59901108620073,170.66824788348094,37.815611466486054
2014-05-08 00:00:00+01:00,172.70599365234375,172.31183472721725,171.8180258558458,1.003980369740134,0.32197353380263394,170.03275682790732,171.8365696498326,173.64038247175787,2.0994516191763775,0.49380887137144214,0.01156092703021755,0.4822479443412246,171.59901108620073,170.66824788348094,37.815611466486054
2014-05-09 00:00:00+01:00,172.02000427246094,172.26693773417782,171.8329872200395,0.412007897147987,-0.6069892952348255,170.05906452450864,171.85942731584822,173.6597901071878,2.095157442868492,0.4339505141383029,-0.038637944162337345,0.4725884583006402,171.59901108620073,170.66824788348094,37.815611466486054
2014-05-12 00:00:00+01:00,171.7449951171875,172.18663887002546,171.82646928649493,0.6595231451456982,-0.1464766107136768,170.3268119270966,171.93966529482887,173.55251866256114,1.8760689861372875,0.36016958353053496,-0.08993509981608422,0.4501046833466192,171.32600698389945,170.68421229716893,34.12251310251936
2014-05-13 00:00:00+01:00,172.3820037841797,172.21669501066458,171.86761999002712,0.8423867238400646,0.05938196309787713,170.80433497092056,172.06842767624627,173.33252038157198,1.4692907030035172,0.3490750206374571,-0.08082373016732969,0.4298987508047868,171.32600698389945,170.68421229716893,34.12251310251936
2014-05-14 00:00:00+01:00,172.06700134277344,172.1936652156044,171.88238897911944,0.44260796912274714,-1.2923926412288154,171.10417152385594,172.14485604422433,173.1855405645927,1.2090800088746578,0.3112762364849573,-0.09489801145586363,0.4061742479408209,171.32600698389945,170.68421229716893,34.12251310251936
2014-05-15 00:00:00+01:00,170.7050018310547,171.96464007951982,171.79517511629982,-0.7921691348545039,-1.6001677920810664,171.22480259374078,172.16085597446985,173.09690935519893,1.0874172011178749,0.16946496322000826,-0.1893674277766501,0.35883239099665837,171.32600698389945,170.68421229716893,34.12251310251936
2014-05-16 00:00:00+01:00,170.47000122070312,171.73469563970187,171.69701408699635,-0.7210161621916598,-1.4770128662932223,170.93327336073094,172.10228474934897,173.271296137967,1.3585076924697288,0.037681552705521426,-0.2569206706329096,0.294602223338431,171.32600698389945,170.68421229716893,34.12251310251936
2014-05-19 00:00:00+01:00,170.80799865722656,171.59212687316722,171.6311610921986,-0.6681636556751585,-1.5911678060657835,170.75817642850362,172.04961794898622,173.34105946946883,1.5012431133273745,-0.039034219031378825,-0.26690915389584785,0.22787493486446903,171.43133741960483,170.82103886771844,29.66465775586057
2014-05-20 00:00:00+01:00,170.66400146484375,171.44933834880976,171.55951963832047,-0.7285259859767166,-1.1975201266017166,170.56153452651168,171.9805704752604,173.39960642400914,1.6502282145329414,-0.11018128951070594,-0.27044497950013996,0.16026368998943402,171.43133741960483,170.82103886771844,29.66465775586057
2014-05-21 00:00:00+01:00,170.49099731445312,171.30190126660105,171.4803698365525,-0.025368005497824697,-1.6413653199509497,170.35012307859364,171.89014180501303,173.43016053143242,1.7918639315177725,-0.17846856995146254,-0.27098580795271726,0.0925172380012547,171.43133741960483,170.82103886771844,29.66465775586057
2014-05-22 00:00:00+01:00,171.3730010986328,171.31283970229825,171.4724165967066,0.3815873095433915,-0.276417451198796,170.31265611450968,171.83004688081286,173.34743764711604,1.766153002746596,-0.1595768944083602,-0.20167530592769192,0.04209841151933172,171.43133741960483,170.82103886771844,29.66465775586057
2014-05-23 00:00:00+01:00,171.63900756835938,171.36301937399995,171.4847566686809,0.305236617451925,-0.19476338254807501,170.29583353825535,171.81371416364397,173.33159478903258,1.7668911155053761,-0.12173729468094052,-0.1310685649602178,0.00933127027927727,171.43133741960483,170.82103886771844,29.66465775586057
2014-05-26 00:00:00+01:00,171.6199951171875,171.40255410372112,171.49477433153322,0.2872233491308407,-0.03476761766603431,170.27903141620342,171.79761904761904,173.31620667903465,1.7678797178145869,-0.09222022781210626,-0.08124119847310682,-0.010979029338999437,171.13422270844748,170.7808894989205,24.79674842184938
2014-05-27 00:00:00+01:00,171.58700561523438,171.43093125933854,171.50160627847404,0.4613911580493948,-0.2046092081615427,170.27962874224679,171.7980005173456,173.3163722924444,1.7676245014801686,-0.070675019135507,-0.04775679183720605,-0.02291822729830095,171.13422270844748,170.7808894989205,24.79674842184938
2014-05-28 00:00:00+01:00,171.4149932861328,171.42847926346073,171.49519050126358,-0.028195262005766608,-1.625195384076079,170.2466740551957,171.75538126627603,173.26408847735635,1.7568092480797903,-0.06671123780284915,-0.03503440840363856,-0.03167682939921059,171.13422270844748,170.7808894989205,24.79674842184938
2014-05-29 00:00:00+01:00,170.00999450683594,171.21025083936462,171.38517598315784,-1.2061751286656488,-1.8721754948765863,169.99635903674567,171.63585699172248,173.27535494669928,1.9104375783853513,-0.17492514379321733,-0.11459865151520539,-0.06032649227801194,171.13422270844748,170.7808894989205,24.79674842184938
2014-05-30 00:00:00+01:00,170.08200073242188,171.03667389983497,171.28864448310333,-0.6066376471658259,-1.5286499762673884,169.8020424412107,171.52099972679503,173.23995701237936,2.004369480497848,-0.25197058326835986,-0.15331527279227833,-0.09865531047608153,171.13422270844748,170.7808894989205,24.79674842184938
2014-06-02 00:00:00+01:00,170.69500732421875,170.9841098112786,171.24467136022298,0.18933437708170686,-0.6646695291682931,169.76356122396254,171.42252386183966,173.0814864997168,1.9355246912759119,-0.26056154894436645,-0.12952499077462792,-0.13103655816973853,171.46615009990248,170.9736202680479,22.32438701212611
2014-06-03 00:00:00+01:00,171.4929962158203,171.06240002736195,171.26306579397092,0.5259356708728262,0.002940675755638722,169.78452808553666,171.37552388509116,172.96651968464565,1.856736322068102,-0.20066576660897795,-0.055703366751391536,-0.1449623998575864,171.46615009990248,170.9736202680479,22.32438701212611
2014-06-04 00:00:00+01:00,171.6529998779297,171.15326154283392,171.29194980019008,0.7660488570364805,0.05204434043491801,169.80048614619133,171.34590512230284,172.89132409841434,1.803858662403891,-0.13868825735616497,0.005019314001137143,-0.1437075713573021,171.46615009990248,170.9736202680479,22.32438701212611
2014-06-05 00:00:00+01:00,171.8730010986328,171.26399070526452,171.33499063711176,0.8500069214819916,0.25201497812261664,169.85429295604303,171.30942862374442,172.76456429144582,1.6988389715517487,-0.07099993184723985,0.0581661116080498,-0.12916604345528965,171.46615009990248,170.9736202680479,22.32438701212611
2014-06-06 00:00:00+01:00,172.13999938964844,171.39876127209283,171.39462091507744,0.9993762773053732,0.42538640914131065,169.91338552874888,171.28247651599702,172.65156750324516,1.5986352078699373,0.004140357015387508,0.10664512037654172,-0.10250476336115422,171.46615009990248,170.9736202680479,22.32438701212611
2014-06-09 00:00:00+01:00,172.1300048828125,171.51126028912662,171.44909380157634,0.950900094908036,0.5309019259627235,169.90658783091845,171.28771464029947,172.66884144968049,1.6126396598627664,0.062166487550285865,0.13173700072915207,-0.0695705131788662,172.0167654718751,171.27995968915826,23.470683693731534
2014-06-10 00:00:00+01:00,172.19000244140625,171.6156821587081,171.50397592304523,0.7220220017594556,-0.16497140644366937,169.88730195058716,171.30890546526228,172.7305089799374,1.659695986982296,0.11170623566286508,0.14502139907338502,-0.03331516341051994,172.0167654718751,171.27995968915826,23.470683693731534
2014-06-11 00:00:00+01:00,171.35000610351562,171.57480891944772,171.49257075122821,0.2914258308030355,-0.5225695305250895,169.92100309628677,171.259762718564,172.5985223408412,1.5634257586555746,0.08223816821950436,0.09244266530401944,-0.010204497084515079,172.0167654718751,171.27995968915826,23.470683693731534
2014-06-12 00:00:00+01:00,171.26499938964844,171.5271459148632,171.47571361333343,0.40429126947907434,-0.25472057134123816,169.93225928120086,171.22157214936755,172.51088501753424,1.5060168552148783,0.05143230152978617,0.049309438891441,0.0021228626383451733,172.0167654718751,171.27995968915826,23.470683693731534
2014-06-13 00:00:00+01:00,172.44000244140625,171.6675853804852,171.5471424154129,1.7878642984542807,0.8298564859542807,169.93781934524705,171.30419122605096,172.67056310685487,1.595257968908493,0.12044296507230001,0.09465608194716388,0.02578688312513614,172.0167654718751,171.27995968915826,23.470683693731534
2014-06-16 00:00:00+01:00,173.08999633789062,171.88641783547067,171.661427891152,1.47857149849645,1.04656466255895,169.91911496484607,171.42895289829798,172.93879083174988,1.7614736693254287,0.22498994431867914,0.1593624489548344,0.06562749536384474,172.59850811731778,171.6345359347361,26.392621061690512
2014-06-17 00:00:00+01:00,172.9600067138672,172.05158535522398,171.7576189150568,1.6673841367010027,1.0623884091619402,169.91567567362338,171.53142947242372,173.14718327122407,1.883915739255351,0.2939664401671678,0.18267115584265842,0.11129528432450936,172.59850811731778,171.6345359347361,26.392621061690512
2014-06-18 00:00:00+01:00,173.27999877929688,172.2405720358506,171.87038779388942,1.879612206110579,1.009617088923079,169.92751936636176,171.65600077311197,173.38448217986218,2.013889871563352,0.3701842419611694,0.20711116610932803,0.16307307585184136,172.59850811731778,171.6345359347361,26.392621061690512
2014-06-19 00:00:00+01:00,173.19000244140625,172.3866382520899,171.9681370270388,1.7508571135861928,1.0628688323361928,170.02064421098154,171.78452482677642,173.5484054425713,2.053596640993747,0.4185012250511022,0.20434251935940867,0.21415870569169354,172.59850811731778,171.6345359347361,26.392621061690512
2014-06-20 00:00:00+01:00,173.66299438476562,172.58300073404,172.09368201650005,1.975318227640571,1.4263222559608835,169.96910453821496,171.89357212611608,173.8180397140172,2.239138513555542,0.4893187175399589,0.22012800947861233,0.2691907080613466,172.59850811731778,171.6345359347361,26.392621061690512
2014-06-23 00:00:00+01:00,173.73500061035156,172.76023148424179,172.21526117160016,1.5987341897279634,0.9597418801576509,169.9203973761641,171.9933813185919,174.0663652610197,2.4105392039335745,0.5449703126416239,0.2206236836642218,0.3243466289774021,172.66367419409727,171.80017456515327,27.25048951364161
2014-06-24 00:00:00+01:00,173.43099975585938,172.8634266029522,172.30531588154528,1.3916903440406543,0.6436892454078418,169.92680180200068,172.0796196347191,174.23243746743753,2.5021183069654693,0.558110721406905,0.18701127394360234,0.37109944746330265,172.66367419409727,171.80017456515327,27.25048951364161
2014-06-25 00:00:00+01:00,173.03799438476562,172.89028318476963,172.35958836326532,0.735412857437808,0.34941127052374554,169.9705833257391,172.14871433803015,174.32684535032118,2.5305225434493437,0.5306948215043121,0.1276762992328076,0.40301852227150453,172.66367419409727,171.80017456515327,27.25048951364161
2014-06-26 00:00:00+01:00,172.91799926757812,172.8945471975094,172.40095213395514,1.0230438377245434,0.20604249495110594,170.04452270567916,172.22028605143228,174.3960493971854,2.5267213237624637,0.49359506355426674,0.07246123302620977,0.421133830528057,172.66367419409727,171.80017456515327,27.25048951364161
2014-06-27 00:00:00+01:00,173.0240020751953,172.91446333253802,172.4471039814544,0.6168913798737208,-0.00310373731377922,170.4031881131751,172.36381022135416,174.3244323295332,2.274981164156408,0.4673593510836156,0.036980416444446884,0.4303789346391687,172.66367419409727,171.80017456515327,27.25048951364161
2014-06-30 00:00:00+01:00,172.75900268554688,172.890546309924,172.47020758916497,0.8477855748975287,-0.0952075891649713,170.81288174643706,172.4912865048363,174.16969126323553,1.9460748335854983,0.4203387207590197,-0.008032171104119246,0.4283708918631389,173.49911551904663,172.28157793712356,31.570185647579066
2014-07-01 00:00:00+01:00,173.27000427246094,172.9489244580066,172.52945178792763,1.665555536291123,0.750546991369248,171.11130369734357,172.61390540713356,174.11650711692354,1.740997292478718,0.41947267007896016,-0.007118577427343009,0.4265912475063032,173.49911551904663,172.28157793712356,31.570185647579066
2014-07-02 00:00:00+01:00,174.12100219726562,173.1292441102003,172.64734441084155,2.0876561995100076,1.3326513166975076,171.1935765848298,172.73904854910714,174.28452051338448,1.7893718614966032,0.4818996993587348,0.044246761481945285,0.4376529378767895,173.49911551904663,172.28157793712356,31.570185647579066
2014-07-03 00:00:00+01:00,174.7469940185547,173.37812871148557,172.8028740114129,2.5071235471808393,1.6971259885870893,171.1996809895034,172.88638160342262,174.57308221734183,1.9512243801692506,0.5752547000726622,0.11008140975669817,0.46517329031596405,173.49911551904663,172.28157793712356,31.570185647579066
2014-07-04 00:00:00+01:00,175.2729949951172,173.66964660127505,172.98584593613174,2.3421569935557613,1.8141571156260738,171.14317796550742,173.04828607468377,174.95339418386013,2.2018225691691065,0.6838006651433091,0.174901899861876,0.5088987652814331,173.49911551904663,172.28157793712356,31.570185647579066
2014-07-07 00:00:00+01:00,175.16200256347656,173.89923982622912,173.14704272334248,2.0269532483372075,1.1129517834934575,171.13295047336598,173.19219098772322,175.25143150208046,2.3779830979829937,0.7521971028866403,0.1946386700841658,0.5575584328024745,173.51241083431233,172.46120986965502,35.16993242586029
2014-07-08 00:00:00+01:00,174.41000366210938,173.97781887790302,173.24059538547337,1.2854055910891304,0.48340363796413044,171.23656593200258,173.3007623581659,175.36495878432925,2.3822127474513906,0.7372234924296492,0.14373204770173975,0.5934914447279095,173.51241083431233,172.46120986965502,35.16993242586029
2014-07-09 00:00:00+01:00,173.89500427246094,173.96507816937347,173.2890701178428,1.0899276848915633,0.5009231682900008,171.3653236286518,173.38195292154947,175.39858221444715,2.3262274520695296,0.6760080515306583,0.06601328544219909,0.6099947660884593,173.51241083431233,172.46120986965502,35.16993242586029
2014-07-10 00:00:00+01:00,174.21099853515625,174.0029120718016,173.3573611117179,0.9476315640633572,-0.38235500820226775,171.6914370654332,173.51819065638952,175.34494424734584,2.105547071515695,0.6455509600837104,0.02844495519620094,0.6171060048875094,173.51241083431233,172.46120986965502,35.16993242586029
2014-07-11 00:00:00+01:00,173.48599243164062,173.9233859733153,173.3668893576381,0.4061056374791008,-0.17188203341933672,172.09900597294458,173.62395222981772,175.14889848669085,1.7566081606697186,0.5564966156772186,-0.048487511368232594,0.6049841270454512,173.51241083431233,172.46120986965502,35.16993242586029
2014-07-14 00:00:00+01:00,173.52999877929688,173.86286486654325,173.37897153702022,0.5850329795813423,-0.03897519912959524,172.24429522958073,173.6758568173363,175.10741840509186,1.6485441488406913,0.48389332952302766,-0.09687263801793888,0.5807659675409665,173.40827287228896,172.56675088088176,36.0007538326737
2014-07-15 00:00:00+01:00,173.47000122070312,173.80242430564476,173.3857144765523,1.1482821054789554,-0.10571569725541963,172.28301185852968,173.69395228794642,175.10489271736316,1.6246281587026257,0.41670982909246845,-0.13124491075879852,0.547954739851267,173.40827287228896,172.56675088088176,36.0007538326737
2014-07-16 00:00:00+01:00,174.28199768066406,173.8762048248785,173.45210582500502,0.9478880714793547,0.6008879494090422,172.36472526362968,173.75690423874627,175.14908321386287,1.602444497058609,0.424098999873479,-0.09908459198223041,0.5231835918557094,173.40827287228896,172.56675088088176,36.0007538326737
2014-07-17 00:00:00+01:00,174.16299438476562,173.92032629563036,173.50476423683915,0.7032283168717868,-0.3367649692610257,172.4136069412253,173.7989516485305,175.1842963558357,1.594192248186564,0.41556205879120967,-0.08609722645159978,0.5016592852428094,173.40827287228896,172.56675088088176,36.0007538326737
2014-07-18 00:00:00+01:00,173.0030059814453,173.77920009344805,173.46759695866183,0.10939889094754562,-0.8015965924508919,172.38687106444448,173.79004705519904,175.1932230459536,1.6147944195088302,0.3116031347862247,-0.1520449203652678,0.4636480551514925,173.40827287228896,172.56675088088176,36.0007538326737
2014-07-21 00:00:00+01:00,173.16000366210938,173.68393910401133,173.4448122700283,-0.2638125141689329,-0.6678194721767454,172.3381092075069,173.76609511602493,175.19408102454295,1.6435725364773237,0.23912683398302192,-0.17961697693477646,0.4187438109177984,173.19884817462494,172.59721486636963,36.07774464185218
2014-07-22 00:00:00+01:00,173.125,173.59794847262498,173.42112247224844,0.03687008146249582,-0.4471234488109417,172.28313178883965,173.73704746791296,175.19096314698626,1.6736967736738182,0.17682600037653629,-0.1935342484330097,0.370360248809546,173.19884817462494,172.59721486636963,36.07774464185218
2014-07-23 00:00:00+01:00,173.14999389648438,173.52903238398795,173.4010388740437,-0.08203862990308153,-0.817039240254644,172.2536465930389,173.72366623651413,175.19368587998937,1.6923654391151268,0.12799350994424685,-0.1938933910922393,0.32188690103648615,173.19884817462494,172.59721486636963,36.07774464185218
2014-07-24 00:00:00+01:00,172.96400451660156,173.44210501977466,173.3686659586776,-0.3286726725447977,-0.7386610758651102,172.24322800724144,173.7201429094587,175.19705781167596,1.7003381156404114,0.0734390610970479,-0.1987582719515506,0.2721973330485985,173.19884817462494,172.59721486636963,36.07774464185218
2014-07-25 00:00:00+01:00,172.90199279785156,173.3590108317865,173.33409757639419,-0.19710416819106058,-0.6621005060816856,172.24079510918824,173.7193806966146,175.19796628404094,1.7022690059073715,0.024913255392306155,-0.19782726212503388,0.22274051751734003,173.19884817462494,172.59721486636963,36.07774464185218
2014-07-28 00:00:00+01:00,172.78900146484375,173.27131708302608,173.2937200866497,-0.2337225280559494,-0.5537145934856369,172.2053639748833,173.70819019135973,175.21101640783615,1.7302882665703718,-0.022403003623622908,-0.19611481691277036,0.17371181328914745,172.9658987830833,172.58332702831683,37.85322794432244
2014-07-29 00:00:00+01:00,172.93299865722656,173.21926809444153,173.2669999807665,-0.06300522978995104,-0.5549943655321385,172.23287788680128,173.71647571382067,175.20007354084007,1.7080680700240127,-0.04773188632498204,-0.1771549596913036,0.12942307336632156,172.9658987830833,172.58332702831683,37.85322794432244
2014-07-30 00:00:00+01:00,172.97999572753906,173.18245696107192,173.24574040645336,0.7122521472575727,-0.3587469982502398,172.19745962960062,173.70266578311012,175.20787193661963,1.7330835387281234,-0.06328344538144393,-0.1541652149982124,0.09088176961676846,172.9658987830833,172.58332702831683,37.85322794432244
2014-07-31 00:00:00+01:00,173.8800048828125,173.28977202595507,173.29272296025775,0.6552750866172516,0.09327862665631415,172.1952703622008,173.69118972051712,175.18710907883343,1.7225045907318235,-0.0029509343026745682,-0.07506616313555442,0.07211522883287985,172.9658987830833,172.58332702831683,37.85322794432244
2014-08-01 00:00:00+01:00,173.59100341796875,173.3361153170341,173.31481780897707,0.5111862193432444,-0.9468215931567556,172.2165518715581,173.63614254906065,175.0557332265632,1.6351327052793188,0.02129750805704589,-0.04065417662066717,0.06195168467771306,172.9658987830833,172.58332702831683,37.85322794432244
2014-08-04 00:00:00+01:00,172.6009979248047,173.22302033361422,173.26194226200133,-0.39594494754820175,-0.8219398205950768,172.22662560285994,173.50890459333147,174.791183583803,1.4780555424252357,-0.03892192838711139,-0.08069889045185956,0.041776962064748166,172.4345971949071,172.41027945549368,33.379607669463915
2014-08-05 00:00:00+01:00,172.92999267578125,173.17793915548606,173.2373534037628,0.24863902787782877,-0.47735889692685873,172.33380231260878,173.40261840820312,174.47143450379747,1.2327565816546873,-0.059414248276738135,-0.08095296827318904,0.021538719996450906,172.4345971949071,172.41027945549368,33.379607669463915
2014-08-06 00:00:00+01:00,173.13699340820312,173.17163980975022,173.22991933001762,-0.07191456927543527,-1.0929259218144978,172.36844441348538,173.34199887230284,174.3155533311203,1.1232759113787032,-0.058279520267404905,-0.06385459221108465,0.005575071943679743,172.4345971949071,172.41027945549368,33.379607669463915
2014-08-07 00:00:00+01:00,172.09800720214844,173.00646556242685,173.1460739872125,-0.5560776493218782,-1.2590805790093782,172.1817030391659,173.25642758324034,174.33115212731477,1.24061722738463,-0.13960842478564928,-0.11614679738346322,-0.02346162740218606,172.4345971949071,172.41027945549368,33.379607669463915
2014-08-08 00:00:00+01:00,171.83200073242188,172.825778665503,173.04873522759837,-1.2027421856061835,-2.353727903379621,171.9957057112732,173.1431419735863,174.2905782358994,1.3254192447173603,-0.2229565620953622,-0.1595959477545409,-0.0633606143408213,172.4345971949071,172.41027945549368,33.379607669463915
2014-08-11 00:00:00+01:00,171.3679962158203,172.6015044424749,172.92423604154072,-1.4342305483766609,-1.7182423891969734,171.68076039395316,173.0422850109282,174.40380962790323,1.5736322678460324,-0.3227315990658326,-0.20749678778000905,-0.11523481128582355,172.01106528488597,172.2322397425437,30.763062527290142
2014-08-12 00:00:00+01:00,171.56100463867188,172.44142754958213,172.8232559376245,-1.0432571583276342,-1.4632553272729467,171.46824706198558,172.94852338518416,174.42879970838274,1.711811461843785,-0.3818283880423792,-0.2132748614052445,-0.1685535266371347,172.01106528488597,172.2322397425437,30.763062527290142
2014-08-13 00:00:00+01:00,171.85800170898438,172.3516697279517,172.7517556243919,-0.3227547698997171,-1.891755014040342,171.34128054961354,172.87176150367372,174.4022424577339,1.7706546641831453,-0.40008589644020276,-0.18522589584245447,-0.2148600005977483,172.01106528488597,172.2322397425437,30.763062527290142
2014-08-14 00:00:00+01:00,170.87600708007812,172.12464470520192,172.61281128777608,-1.3998138512526452,-1.9628173912917077,171.0918538192788,172.7095714750744,174.32728913086999,1.873338740845707,-0.48816658257416634,-0.21864526558113445,-0.2695213169930319,172.01106528488597,172.2322397425437,30.763062527290142
2014-08-15 00:00:00+01:00,171.02200317382812,171.95500754652903,172.49497364970586,-1.0729765793933552,-2.0869688889636677,170.92671851859973,172.56000046502976,174.1932824114598,1.8930017872375065,-0.5399661031768233,-0.2163558289470331,-0.32361027422979016,172.01106528488597,172.2322397425437,30.763062527290142
2014-08-18 00:00:00+01:00,171.21600341796875,171.8413146036736,172.40023511402163,-0.8052338933185013,-1.3802308415606888,170.75870994391335,172.4749051048642,174.19110026581507,1.9900810032710778,-0.558920510348031,-0.18824818889459272,-0.3706723214534383,172.146379338687,172.25863512879303,25.70981481403857
2014-08-19 00:00:00+01:00,171.5749969482422,171.80034265668414,172.33910636100092,-0.721110145180603,-1.647105018227478,170.67102142859576,172.39942859468005,174.12783576076433,2.0051193674752317,-0.5387637043167786,-0.13447310629067222,-0.40429059802610634,172.146379338687,172.25863512879303,25.70981481403857
2014-08-20 00:00:00+01:00,171.05999755859375,171.68644341082407,172.2443575608226,-0.09035060281479446,-1.2543520676585445,170.51499178784098,172.30109514508928,174.08719850233757,2.07323506068754,-0.5579141499985383,-0.12289884157794556,-0.4350153084205927,172.146379338687,172.25863512879303,25.70981481403857
2014-08-21 00:00:00+01:00,172.10800170898438,171.75129853361796,172.23425712735312,0.14873847811563223,-0.35625114590780527,170.50500677719114,172.25147646949404,173.99794616179693,2.0278139010462386,-0.48295859373516237,-0.0383546282516557,-0.44460396548350667,172.146379338687,172.25863512879303,25.70981481403857
2014-08-22 00:00:00+01:00,172.13999938964844,171.81109866531494,172.22727507270832,0.387730420455739,-0.6272689691926985,170.4947804655289,172.21223813011534,173.9296957947018,1.9945825955630618,-0.4161764073933796,0.02274204647210165,-0.43891845386548123,172.146379338687,172.25863512879303,25.70981481403857
2014-08-25 00:00:00+01:00,172.4029998779297,171.9021603903326,172.24029172494696,0.4397009508342933,0.05270754263116828,170.49622581869767,172.1884765625,173.88072730630233,1.9655795528083315,-0.33813133461435996,0.08062969540089704,-0.418761030015257,172.34458533060905,172.32754401245876,21.498775052995597
2014-08-26 00:00:00+01:00,172.42999267578125,171.9833653573247,172.25434364723097,0.2956594045268446,-0.15134682105909292,170.49657866150986,172.17138090587798,173.8461831502461,1.9455059668525263,-0.2709782899062816,0.11822619208718033,-0.3892044819934619,172.34458533060905,172.32754401245876,21.498775052995597
2014-08-27 00:00:00+01:00,172.22900390625,172.0211559033132,172.25246662938054,0.2775321499163397,-0.21247334324772282,170.49754890671983,172.13785734630767,173.7781657858955,1.9058078970831633,-0.23131072606733483,0.12631500474090168,-0.3576257308082365,172.34458533060905,172.32754401245876,21.498775052995597
2014-08-28 00:00:00+01:00,172.14999389648438,172.04097713303184,172.24487605657342,0.0231293145203324,-0.5888701971984176,170.50167878225696,172.09833344959077,173.69498811692458,1.8555143856770513,-0.20389892354157269,0.12298144581333104,-0.3268803693549037,172.34458533060905,172.32754401245876,21.498775052995597
2014-08-29 00:00:00+01:00,171.99899291992188,172.03451802332262,172.22666249089554,0.31934275812790247,-0.29666981511428503,170.62512327887103,172.00876145135788,173.39239962384474,1.608799645799591,-0.19214446757291626,0.10778872142558998,-0.29993318899850624,172.34458533060905,172.32754401245876,21.498775052995597
2014-09-01 00:00:00+01:00,172.77999877929688,172.14920737039557,172.26765036411044,1.1243479269051875,0.480350734522375,170.7271899691583,171.9701421828497,173.21309439654112,1.4455442065865405,-0.118442993714865,0.145192156226913,-0.263635149941778,171.750389040393,172.0753229335305,24.934593111859645
2014-09-02 00:00:00+01:00,173.34800720214844,172.33363811374215,172.3476767965577,1.5783180764891824,0.9023232034423074,170.65453508960422,172.0057140531994,173.35689301679457,1.5710861363329711,-0.01403868281553855,0.19967717370099156,-0.2137158565165301,171.750389040393,172.0753229335305,24.934593111859645
2014-09-03 00:00:00+01:00,173.302001953125,172.4826171659549,172.41836754889601,0.8916300096977352,0.061628178643047704,170.61567302465403,172.02342878069197,173.43118453672992,1.636702356203646,0.06424961705889132,0.22237237886033712,-0.1581227618014458,171.750389040393,172.0753229335305,24.934593111859645
2014-09-04 00:00:00+01:00,172.60000610351562,172.5006770025027,172.4318222566456,0.3211837247997096,-0.4728226228565404,170.65387599588445,171.99785795665923,173.34183991743402,1.5627891844018733,0.06885474585709517,0.18158200612683278,-0.1127272602697376,171.750389040393,172.0753229335305,24.934593111859645
2014-09-05 00:00:00+01:00,172.02499389648438,172.4274949861922,172.40168682255958,-0.2996818176767704,-1.4346915833017704,170.65107589365977,171.99438113257997,173.33768637150018,1.562033864216456,0.025808163632603964,0.11082833912187325,-0.08502017548926928,171.750389040393,172.0753229335305,24.934593111859645
2014-09-08 00:00:00+01:00,170.5290069580078,172.13541990493306,172.26296979555576,-1.6369627154776367,-2.9129636920401367,170.45143518526947,171.93233380998885,173.41323243470822,1.7226528505754934,-0.12754989062270283,-0.03402377210674684,-0.09352611851595599,172.65359493155105,172.41599204500716,23.357455313884447
2014-09-09 00:00:00+01:00,170.8000030517578,171.92997115829073,172.15460188860777,-0.6546018886077718,-1.5626066493499593,170.36460625756203,171.90528651646204,173.44596677536205,1.7924757174381274,-0.2246307303170454,-0.10488368944087152,-0.11974704087617387,172.65359493155105,172.41599204500716,23.357455313884447
2014-09-10 00:00:00+01:00,171.05999755859375,171.79612906602966,172.07352008638452,0.29348430814673065,-1.0035127621657693,170.30505991965074,171.88142903645834,173.45779815326594,1.8342518160856447,-0.2773910203548553,-0.12611518358294516,-0.15127583677191014,172.65359493155105,172.41599204500716,23.357455313884447
2014-09-11 00:00:00+01:00,173.05499267578125,171.98980039060683,172.14622175967315,1.9437745782174716,0.6257814141549716,170.28489515071593,171.9384286063058,173.59196206189566,1.9234018468041565,-0.1564213690663223,-0.004116425835529736,-0.15230494323079258,172.65359493155105,172.41599204500716,23.357455313884447
2014-09-12 00:00:00+01:00,174.0399932861328,172.30521468222622,172.2865011320035,2.045499600418367,1.5514963045199295,170.28088386706128,172.08909461611793,173.8973053651746,2.101482087624741,0.018713550222713593,0.13681479476280495,-0.11810124454009134,172.65359493155105,172.41599204500716,23.357455313884447
2014-09-15 00:00:00+01:00,174.49000549316406,172.64133634544743,172.44972367727465,2.06527571237379,1.3782792524128524,170.24385928280194,172.25423758370536,174.2646158846088,2.334198948140827,0.19161266817278033,0.24777113017029734,-0.056158461997517,174.30239865553924,173.15656548193695,28.45073497109551
2014-09-16 00:00:00+01:00,173.85800170898438,172.8285156321454,172.5540405685124,1.6269591873469835,0.5059569900813585,170.31536669129005,172.38004702613466,174.44472736097927,2.395498052662188,0.27447506363301954,0.26450682050442925,0.009968243128590314,174.30239865553924,173.15656548193695,28.45073497109551
2014-09-17 00:00:00+01:00,174.25799560546875,173.04843562804132,172.68025946013879,3.0367357791190273,1.5367357791190273,170.3292968785916,172.50780886695497,174.68632085531834,2.5256966657590847,0.3681761679025328,0.286566339819154,0.08160982808337883,174.30239865553924,173.15656548193695,28.45073497109551
2014-09-18 00:00:00+01:00,176.55099487304688,173.5872908965037,172.96698060183567,5.382018421601828,3.243026112031515,170.08843637248998,172.76928492954798,175.45013348660598,3.1033856025406346,0.6203102946680303,0.4309603732677212,0.18934992140030915,174.30239865553924,173.15656548193695,28.45073497109551
2014-09-19 00:00:00+01:00,178.822998046875,174.39278430425313,173.40075967183859,7.2492342246457895,4.1592378867551645,169.39105672106402,173.08904665992372,176.78703659878343,4.272933510489919,0.992024632414541,0.6421397688113855,0.3498848636031555,174.30239865553924,173.15656548193695,28.45073497109551
2014-09-22 00:00:00+01:00,177.77699279785156,174.91343176480675,173.72492508858028,4.585072470013472,3.9500779631775345,169.1859740960885,173.3574749174572,177.52897573882592,4.812599887434836,1.188506676226467,0.6708974500986493,0.5176092261278178,175.4422658110496,173.80877043052743,32.695134685438056
2014-09-23 00:00:00+01:00,178.031005859375,175.39305854858648,174.04389403456508,4.225103157817728,2.59309937363804,169.03189765787366,173.62547520228796,178.21905274670226,5.29136353874615,1.3491645140213961,0.6652442303148627,0.6839202837065335,175.4422658110496,173.80877043052743,32.695134685438056
2014-09-24 00:00:00+01:00,177.8769989013672,175.77520321824505,174.32782772840227,4.067176544058668,3.2941662901524182,168.98561577210643,173.88485645112536,178.7840971301443,5.635040082281097,1.4473754898427842,0.6107641649090005,0.8366113249337837,175.4422658110496,173.80877043052743,32.695134685438056
2014-09-25 00:00:00+01:00,178.38400268554688,176.17655698244533,174.6282851326352,3.8567154777163637,2.651713646661676,168.9825341507186,174.1779516310919,179.3733691114652,5.965643104331786,1.5482718498101349,0.569328419901081,0.9789434299090539,175.4422658110496,173.80877043052743,32.695134685438056
2014-09-26 00:00:00+01:00,177.35899353027344,176.3584702974958,174.83055982875655,3.2564457864778262,2.3214329690950137,169.14486948702773,174.4259992327009,179.70712897837404,6.05543871774256,1.5279104687392646,0.4391736310641685,1.088736837675096,175.4422658110496,173.80877043052743,32.695134685438056
2014-09-29 00:00:00+01:00,177.66200256347656,176.5590137230313,175.0402963276247,3.105699766125298,2.299700010265923,169.35974192524844,174.69566635858445,180.03159079192045,6.108822897052706,1.518717395406611,0.34398444618521196,1.1747329492213991,175.3895094013768,174.0195170235994,29.892850048282046
2014-09-30 00:00:00+01:00,177.63099670410156,176.7239341816575,175.2322000592156,2.8398061663703515,2.133797255237539,169.52288853174593,174.92666625976562,180.33044398778532,6.178335005819061,1.491734122441926,0.2536009385764215,1.2381331838655045,175.3895094013768,174.0195170235994,29.892850048282046
2014-10-01 00:00:00+01:00,177.7760009765625,176.8857906116429,175.42062975679684,2.695367557656283,1.7573640176172205,169.65166000686193,175.1375231061663,180.62338620547067,6.264634787576506,1.4651608548460615,0.1816221367844455,1.283538718061616,175.3895094013768,174.0195170235994,29.892850048282046
2014-10-02 00:00:00+01:00,176.50999450683594,176.827975826288,175.50132344198494,1.1106760697338132,-1.0833241744068118,169.838825696803,175.290284656343,180.741743615883,6.219921395218895,1.3266523843030598,0.03449093299315509,1.2921614513099047,175.3895094013768,174.0195170235994,29.892850048282046
2014-10-03 00:00:00+01:00,175.3249969482422,176.59674830658864,175.4882622202262,0.40173716942223336,-0.5242577036246416,170.10283897115704,175.42004612513952,180.737253279122,6.062257160951081,1.1084860863624328,-0.14694029195797742,1.2554263783204103,175.3895094013768,174.0195170235994,29.892850048282046
2014-10-06 00:00:00+01:00,175.2570037841797,176.39063376467956,175.47113196570425,-0.1681381912901827,-0.9201370926573702,170.47615701677853,175.5739513578869,180.67174569899527,5.807005312214126,0.9195017989753183,-0.2687396634760737,1.188241462451392,174.4713377698632,173.8217280926332,26.540129356195294
2014-10-07 00:00:00+01:00,174.98800659179688,176.17484496885146,175.43534490097036,-0.3053400181578638,-1.6073419712828638,171.20101871378645,175.7862846737816,180.37155063377676,5.21686429462269,0.7395000678810959,-0.3589931156562369,1.0984931835373328,174.4713377698632,173.8217280926332,26.540129356195294
2014-10-08 00:00:00+01:00,173.85699462890625,175.8182526088599,175.31843006600266,-1.0504246949089122,-1.8804265259635997,171.8193050651044,175.93185570126488,180.04440633742536,4.675163141737849,0.49982254285723116,-0.4789365125440813,0.9787590554013125,174.4713377698632,173.8217280926332,26.540129356195294
2014-10-09 00:00:00+01:00,174.73399353027344,175.6514435198466,175.27513847076347,-0.28414115631034065,-1.2461315127556531,172.56519861832325,176.10680789039247,179.6484171624617,4.022115118086171,0.376305049083129,-0.4819632050545468,0.8582682541376758,174.4713377698632,173.8217280926332,26.540129356195294
2014-10-10 00:00:00+01:00,173.77999877929688,175.3635289443774,175.16438738250667,-1.1973921432488623,-2.4373823776238623,172.7068800805649,176.1413319905599,179.5757839005549,3.8996547501742187,0.19914156187073218,-0.5273013538135549,0.7264429156842871,174.4713377698632,173.8217280926332,26.540129356195294
2014-10-13 00:00:00+01:00,172.7310028076172,174.95852492333736,174.9841366732556,-1.9971371615368412,-2.721136184974341,172.45213394895993,176.07899911063058,179.70586427230123,4.1195885710275855,-0.02561174991822668,-0.601643732482011,0.5760319825637843,173.76455782151035,173.6116237829434,28.52415182103419
2014-10-14 00:00:00+01:00,171.97999572753906,174.5002896624453,174.7616077143136,-2.2996020990792374,-4.827601977008925,171.98248834468598,175.95947483607702,179.93646132746807,4.520343670150171,-0.2613180518683009,-0.6698800275456682,0.40856197567736724,173.76455782151035,173.6116237829434,28.52415182103419
2014-10-15 00:00:00+01:00,170.53599548339844,173.89039825028425,174.44859940091249,-3.33260208645936,-5.313604894076548,171.27603971001022,175.80128406343005,180.32652841684987,5.148135723271611,-0.5582011506282356,-0.7734105010444823,0.21520935041624664,173.76455782151035,173.6116237829434,28.52415182103419
2014-10-16 00:00:00+01:00,169.44000244140625,173.20572197199533,174.07759221872683,-3.6315930732190225,-5.517594660133085,170.32577025107614,175.57185581752233,180.81794138396853,5.975998307950482,-0.871870246731504,-0.8696636777182005,-0.0022065690133035165,173.76455782151035,173.6116237829434,28.52415182103419
2014-10-17 00:00:00+01:00,171.24000549316406,172.90330405217514,173.86740060942589,-2.0614008535665107,-3.666396581105573,169.78205429681492,175.31895156133743,180.85584882585994,6.316370495274561,-0.9640965572507412,-0.7695119905899501,-0.19458456666079105,173.76455782151035,173.6116237829434,28.52415182103419
2014-10-20 00:00:00+01:00,172.4199981689453,172.82894930090902,173.76018561383472,-0.8021930601237841,-1.4931873228190966,169.5782965691847,175.01404680524553,180.44979704130637,6.211787379683538,-0.9312363129257051,-0.5893213970119312,-0.3419149159137739,173.8783728168793,173.6822493578968,27.447019808469836
2014-10-21 00:00:00+01:00,172.66700744628906,172.80403516942903,173.67920945327577,-0.9562022511273369,-1.8982035939007744,169.3943098959094,174.77071416945685,180.1471184430043,6.152523091865969,-0.8751742838467464,-0.42660749434637807,-0.4485667895003684,173.8783728168793,173.6822493578968,27.447019808469836
2014-10-22 00:00:00+01:00,172.4199981689453,172.74495255397,173.58593454332538,-0.9859284398097543,-2.488934421255067,169.2453831664236,174.50352332705543,179.76166348768726,6.026399995118712,-0.8409819893553845,-0.3139321598840129,-0.5270498294713716,173.8783728168793,173.6822493578968,27.447019808469836
2014-10-23 00:00:00+01:00,171.90499877929688,172.61572889632797,173.46142078302697,-0.05141712091759132,-1.7514140691597788,169.07686441357959,174.2191423688616,179.36142032414364,5.903229559464426,-0.8456918866990009,-0.2549136457821034,-0.5907782409168975,173.8783728168793,173.6822493578968,27.447019808469836
2014-10-24 00:00:00+01:00,173.31199645996094,172.72284698304074,173.4503523146517,0.529643412887367,-0.49435866230794545,169.17528333549492,173.97761826288132,178.77995319026772,5.520635326930431,-0.7275053316109563,-0.10938167255524711,-0.6181236590557092,173.8783728168793,173.6822493578968,27.447019808469836
2014-10-27 00:00:00+00:00,174.07000732421875,172.93010242014506,173.49625268573072,0.4947446287224011,-0.0992495119025989,169.26160496081215,173.82099987211683,178.3803947834215,5.246080640036712,-0.5661502655856623,0.041578714776037584,-0.6077289803616999,175.98424825975547,174.61278504184125,27.38493186218084
2014-10-28 00:00:00+00:00,173.85000610351562,173.07162606374052,173.5224566426037,1.1915478739978766,0.16754579880256415,169.4149897312871,173.6394762311663,177.8639627310455,4.865813456215602,-0.4508305788631617,0.12551872119883056,-0.5763493000619923,175.98424825975547,174.61278504184125,27.38493186218084
2014-10-29 00:00:00+00:00,174.49200439453125,173.2901458069391,173.59427499459832,1.0607237846985527,0.46572256399542766,169.63505015446475,173.49000040690103,177.34495065933731,4.444002816755935,-0.30412918765921404,0.21777608992222253,-0.5219052775814366,175.98424825975547,174.61278504184125,27.38493186218084
2014-10-30 00:00:00+00:00,174.1790008544922,173.42689273733188,173.63758802125713,0.9474186926100572,0.3494114904616197,169.9520101066254,173.31871468680245,176.6854192669795,3.8849867843306876,-0.21069528392524717,0.24896799492495153,-0.4596632788501987,175.98424825975547,174.61278504184125,27.38493186218084
2014-10-31 00:00:00+00:00,174.7100067138672,173.62429488756808,173.71702644293194,5.800978928161811,0.9439690404664987,170.11304015915672,173.23300098237536,176.352961805594,3.6020398024924325,-0.09273155536385502,0.29354537878907494,-0.38627693415292996,175.98424825975547,174.61278504184125,27.38493186218084
2014-11-03 00:00:00+00:00,180.23899841308594,174.6419415838016,174.20013547775815,8.247862569116847,5.439863911890285,169.22072553521826,173.46700105212983,177.7132765690414,4.8957732492711825,0.44180610604345816,0.6624664321571105,-0.22066032611365233,177.9501667678969,175.6512448621753,30.05698233902852
2014-11-04 00:00:00+00:00,181.58099365234375,175.709488055885,174.74686571291264,7.241140878884238,6.3621278173608005,168.327724367697,173.76814342680433,179.20856248591167,6.26169901089953,0.9626223429723666,0.9466261352688151,0.01599620770355148,177.9501667678969,175.6512448621753,30.05698233902852
2014-11-05 00:00:00+00:00,181.60699462890625,176.61679675942673,175.25502341039365,8.064983913825102,6.3579831814032275,167.70982235675706,174.08333333333334,180.45684430990963,7.322367804587401,1.3617733490330863,1.076621713063628,0.2851516359694584,177.9501667678969,175.6512448621753,30.05698233902852
2014-11-06 00:00:00+00:00,183.0279998779297,177.60313570073487,175.83079944502595,8.424205437786554,6.085200921184992,167.09788876238028,174.5200478690011,181.94220697562193,8.505795405456311,1.7723362557089217,1.1897476957915707,0.582588559917351,177.9501667678969,175.6512448621753,30.05698233902852
2014-11-07 00:00:00+00:00,182.43600463867188,178.34665399887902,176.32007390381455,6.395929514154204,5.159921823724517,166.73344545874977,174.88681030273438,183.04017514671898,9.324162102185845,2.0265800950644746,1.1551932281176989,0.8713868669467757,177.9501667678969,175.6512448621753,30.05698233902852
2014-11-10 00:00:00+00:00,181.89700317382812,178.8928615642558,176.7331797756674,5.36682632784823,4.3458149753091675,166.612679049405,175.2733343215216,183.9339895936382,9.882456228315352,2.159681788588415,1.0306359373133114,1.1290458512751036,179.69811125997813,176.7287813453132,32.306779973204954
2014-11-11 00:00:00+00:00,181.90899658203125,179.35688233622128,177.11657361317583,6.835422236433544,4.654422480574169,166.68825189183892,175.71038164411272,184.7325113963865,10.269318941606306,2.2403087230454446,0.8890102974162728,1.3512984256291718,179.69811125997813,176.7287813453132,32.306779973204954
2014-11-12 00:00:00+00:00,184.26800537109375,180.11243972620164,177.64630929894753,6.6426921658962215,4.3496928983180965,166.73896918817348,176.29552496047248,185.85208073277147,10.841518268193914,2.4661304272541145,0.8918656012999542,1.5742648259541603,179.69811125997813,176.7287813453132,32.306779973204954
2014-11-13 00:00:00+00:00,182.24899291992188,180.44114021754322,177.9872488264271,4.7547555681041445,3.674753737049457,167.33929434781248,176.85328674316406,186.36727913851564,10.759192063157203,2.453891391116116,0.7037012521295645,1.7501901389865515,179.69811125997813,176.7287813453132,32.306779973204954
2014-11-14 00:00:00+00:00,181.83599853515625,180.6557338048683,178.27234139744408,4.33465323146217,3.3266576259934197,168.31212243214512,177.44357227143786,186.5750221107306,10.292229492905202,2.3833924074242248,0.5065618147501385,1.8768305926740863,179.69811125997813,176.7287813453132,32.306779973204954
2014-11-17 00:00:00+00:00,183.1790008544922,181.04392873557967,178.6357976535217,4.381200637493919,2.4702051540954812,169.01065656086774,178.01209586007255,187.01353515927735,10.113289499473607,2.408131082057963,0.4250403915071015,1.9830906905508616,181.20540791355313,177.79895561322604,35.451035407453695
2014-11-18 00:00:00+00:00,182.40499877929688,181.25332412692077,178.91499773691245,4.299998600978171,3.3129990892594208,169.6648262185259,178.4875720796131,187.31031794070032,9.88611784931658,2.3383263900083193,0.28418855956596634,2.054137830442353,181.20540791355313,177.79895561322604,35.451035407453695
2014-11-19 00:00:00+00:00,182.63999938964844,181.46665878272503,179.19092378526327,5.346078778213297,3.346078778213297,170.373536768828,178.9624764578683,187.5514161469086,9.598592798934952,2.275734997461768,0.177277733615532,2.098457263846236,181.20540791355313,177.79895561322604,35.451035407453695
2014-11-20 00:00:00+00:00,185.13699340820312,182.0313256481832,179.6313733869625,6.462620753662492,5.355626124756242,171.11750259449863,179.56804765973772,188.0185927249768,9.412081019282411,2.3999522612207045,0.2411959978995748,2.1587562633211297,181.20540791355313,177.79895561322604,35.451035407453695
2014-11-21 00:00:00+00:00,185.5500030517578,182.57266063334853,180.06979039916956,5.466205084228875,3.9262117980960625,172.13364590803224,180.21780976795014,188.30197362786805,8.971548228587553,2.502870234178971,0.2752911766862729,2.227579057492698,181.20540791355313,177.79895561322604,35.451035407453695
2014-11-24 00:00:00+00:00,184.21200561523438,182.82486755363865,180.3766211559151,5.557384581389584,3.6733818958427094,173.105934925918,180.73685782296317,188.36778072000834,8.444235435939547,2.448246397723551,0.1765338721846823,2.271712525538869,182.6302705182151,178.8962470581279,38.07124826932765
2014-11-25 00:00:00+00:00,185.93099975585938,183.302734046288,180.78805660776283,5.111937288721549,3.780943636377799,173.97856999642397,181.30166698637464,188.6247639763253,8.078355937566776,2.514677438525183,0.19437193038905143,2.3203055081361317,182.6302705182151,178.8962470581279,38.07124826932765
2014-11-26 00:00:00+00:00,185.1649932861328,183.58923546780258,181.11227413949393,4.745727569490441,3.658721954256066,175.15221882403375,181.8404758998326,188.52873297563144,7.35618078725563,2.476961328308647,0.12532465613801236,2.3516366721706348,182.6302705182151,178.8962470581279,38.07124826932765
2014-11-27 00:00:00+00:00,185.68099975585938,183.91104535827284,181.4506982592247,4.369309064994042,3.5493017407752916,176.36321272963764,182.37328520275298,188.38335767586833,6.590957076233685,2.4603470990481355,0.08696834150200061,2.373378757546135,182.6302705182151,178.8962470581279,38.07124826932765
2014-11-28 00:00:00+00:00,185.26499938964844,184.11934597848446,181.73323908370054,4.152762503213523,3.5757666536041484,178.02171953414037,182.90118989490327,187.78066025566616,5.335635447278046,2.3861068947839215,0.010182509790229055,2.3759243849936924,182.6302705182151,178.8962470581279,38.07124826932765
2014-12-01 00:00:00+00:00,185.54400634765625,184.3385244968186,182.01551814028986,4.263488817717956,3.0714874749445187,180.0563082279062,183.41709463936942,186.77788105083266,3.664638149536869,2.3230063565287367,-0.04233442277196442,2.365340779300701,184.86151538779444,180.38592678224578,42.582275215623085
2014-12-02 00:00:00+00:00,186.13999938964844,184.61567448033088,182.32103526987197,4.590967293604592,3.698969002588967,180.4627576253427,183.6980946858724,186.9334317464021,3.522450318346737,2.294639210458911,-0.056561255073432015,2.351200465532343,184.86151538779444,180.38592678224578,42.582275215623085
2014-12-03 00:00:00+00:00,186.51499938964844,184.90787831253357,182.6316992787443,5.412307068911957,3.6383049937166447,180.63088474328973,183.93304734002976,187.2352099367698,3.590613698293657,2.276179033789276,-0.06001714539445313,2.3361961791837293,184.86151538779444,180.38592678224578,42.582275215623085
2014-12-04 00:00:00+00:00,188.08900451660156,185.39728234392865,183.03594411117817,5.189061992337457,4.564061992337457,180.66645201147233,184.24171447753906,187.8169769436058,3.881056443927733,2.3613382327504837,0.020113642853403668,2.34122458989708,184.86151538779444,180.38592678224578,42.582275215623085
2014-12-05 00:00:00+00:00,187.80999755859375,185.76846930003097,183.38957769987562,6.275415586257196,3.890421079421259,180.63279455528655,184.46942865280877,188.306062750331,4.159642197128694,2.378891600155356,0.03013360820662081,2.348757991948735,184.86151538779444,180.38592678224578,42.582275215623085
2014-12-08 00:00:00+00:00,189.22000122070312,186.2994742109036,183.82146092364061,5.592540541203135,4.581538954289073,180.57188441162342,184.792476109096,189.01306780656856,4.567925909473565,2.4780132872629963,0.10340423625140893,2.3746090510115874,185.17900871230566,181.16136515068612,46.09241942971995
2014-12-09 00:00:00+00:00,188.83200073242188,186.6890936757526,184.19261202058738,5.006393106365749,1.0873867587094992,180.77663504427218,185.12271408807663,189.46879313188109,4.6953493148730505,2.496481655165212,0.09749808332289955,2.3989835718423125,185.17900871230566,181.16136515068612,46.09241942971995
2014-12-10 00:00:00+00:00,187.14999389648438,186.76000140201901,184.4116773447279,3.3783159414049067,1.4723253408189692,181.19438441806736,185.37228538876488,189.5501863594624,4.507578856176456,2.3483240572911086,-0.04052761164096319,2.388851668932072,185.17900871230566,181.16136515068612,46.09241942971995
2014-12-11 00:00:00+00:00,185.3249969482422,186.53923148605335,184.47933064869193,2.8796628815815097,0.5086759431049472,181.2737780449877,185.42261832101005,189.5714585970324,4.475009913666238,2.0599008373614254,-0.26316066525651705,2.3230615026179424,185.17900871230566,181.16136515068612,46.09241942971995
2014-12-12 00:00:00+00:00,187.04200744628906,186.61658163378192,184.66915855962506,2.629837412054627,0.9608463231874396,181.7030025195445,185.6508571079799,189.5987116964153,4.2529882704923025,1.947423074156859,-0.3005107427688669,2.247933816925726,185.17900871230566,181.16136515068612,46.09241942971995
2014-12-15 00:00:00+00:00,185.79100036621094,186.4895691310787,184.7522579527055,2.1927493715132584,-0.22526515485392906,182.27893897508216,185.83919052850632,189.3994420819305,3.8315401001254905,1.7373111783732043,-0.40849811084201715,2.1458092892152214,185.6836701962246,181.95159772402562,41.8372330376224
2014-12-16 00:00:00+00:00,184.14700317382812,186.12917436842477,184.70742426538123,-0.3074303688968598,-2.9774285378421723,182.4408128179921,185.88528587704613,189.32975893610015,3.7060201325804414,1.4217501030435358,-0.5792473489373484,2.000997451980884,185.6836701962246,181.95159772402562,41.8372330376224
2014-12-17 00:00:00+00:00,183.58299255371094,185.737454089238,184.62413302747973,0.04586514146558329,-1.4141263136125417,182.69264044129605,185.9413808186849,189.19012119607376,3.494370497933181,1.1133210617582847,-0.7101411121780796,1.8234621739363643,185.6836701962246,181.95159772402562,41.8372330376224
2014-12-18 00:00:00+00:00,184.9759979248047,185.6203069870175,184.65019709394824,2.034800464645514,-0.21019465254198622,183.1189670767487,186.05261884416853,188.98627061158837,3.1535721299112276,0.9701098930692638,-0.6826818246936806,1.6527917177629443,185.6836701962246,181.95159772402562,41.8372330376224
2014-12-19 00:00:00+00:00,186.322998046875,185.72841330391864,184.7741082756465,2.4218908698613006,1.2868963630253631,183.20258711250227,186.10909525553384,189.01560339856542,3.123445567279603,0.954305028272131,-0.5587893515926505,1.5130943798647816,185.6836701962246,181.95159772402562,41.8372330376224
2014-12-22 00:00:00+00:00,186.7429962158203,185.88450298267276,184.9199518267705,2.5820470745966873,1.5800481732294998,183.25869277467248,186.16590445382255,189.07311613297261,3.123248252873484,0.9645511559022566,-0.4388345791700199,1.4033857350722765,186.21511342345963,182.71251231744048,38.672773958936794
2014-12-23 00:00:00+00:00,187.1580047607422,186.08042633314497,185.0857335255832,2.3792628123074167,1.4052637888699167,183.50735943460506,186.30619012741815,189.10502082023123,3.0045493291435066,0.994692807561762,-0.32695434200841156,1.3216471495701736,186.21511342345963,182.71251231744048,38.672773958936794
2014-12-24 00:00:00+00:00,187.32699584960938,186.2722062587549,185.25175295699256,2.1022509492574386,1.3742541230855636,183.54645865081298,186.37266613188245,189.19887361295193,3.0328562012087885,1.0204533017623305,-0.24095507824627438,1.261408380008605,186.21511342345963,182.71251231744048,38.672773958936794
2014-12-25 00:00:00+00:00,187.02499389648438,186.3880197414825,185.38310413769565,2.036894031249659,1.0818922001949716,183.67568230908637,186.46123758951822,189.24679286995007,2.98781164004077,1.0049156037868556,-0.20519422097739937,1.210109824764255,186.21511342345963,182.71251231744048,38.672773958936794
2014-12-26 00:00:00+00:00,187.24000549316406,186.51909447251043,185.52065238624886,1.8853534731261448,1.3793415102355198,183.75395903762566,186.5354759579613,189.31699287829693,2.9822926776271683,0.9984420862615764,-0.16933419080214285,1.1677762770637192,186.21511342345963,182.71251231744048,38.672773958936794
2014-12-29 00:00:00+00:00,187.25,186.63154147673959,185.6487522094897,2.0992488891431265,1.471242907697814,183.89304998216545,186.62999979654947,189.3669496109335,2.933022362286496,0.982789267249899,-0.14798960785105608,1.130778875100955,185.50274325886892,182.90758240490433,34.3865091397814
2014-12-30 00:00:00+00:00,187.16000366210938,186.71284335141186,185.7606967615356,1.4373012853394016,-0.8177035974730984,184.00582837881836,186.70695204961868,189.408075720419,2.8934366301287713,0.9521465898762642,-0.14290582817975261,1.0950524180560168,185.50274325886892,182.90758240490433,34.3865091397814
2014-12-31 00:00:00+00:00,185.9600067138672,186.59702233025115,185.77546046170832,1.1535403927838672,-0.09546778592707028,183.98898595809416,186.69838096981957,189.40777598154497,2.9024301096252016,0.8215618685428296,-0.21879243961054984,1.0403543081533795,185.50274325886892,182.90758240490433,34.3865091397814
2015-01-01 00:00:00+00:00,186.42999267578125,186.5713254603327,185.82394432941743,0.6060483463638207,0.6060483463638207,183.98360052240844,186.694333031064,189.40506553971954,2.903925860678927,0.7473811309152723,-0.23437854179048578,0.981759672705758,185.50274325886892,182.90758240490433,34.3865091397814
2015-01-02 00:00:00+00:00,186.76499938964844,186.6011214494582,185.89365211165676,1.4013460572885492,-1.0716458860708258,183.99260653613982,186.63128516787575,189.26996379961167,2.8276916481204357,0.7074693378014274,-0.21943226792346449,0.9269016057248919,185.50274325886892,182.90758240490433,34.3865091397814
2015-01-05 00:00:00+00:00,184.0780029296875,186.21294936949346,185.75915957965904,-1.3821606782918536,-4.030155673409041,183.65832209643148,186.45357113792784,189.2488201794242,2.998332533334633,0.453789789834417,-0.3784894527123799,0.8322792425467969,183.51616192843866,182.42692767100058,34.447627357223844
2015-01-06 00:00:00+00:00,182.2050018310547,185.5963420558875,185.49588863531798,-3.164894982974232,-5.395882531802357,183.0621576591755,186.11952354794457,189.17688943671362,3.285379019339124,0.10045342056952222,-0.5854606575818198,0.685914078151342,183.51616192843866,182.42692767100058,34.447627357223844
2015-01-07 00:00:00+00:00,179.625,184.67767404728943,185.0610079956648,-4.472003479063233,-5.46100189214917,181.78093637166563,185.68109494163878,189.58125351161192,4.20092155445227,-0.38333394837536616,-0.8553984212213666,0.47206447284600034,183.51616192843866,182.42692767100058,34.447627357223844
2015-01-08 00:00:00+00:00,180.16299438476562,183.9831079453627,184.69819217263523,-3.788188510525856,-4.718196445096169,180.85868689813452,185.34838067917596,189.8380744602174,4.844599952359723,-0.7150842272725413,-0.9497189600948333,0.234634732822292,183.51616192843866,182.42692767100058,34.447627357223844
2015-01-09 00:00:00+00:00,180.67999267578125,183.47493636542708,184.40054776546086,-3.5355422722967944,-4.485554479328044,180.21671612270868,185.12718999953498,190.03766387636128,5.30497316665222,-0.9256114000337732,-0.9281969062848521,0.0025855062510789506,183.51616192843866,182.42692767100058,34.447627357223844
2015-01-12 00:00:00+00:00,179.54299926757812,182.870022965758,184.04072935821029,-3.5197332644602852,-5.000736072077473,179.39943769236805,184.7700943719773,190.14075105158656,5.813339759189712,-1.1707063924522743,-0.9386335189626825,-0.23207287348959169,181.67077319480546,181.79165167907752,36.99964142583405
2015-01-13 00:00:00+00:00,179.47000122070312,182.34694269728803,183.70215690358012,-3.628151776626993,-5.235161664322305,178.66963841155535,184.4690944126674,190.26855041377945,6.287726428729953,-1.3552142062920893,-0.8985130662419981,-0.4567011400500912,181.67077319480546,181.79165167907752,36.99964142583405
2015-01-14 00:00:00+00:00,178.6840057373047,181.78341393421366,183.33044200237453,-4.474439194757338,-6.42544322307765,177.9067340612139,184.20895167759485,190.5111692939758,6.842466187431732,-1.54702806816087,-0.872261542488623,-0.6747665256722469,181.67077319480546,181.79165167907752,36.99964142583405
2015-01-15 00:00:00+00:00,178.8000030517578,181.32442764460507,182.99485393195846,-3.4438590589115847,-5.899852711255335,177.27235116876375,183.98119027273995,190.69002937671615,7.2929619533722905,-1.6704262873533935,-0.7965278093449173,-0.8738984780084762,181.67077319480546,181.79165167907752,36.99964142583405
2015-01-16 00:00:00+00:00,176.25999450683594,180.54528408494826,182.49597545602344,-4.464969596648444,-6.603977165007819,176.11721281323884,183.56614249093192,191.015072168625,8.115799108281703,-1.9506913710751803,-0.8614343144533634,-1.089257056621817,181.67077319480546,181.79165167907752,36.99964142583405
2015-01-19 00:00:00+00:00,177.97999572753906,180.15062433765453,182.16145843909868,-3.8254599039424306,-5.151463932262743,175.46487338480262,183.16885666620163,190.87283994760065,8.411892088662647,-2.0108341014441464,-0.7372616358578636,-1.2735724655862828,179.76051627700573,180.9557017879816,39.23977484294621
2015-01-20 00:00:00+00:00,177.58200073242188,179.75545147531105,181.8222393497152,-1.5622448428792666,-4.216236542098017,174.85212153250717,182.7326187860398,190.61311603957245,8.625167532633952,-2.066787874404156,-0.6345723270542984,-1.4322155473498575,179.76051627700573,180.9557017879816,39.23977484294621
2015-01-21 00:00:00+00:00,179.69400024414062,179.74599743974636,181.66459200856153,-1.8745987224287148,-4.594584684342777,174.65544601190194,182.37718999953498,190.098933987168,8.46788349755002,-1.9185945688151662,-0.38910321717224705,-1.5294913516429192,179.76051627700573,180.9557017879816,39.23977484294621
2015-01-22 00:00:00+00:00,178.47000122070312,179.54969032912433,181.42795565390534,-2.203956630467843,-3.9679489400381556,174.3953453433642,181.95542835053942,189.51551135771464,8.309818592068194,-1.8782653247810117,-0.2790191785104741,-1.5992461462705376,179.76051627700573,180.9557017879816,39.23977484294621
2015-01-23 00:00:00+00:00,178.21299743652344,179.3440452687242,181.18981060076595,-3.039816704281577,-4.981818047055015,174.1721845438913,181.53580947149368,188.89943439909607,8.112586656087473,-1.8457653320417649,-0.19721534861698187,-1.648549983424783,179.76051627700573,180.9557017879816,39.23977484294621
2015-01-26 00:00:00+00:00,175.94000244140625,178.82034637221375,180.80093592229485,-2.540941415458917,-4.824937997490167,173.72918665510582,180.99771408807663,188.26624152104745,8.031623459546921,-1.9805895500811062,-0.26563165332505845,-1.7149578967560477,178.76634414398038,180.35888722940277,41.10655269053969
2015-01-27 00:00:00+00:00,178.78599548339844,178.81506162008833,180.6516810749692,-1.6416865681332524,-2.7926875446957524,173.8368904948585,180.59466625395277,187.35244201304704,7.483915111414716,-1.8366194548808608,-0.09732924649985053,-1.7392902083810102,178.76634414398038,180.35888722940277,41.10655269053969
2015-01-28 00:00:00+00:00,178.8300018310547,178.81736011408316,180.51674187171628,-1.1727477310912775,-1.924746632458465,174.08072186391254,180.197999500093,186.31527713627347,6.789506712783794,-1.6993817576331196,0.031926760598312454,-1.731308518231432,178.76634414398038,180.35888722940277,41.10655269053969
2015-01-29 00:00:00+00:00,178.05999755859375,178.70084279785402,180.33476081148498,-1.4377576376568584,-2.4207593466412334,174.2180834097714,179.82180858793714,185.4255337661029,6.232531217619682,-1.6339180136309608,0.07791240368037711,-1.711830417311338,178.76634414398038,180.35888722940277,41.10655269053969
2015-01-30 00:00:00+00:00,178.2830047607422,178.63656002291373,180.18277888180035,-1.857781933558158,-4.012780712855033,174.64501469278653,179.4338567824591,184.22269887213164,5.337724078994103,-1.5462188588866184,0.13248924673977558,-1.678708105626394,178.76634414398038,180.35888722940277,41.10655269053969
2015-02-02 00:00:00+00:00,176.7779998779297,178.3506276929162,179.9305730296618,-2.229569001341474,-3.674576325560224,175.33411552101242,178.95828537713913,182.58245523326585,4.050295685934952,-1.5799453367455953,0.07901021510463879,-1.6589555518502341,179.5908979270416,180.48476126708294,37.34773200043297
2015-02-03 00:00:00+00:00,176.6750030517578,178.09283928658414,179.6894196979652,-1.920422505582394,-4.199414204801144,175.6667360076503,178.6057615734282,181.5447871392061,3.291075875589402,-1.596580411381069,0.049900112375331984,-1.646480523756401,179.5908979270416,180.48476126708294,37.34773200043297
2015-02-04 00:00:00+00:00,178.12899780273438,178.09840213522264,179.57383289091106,-0.304835698528251,-1.833827397747001,175.9493612338635,178.41166614350817,180.87397105315284,2.7602510114602925,-1.4754307556884214,0.13683981445438365,-1.612270570142805,179.5908979270416,180.48476126708294,37.34773200043297
2015-02-05 00:00:00+00:00,177.97999572753906,178.08018576480978,179.45577087880943,0.3442321729483808,-1.7267669725594317,175.92636791055241,178.33333260672433,180.74029730289624,2.699399670256769,-1.375585113999648,0.18934836491452556,-1.5649334789141736,179.5908979270416,180.48476126708294,37.34773200043297
2015-02-06 00:00:00+00:00,180.08799743652344,178.38907986815033,179.50260247567712,2.212393862213503,0.06740484854162787,175.93346721589074,178.3297613234747,180.72605543105868,2.6874864742708873,-1.1135226075267894,0.36112869710990725,-1.4746513046366967,179.5908979270416,180.48476126708294,37.34773200043297
2015-02-09 00:00:00+00:00,181.24000549316406,178.82768381046014,179.63129899549097,1.9537077183762221,0.5236997838059096,175.84634670792994,178.35642860049293,180.86651049305593,2.814680594648391,-0.8036151850308215,0.5368288956847,-1.3404440807155216,180.61826666815793,180.79736739326975,32.120494564103076
2015-02-10 00:00:00+00:00,180.41000366210938,179.0711176337908,179.6889808226479,2.4380180787192955,0.5510246705161705,175.78452057165325,178.39771452404204,181.01090847643084,2.9296271640706775,-0.6178631888570862,0.5780647134867483,-1.1959279023438345,180.61826666815793,180.79736739326975,32.120494564103076
2015-02-11 00:00:00+00:00,182.13499450683594,179.542483306567,179.87016702147665,3.933833833015541,2.1248280957108534,175.49051527821698,178.52461896623885,181.55872265426072,3.399087146177478,-0.32768371490965365,0.6945953499473447,-1.0222790648569984,180.61826666815793,180.79736739326975,32.120494564103076
2015-02-12 00:00:00+00:00,183.13600158691406,180.09533227277424,180.11208069299053,4.035914302126656,1.1739147904079061,175.1211494771378,178.7366187686012,182.3520880600646,4.045583178614466,-0.016748420216288196,0.8044245157125681,-0.8211729359288563,180.61826666815793,180.79736739326975,32.120494564103076
2015-02-13 00:00:00+00:00,183.01600646972656,180.54466676461305,180.3271863060821,2.9928210181366524,2.2108080786835274,174.88795469210297,178.9373808361235,182.98680698014405,4.5260818338781155,0.21748045853095732,0.8309227155678509,-0.6134422570368936,180.61826666815793,180.79736739326975,32.120494564103076
2015-02-16 00:00:00+00:00,182.67300415039062,180.8721032855019,180.5009505908457,2.6660568554433723,1.5090439159902473,175.08133406898216,179.24276224772134,183.40419042646053,4.643343057822229,0.37115269465621736,0.7876759613544888,-0.4165232666982714,181.48551151900634,181.14345794004595,27.817080531033273
2015-02-17 00:00:00+00:00,181.88999938964844,181.02870268613984,180.6038430944607,2.45615446413305,0.9761587365939874,175.16164477766526,179.42895289829798,183.6962610189307,4.756543525114891,0.42485959167913734,0.673106286701927,-0.24824669502278962,181.48551151900634,181.14345794004595,27.817080531033273
2015-02-18 00:00:00+00:00,183.0,181.33197919596446,180.78133619857473,3.39966355728464,1.822667707675265,175.24590249198596,179.68695286342077,184.12800323485558,4.9430972039583025,0.5506429973897298,0.6391117539300155,-0.08846875654028574,181.48551151900634,181.14345794004595,27.817080531033273
2015-02-19 00:00:00+00:00,183.1699981689453,181.61475134565381,180.95827412230588,3.0337302722253696,2.0937278308191196,175.17015787769589,179.85247657412575,184.5347952705556,5.206843726169158,0.6564772233479346,0.5959567839105763,0.060520439437358325,181.48551151900634,181.14345794004595,27.817080531033273
2015-02-20 00:00:00+00:00,183.47500610351562,181.90094438532486,181.1446987135066,2.4953006761418237,0.5052951829777612,175.20896446253744,180.09081013997397,184.9726558174105,5.421537804890943,0.7562456718182489,0.5565801859047124,0.19966548591353644,181.48551151900634,181.14345794004595,27.817080531033273
2015-02-23 00:00:00+00:00,183.22000122070312,182.10387620615228,181.2984248251508,2.3995732217242107,1.3045720010210857,175.34943141769995,180.32923889160156,185.30904636550318,5.523017237260174,0.8054513810014896,0.4846287160703625,0.3208226649311271,182.52134178578288,181.63624999423024,25.678816664998724
2015-02-24 00:00:00+00:00,183.6999969482422,182.34943324339687,181.4763190564909,3.199675816555981,2.1456749620637936,175.9293929980767,180.69876243954613,185.46813188101555,5.278806979173467,0.8731141869059798,0.44183321757988214,0.4312809693260976,182.52134178578288,181.63624999423024,25.678816664998724
2015-02-25 00:00:00+00:00,183.72999572753906,182.56182747172645,181.64325806916113,2.882742907401365,1.8667364376748026,176.0784259775096,180.93419102260046,185.78995606769132,5.367437760267577,0.9185694025653106,0.3898307465913704,0.5287386559739402,182.52134178578288,181.63624999423024,25.678816664998724
2015-02-26 00:00:00+00:00,184.50100708007812,182.86016279608825,181.8549431810809,3.1630621900128517,1.7190619458722267,176.2175899326206,181.20423889160156,186.19088785058253,5.503898793409612,1.0052196150073485,0.38118476722672656,0.6240348477806219,182.52134178578288,181.63624999423024,25.678816664998724
2015-02-27 00:00:00+00:00,184.0260009765625,183.0395225161612,182.0157622770425,2.733230642879363,1.544235281551238,176.5712856280635,181.4883342924572,186.40538295685093,5.418583716207565,1.023760239118701,0.3197803130704633,0.7039799260482378,182.52134178578288,181.63624999423024,25.678816664998724
2015-03-02 00:00:00+00:00,184.59300231933594,183.27851940895732,182.20666894684203,2.683330442806408,1.9333304428064082,176.92103483897475,181.78881036667596,186.65658589437717,5.355418210705815,1.0718504621152931,0.29429642885364427,0.7775540332616488,182.27823033928493,181.65850105881006,21.467094979346506
2015-03-03 00:00:00+00:00,184.61900329589844,183.48474769925596,182.38536038010545,2.2046359577851717,1.3216403523164217,177.70340475275898,182.16219148181733,186.62097821087568,4.895403039223321,1.0993873191505088,0.25746662871108794,0.8419206904394209,182.27823033928493,181.65850105881006,21.467094979346506
2015-03-04 00:00:00+00:00,183.8179931640625,183.53601623230313,182.49148132706523,1.4735150108253947,0.1765179405128947,178.73336536221908,182.50233386811755,186.27130237401602,4.130323624926415,1.0445349052378958,0.16209137183877997,0.8824435333991159,182.27823033928493,181.65850105881006,21.467094979346506
2015-03-05 00:00:00+00:00,182.61000061035156,183.3935522904644,182.50026053323458,1.1187427626638566,-0.11026114358614336,179.4935813389079,182.71571495419457,185.93784856948125,3.526936493770603,0.8932917572298322,0.008678579064573144,0.8846131781652591,182.27823033928493,181.65850105881006,21.467094979346506
2015-03-06 00:00:00+00:00,183.03500366210938,183.33839096302518,182.53987113537346,0.5661316722437277,-0.5098723560765848,180.52785544920079,182.95642961774553,185.38500378629027,2.654811501972147,0.7985198276517167,-0.06887468041083389,0.8673945080625506,182.27823033928493,181.65850105881006,21.467094979346506
2015-03-09 00:00:00+00:00,181.79200744628906,183.10048580660424,182.48447382507092,0.5285266632103287,-0.8484722381568588,180.90153022209833,183.0375729515439,185.17361568098946,2.3339937205253967,0.6160119815333189,-0.20110602122338528,0.8171180027567042,181.1914886832212,181.2812873891363,22.751804702938372
2015-03-10 00:00:00+00:00,183.3719940185547,183.14225630075046,182.55021606162526,1.3097845487262987,-0.11021362021901382,181.15736034276182,183.13909621465774,185.12083208655366,2.1641865804264144,0.5920402391251969,-0.1800622109052059,0.7721024500304028,181.1914886832212,181.2812873891363,22.751804702938372
2015-03-11 00:00:00+00:00,182.47999572753906,183.04037005871794,182.54501455539665,0.5749805617908521,-1.2450115036388354,181.64001240099157,183.23766726539247,184.83532212979338,1.7438061597749368,0.4953555033212922,-0.2213975573672885,0.7167530606885807,181.1914886832212,181.2812873891363,22.751804702938372
2015-03-12 00:00:00+00:00,181.33900451660156,182.77862151377695,182.45568047844887,-0.7126842626285566,-1.8576732763004316,181.4671903163893,183.19976298014322,184.93233564389715,1.8914573202168594,0.3229410353280855,-0.3150496202883961,0.6379906556164816,181.1914886832212,181.2812873891363,22.751804702938372
2015-03-13 00:00:00+00:00,180.6300048828125,182.44806510901319,182.32044524914247,-1.5804397559784036,-3.820445249142466,181.03057337202134,183.08042980375745,185.13028623549357,2.2392960666886603,0.12761985987071967,-0.40829663659660953,0.5359164964673292,181.1914886832212,181.2812873891363,22.751804702938372
2015-03-16 00:00:00+00:00,179.01800537109375,181.92036361087173,182.07582007299072,-2.4778128708422855,-3.1858206833422855,180.20683703344395,182.89004879906065,185.57326056467735,2.9342348402615612,-0.1554564621189911,-0.5530983668690562,0.3976419047500651,180.570657372473,181.0023884408278,25.43696217690166
2015-03-17 00:00:00+00:00,179.91600036621094,181.61200003477006,181.91583342804407,-1.820832207340942,-3.347840263981567,179.79119429152152,182.7587629045759,185.72633151763026,3.2475253890877225,-0.3038333932740045,-0.5611802384192557,0.2573468451452512,180.570657372473,181.0023884408278,25.43696217690166
2015-03-18 00:00:00+00:00,178.9340057373047,181.20000091208308,181.6949573028041,-2.5409503447963004,-4.538951443429113,179.24607631352532,182.61800130208334,185.98992629064136,3.6928725147749755,-0.49495639072102904,-0.6018425886930242,0.10688619797199514,180.570657372473,181.0023884408278,25.43696217690166
2015-03-19 00:00:00+00:00,179.59100341796875,180.9524628360655,181.5391088668904,-1.6561132614216376,-3.5391088668903876,178.85262021181356,182.4556681315104,186.05871605120726,3.949505056866574,-0.5866460308248804,-0.5548257830375004,-0.03182024778737999,180.570657372473,181.0023884408278,25.43696217690166
2015-03-20 00:00:00+00:00,178.22500610351562,180.5328541079809,181.29361977330709,-1.5056253885414606,-3.356623313346148,178.21117705197466,182.22019231887091,186.22920758576717,4.400187724399716,-0.7607656653261756,-0.5831563340310365,-0.17760933129513912,180.570657372473,181.0023884408278,25.43696217690166
2015-03-23 00:00:00+00:00,179.32899475097656,180.3476449761341,181.1480919938752,-1.8230950456330106,-3.0080926042267606,177.8744419099622,182.02276320684524,186.17108450372828,4.55802474789267,-0.8004470177411065,-0.4982701491567739,-0.30217686858433257,179.54110312461742,180.49947503912472,28.464386665036823
2015-03-24 00:00:00+00:00,179.031005859375,180.1450851120173,180.99127079872704,-1.7972705545864187,-3.2492664041957937,177.52430353544122,181.82328723725817,186.12227093907512,4.728749289641078,-0.846185686709731,-0.43520705450031877,-0.4109786322094123,179.54110312461742,180.49947503912472,28.464386665036823
2015-03-25 00:00:00+00:00,177.697998046875,179.7686101789185,180.74732466896023,-2.393320762710232,-3.097330772475857,176.98498680993268,181.53747776576452,186.08996872159636,5.0154833171207365,-0.9787144900417388,-0.4541886862658613,-0.5245258037758775,179.54110312461742,180.49947503912472,28.464386665036823
2015-03-26 00:00:00+00:00,177.79400634765625,179.46482497410892,180.52856034886364,-2.6885640109730105,-4.060558029527698,176.54745762343978,181.25481160481772,185.96216558619565,5.194183745743734,-1.0637353747547138,-0.431367656783069,-0.6323677179716448,179.54110312461742,180.49947503912472,28.464386665036823
2015-03-27 00:00:00+00:00,177.02999877929688,179.09023632875324,180.26940764000685,-2.389402757194347,-3.567411790397472,176.09847278867008,180.8990493047805,185.69962582089093,5.307464615828208,-1.1791713112536115,-0.4374428746255734,-0.7417284366280381,179.54110312461742,180.49947503912472,28.464386665036823
2015-03-30 00:00:00+01:00,177.48199462890625,178.84281452877678,180.06293260214755,-2.1339317476553674,-3.3839317476553674,175.78964762883058,180.58742995489212,185.38521228095365,5.313528552081334,-1.2201180733707702,-0.38271170939418564,-0.8374063639765845,178.82073704401577,180.05383644536582,30.98724040514946
2015-03-31 00:00:00+01:00,177.6999969482422,178.66699643946376,179.88790033148788,-1.5799016742613219,-2.786902406683197,175.66357535445854,180.25919160388764,184.85480785331674,5.098898101715426,-1.2209038920241255,-0.3067980224380328,-0.9141058695860927,178.82073704401577,180.05383644536582,30.98724040514946
2015-04-01 00:00:00+01:00,177.9720001220703,178.56007392909552,179.74598179745695,-1.3729806988241364,-2.965983018160074,175.68886896324287,179.94266764322916,184.19646632321545,4.727948891388296,-1.1859078683614257,-0.21744159902026639,-0.9684662693411593,178.82073704401577,180.05383644536582,30.98724040514946
2015-04-02 00:00:00+01:00,177.38699340820312,178.37960000280438,179.57124191677147,-1.84223801052147,-2.8182359353261575,175.62355450160828,179.63642955961683,183.64930461762538,4.4677742347097515,-1.1916419139670893,-0.17854051570074403,-1.0131013982663453,178.82073704401577,180.05383644536582,30.98724040514946
2015-04-03 00:00:00+01:00,177.5,178.24427692544987,179.4178165896032,-1.720810364017268,-2.319809387454768,175.51346942201772,179.3930961972191,183.2727229724205,4.325279910366504,-1.1735396641533384,-0.12835061270959458,-1.0451890514437439,178.82073704401577,180.05383644536582,30.98724040514946
2015-04-06 00:00:00+01:00,177.3800048828125,178.11131199581334,179.26686757428538,-0.99486440045726,-2.021872457097885,175.5172917828947,179.12381054106214,182.7303292992296,4.026844613536959,-1.1555555784720468,-0.08829322162264241,-1.0672623568494044,177.87049176957822,179.47043141327114,34.394906459183574
2015-04-07 00:00:00+01:00,177.88499450683594,178.07649392058605,179.16450660632617,-0.006501845583983368,-1.3595139305449209,175.50195285016753,178.93776230585007,182.37357176153262,3.8402284810177454,-1.088012685740125,-0.016600263112576563,-1.0714124226275485,177.87049176957822,179.47043141327114,34.394906459183574
2015-04-08 00:00:00+01:00,178.28700256347656,178.10887986564612,179.09950630685583,0.1634941814254205,-1.4655036213089545,175.88391253484605,178.69561985560827,181.5073271763705,3.146923604545173,-0.990626441209713,0.0646287851342684,-1.0552552263439814,177.87049176957822,179.47043141327114,34.394906459183574
2015-04-09 00:00:00+01:00,178.63999938964844,178.19059056164647,179.06546875743305,0.00752928944194764,-1.8284692457143024,176.26673623210132,178.51276288713728,180.75878954217325,2.5163765533739317,-0.8748781957865788,0.1443016244459221,-1.0191798202325009,177.87049176957822,179.47043141327114,34.394906459183574
2015-04-10 00:00:00+01:00,177.3699951171875,178.0643451086528,178.93987811741485,-1.4398781174148496,-3.2548805588210996,176.41875802837632,178.32376243954613,180.22876685071594,2.1365682117834766,-0.8755330087620621,0.11491744917635105,-0.9904504579384131,177.87049176957822,179.47043141327114,34.394906459183574
2015-04-13 00:00:00+01:00,175.97000122070312,177.74213835666052,178.71988723617693,-2.2058796678175554,-3.3398823533644304,176.2379226312684,178.10185750325522,179.96579237524205,2.093111097342441,-0.9777488795164118,0.010161262737601096,-0.9879101422540129,177.84599353648966,179.23136936427704,38.20972444746687
2015-04-14 00:00:00+01:00,176.09500122070312,177.4887326434363,178.52545123503072,-1.9624476949916527,-3.6574550192104027,175.96166138488894,177.9626668294271,179.96367227396524,2.2487923789724578,-1.036718591594422,-0.039046759472327275,-0.9976718321220946,177.84599353648966,179.23136936427704,38.20972444746687
2015-04-15 00:00:00+01:00,176.44700622558594,177.32846704069007,178.37149234544222,-1.7284869743484705,-2.696489293684408,175.89861527034577,177.79747663225447,179.69633799416317,2.135982352366215,-1.043025304752149,-0.036282778104043345,-1.0067425266481056,177.84599353648966,179.23136936427704,38.20972444746687
2015-04-16 00:00:00+01:00,176.66400146484375,177.22624156748296,178.24501153947196,-0.3250133705266478,-1.6520092201360228,175.80321695955857,177.6893811907087,179.57554542185883,2.122990376251881,-1.018769971989002,-0.009621956272717114,-1.0091480157162849,177.84599353648966,179.23136936427704,38.20972444746687
2015-04-17 00:00:00+01:00,177.65199279785156,177.29174175677045,178.20108422527787,0.5099143098783827,-0.7660866666841173,175.91330571819657,177.5970473516555,179.28078898511444,1.8961369668776096,-0.9093424685074183,0.07984443776709327,-0.9891869062745116,177.84599353648966,179.23136936427704,38.20972444746687
2015-04-20 00:00:00+01:00,177.7969970703125,177.36947334346922,178.1711518434286,0.007849011063598255,-0.9751526979207767,175.91358791675248,177.57666596912202,179.23974402149156,1.8730817399834807,-0.8016784999593654,0.15000672505211698,-0.9516852250114823,178.70899487719103,179.40331624917943,33.87940741360004
2015-04-21 00:00:00+01:00,177.69500732421875,177.41955549435377,178.13588187904267,0.5511145809182665,-0.6468834659567335,176.02936993527902,177.49885704403832,178.9683441527976,1.655770784365906,-0.7163263846888981,0.1882870722580674,-0.9046134569469655,178.70899487719103,179.40331624917943,33.87940741360004
2015-04-22 00:00:00+01:00,178.61900329589844,177.60408592536064,178.17166865066162,2.166328785861822,0.29633366867432187,176.08291792263188,177.47923787434897,178.87555782606606,1.5735023075833243,-0.56758272530098,0.26962458531678846,-0.8372073106177684,178.70899487719103,179.40331624917943,33.87940741360004
2015-04-23 00:00:00+01:00,180.35000610351562,178.02653518353833,178.33302698050267,2.0819663056301465,1.0129660614895215,175.74902871544396,177.60552397228423,179.4620192291245,2.0905827874249976,-0.3064917969643375,0.4245724109227448,-0.7310642078870823,178.70899487719103,179.40331624917943,33.87940741360004
2015-04-24 00:00:00+01:00,179.92999267578125,178.31937479772955,178.4513207357085,2.52867499183057,1.2056769449555702,175.60305188875006,177.70723760695685,179.81142332516364,2.36814858701559,-0.13194593797894072,0.47929461592651323,-0.611240553905454,178.70899487719103,179.40331624917943,33.87940741360004
2015-04-27 00:00:00+01:00,180.43499755859375,178.6448552224779,178.59825975962593,2.898734258928755,1.7117377989678175,175.491914249422,177.869380405971,180.24684656251998,2.6732719832077185,0.04659546285196825,0.5262688134059378,-0.47967335055396954,179.7829965034138,179.76441389299086,32.610581256088615
2015-04-28 00:00:00+01:00,181.33999633789062,179.05949231715678,178.80135135801592,3.3936559662028287,1.8936559662028287,175.26327826353264,178.05309477306548,180.84291128259832,3.1336905579636833,0.2581409591408601,0.5902514477558637,-0.3321104886150036,179.7829965034138,179.76441389299086,32.610581256088615
2015-04-29 00:00:00+01:00,182.1999969482422,179.5426468757853,179.05310288321786,4.974896994711827,3.044904318930577,174.97325921032504,178.2673804873512,181.56150176437737,3.6957083993949142,0.48954399256743386,0.65732358494595,-0.16777959237851608,179.7829965034138,179.76441389299086,32.610581256088615
2015-04-30 00:00:00+01:00,183.52000427246094,180.1545480137354,179.38398446760624,4.734011748214073,3.2210112599328227,174.55530682679924,178.53157116117933,182.50783549555942,4.454410285551451,0.7705635461291536,0.7506745108061357,0.019889035323017862,179.7829965034138,179.76441389299086,32.610581256088615
2015-05-01 00:00:00+01:00,183.406005859375,180.65477229767995,179.68191197810762,4.744082894939254,2.149081674236129,174.3731625890858,178.8181908017113,183.26321901433678,4.971561553885208,0.9728603195723338,0.7623770273994527,0.21048329217288106,179.7829965034138,179.76441389299086,32.610581256088615
2015-05-04 00:00:00+01:00,181.93099975585938,180.8511149835537,179.8485110727559,2.2624813588847132,1.6184841665019007,174.43627782902863,179.02919079008558,183.62210375114253,5.130909591656718,1.0026039107978022,0.6336964948999368,0.3689074158978653,181.48033100227588,180.49449762256359,33.523904546093306
2015-05-05 00:00:00+01:00,181.61099243164062,180.96801920633632,179.9790652474881,2.7099301138400165,1.470931700754079,174.57404990658964,179.2306663876488,183.88728286870796,5.1962273810750705,0.9889539588482137,0.4960372343602787,0.492916724487935,181.48033100227588,180.49449762256359,33.523904546093306
2015-05-06 00:00:00+01:00,181.91700744628906,181.11401739709828,180.12261652147336,2.3743774970813263,1.3363831123157013,174.67227151100755,179.42266700381325,184.17306249661894,5.295201071450727,0.9914008756249189,0.39878732090958713,0.5926135547153317,181.48033100227588,180.49449762256359,33.523904546093306
2015-05-07 00:00:00+01:00,181.94000244140625,181.24109201929951,180.25723770072764,2.0987651068895445,0.716761322709857,174.75858264600834,179.59661937895277,184.4346561118972,5.387670157349754,0.983854318571872,0.31299261108523224,0.6708617074866398,181.48033100227588,180.49449762256359,33.523904546093306
2015-05-08 00:00:00+01:00,184.3419952392578,181.71815405313924,180.55981233321137,5.465181563273006,3.5901815632730063,174.65022713710113,179.86814299083892,185.0860588445767,5.801934424823136,1.1583417199278756,0.38998400995298865,0.768357709974887,181.48033100227588,180.49449762256359,33.523904546093306
2015-05-11 00:00:00+01:00,184.875,182.20382266034858,180.8794558640846,6.316543281423208,3.727538764821645,174.7207968995587,180.22552417573473,185.73025145191076,6.108709963643623,1.3243667962639734,0.4448072690312691,0.8795595272327043,183.6012214412959,181.54428400781677,36.72536791829453
2015-05-12 00:00:00+01:00,187.1009979248047,182.95723423949568,181.34031083154534,6.979696492673412,5.383688191892162,174.8620994682605,180.75557163783483,186.64904380740916,6.5209300229844,1.6169234079503383,0.5898911045741073,1.027032303376231,183.6012214412959,181.54428400781677,36.72536791829453
2015-05-13 00:00:00+01:00,187.75799560546875,183.69581291118385,181.815694888873,6.682306209759815,5.222299495892628,175.08988293656435,181.31095232282365,187.53202170908295,6.862320567576861,1.8801180223108531,0.6824685751476978,1.1976494471631554,183.6012214412959,181.54428400781677,36.72536791829453
2015-05-14 00:00:00+01:00,187.53700256347656,184.28676516538272,182.23949545736215,6.273505030919097,5.133505641270659,175.47795875164286,181.83904738653274,188.20013602142262,6.996394587756725,2.047269708020565,0.6796962086859275,1.3675734993346373,183.6012214412959,181.54428400781677,36.72536791829453
2015-05-15 00:00:00+01:00,187.97000122070312,184.85341686620123,182.66397736575777,5.935021657679727,5.286019582484414,175.94605189014501,182.37742832728796,188.8088047644309,7.052820621641213,2.1894395004434557,0.6574928008870546,1.531946699556401,183.6012214412959,181.54428400781677,36.72536791829453
2015-05-18 00:00:00+01:00,187.84300231933594,185.31335308976043,183.0476088438006,5.212385663035349,4.285383709910349,176.39299208591058,182.86271449497767,189.33243690404476,7.076043278625594,2.265744245959837,0.5870380371227488,1.6787062088370883,185.13081510799935,182.4936723554724,40.427091061421635
2015-05-19 00:00:00+01:00,187.781005859375,185.69299197739343,183.39823084495424,4.551766103287946,2.5637747702801335,176.96061930538383,183.33814348493303,189.71566766448223,6.957116569769685,2.2947611324391914,0.49284393888168254,1.801917193557509,185.13081510799935,182.4936723554724,40.427091061421635
2015-05-20 00:00:00+01:00,187.17999267578125,185.92176131560694,183.67836135094143,4.9036393814804455,3.4606462174179455,177.73981061352222,183.78980945405505,189.83980829458787,6.5836064126778915,2.243399964665514,0.35318621688640395,1.8902137477791099,185.13081510799935,182.4936723554724,40.427091061421635
2015-05-21 00:00:00+01:00,188.3699951171875,186.29841266969626,184.02588977807076,5.943104362554237,3.9211164475151747,178.36830452837032,184.25414239792596,190.1399802674816,6.388825556870517,2.272522891625499,0.3058473150771115,1.9666755765483876,185.13081510799935,182.4936723554724,40.427091061421635
2015-05-22 00:00:00+01:00,189.54800415039062,186.79834982057233,184.43493528713148,5.197068497048207,3.571061416970082,178.6663220090533,184.69214230492003,190.71796260078676,6.525258974925231,2.363414533440846,0.31739116551396673,2.046023367926879,185.13081510799935,182.4936723554724,40.427091061421635
2015-05-25 00:00:00+01:00,188.08999633789062,186.99706466939054,184.70568055015067,3.866325675435263,3.084312735982138,179.28536641451925,185.0807139078776,190.87606140123594,6.262508254904329,2.291384119239865,0.1962886010503886,2.0950955181894764,186.6512105195907,183.52200506794398,44.02222602810798
2015-05-26 00:00:00+01:00,188.0800018310547,187.16367038656963,184.95563027466207,4.66436484252543,2.91436484252543,179.9077576156218,185.44476173037575,190.9817658451297,5.971593980966028,2.2080401119075646,0.09035567497447072,2.117684436933094,186.6512105195907,183.52200506794398,44.02222602810798
2015-05-27 00:00:00+01:00,189.3300018310547,187.49695214725963,185.27965779735783,5.027349038579672,3.970342202642172,180.37131588486824,185.82523818243118,191.27916047999412,5.869947861666274,2.217294349901806,0.0796879303749698,2.1376064195268363,186.6512105195907,183.52200506794398,44.02222602810798
2015-05-28 00:00:00+01:00,189.91000366210938,187.8681908418519,185.622646379932,5.047351789013305,3.9573554511226803,180.72603552829457,186.192381359282,191.65872719026942,5.871718048913515,2.2455444619199056,0.0863504339144554,2.1591940280054502,186.6512105195907,183.52200506794398,44.02222602810798
2015-05-29 00:00:00+01:00,189.69200134277344,188.14877707276293,185.92408008088321,4.06392651091366,2.778922848804285,180.96288674928857,186.48628598167784,192.0096852140671,5.9236519225139554,2.2246969918797106,0.052402371099408374,2.172294620780302,186.6512105195907,183.52200506794398,44.02222602810798
2015-06-01 00:00:00+01:00,189.84800720214844,188.4101970926684,186.2147413491251,3.745265364742096,2.305262923335846,181.2724620068407,186.79304795038132,192.31363389392195,5.910911572048529,2.195455743543306,0.018528898210402822,2.176926845332903,188.12414278780005,184.60029110455466,47.736427652569546
2015-06-02 00:00:00+01:00,189.7100067138672,188.61016780362206,186.47364989466155,3.985349739127514,2.6563549881509516,181.96290674044087,187.1634768531436,192.36404696584634,5.557248882252089,2.1365179089605135,-0.03232714909791179,2.1688450580584253,188.12414278780005,184.60029110455466,47.736427652569546
2015-06-03 00:00:00+01:00,190.24899291992188,188.86229474459125,186.75330493356972,4.030691648461527,2.9346986064693397,182.85144663273866,187.5748102097284,192.29817378671817,5.036245081851381,2.10898981102153,-0.04788419762951612,2.1568740086510463,188.12414278780005,184.60029110455466,47.736427652569546
2015-06-04 00:00:00+01:00,190.51300048828125,189.11624947438972,187.03180090058538,4.502195681445869,2.805204714648994,183.8384175956875,187.98414321172805,192.1298688277686,4.410718420405477,2.0844485738043375,-0.05794034787736724,2.1423889216817047,188.12414278780005,184.60029110455466,47.736427652569546
2015-06-05 00:00:00+01:00,191.07000732421875,189.41682760513265,187.330927302336,4.3410697679765065,3.4570670824296315,185.0593842983529,188.41890534900483,191.77842639965675,3.5660127039047835,2.0859003027966594,-0.04519089510803642,2.131091197904696,188.12414278780005,184.60029110455466,47.736427652569546
2015-06-08 00:00:00+01:00,191.74000549316406,189.77423958790672,187.65752568684178,4.09247431315822,3.0024779752675954,185.6527121584759,188.7711915515718,191.8896709446677,3.303978077866755,2.1167139010649407,-0.011501837471803888,2.1282157385367446,189.30609458151514,185.61024925661047,51.19267555849468
2015-06-09 00:00:00+01:00,191.11599731445312,189.98066385352925,187.91370877036854,3.341296112443956,1.6162900089283312,186.32477154469788,189.06838189987909,191.8119922550603,2.9022413241301015,2.066955083160707,-0.049008524300830025,2.115963607461537,189.30609458151514,185.61024925661047,51.19267555849468
2015-06-10 00:00:00+01:00,191.3509979248047,190.1914844798793,188.16832278180826,3.421673556082368,0.8366821010042429,186.51055390521185,189.27076285226005,192.03097179930825,2.916677573918532,2.02316169807105,-0.07424152751238955,2.0974032255834394,189.30609458151514,185.61024925661047,51.19267555849468
2015-06-11 00:00:00+01:00,190.41299438476562,190.2255629267849,188.3345947523977,3.5254058579538707,2.0454101304148082,186.68289004891506,189.3971913655599,192.11149268220476,2.866252975637758,1.8909681743872113,-0.16514804095698254,2.056116215344194,189.30609458151514,185.61024925661047,51.19267555849468
2015-06-12 00:00:00+01:00,191.6699981689453,190.4477837332711,188.58166167214196,3.5963321022721004,2.6973452858658504,186.848581900325,189.59400068010603,192.33941945988707,2.8961030095179674,1.866122061129147,-0.15199532337203747,2.0181173845011844,189.30609458151514,185.61024925661047,51.19267555849468
2015-06-15 00:00:00+01:00,191.84300231933594,190.66243274651185,188.823242460823,3.2857510694504413,2.5767514356613788,186.97444253947333,189.77842930385046,192.5824160682276,2.955011035408794,1.8391902856888578,-0.1431416790498612,1.982331964738719,191.29406447849706,186.99021425887483,55.94076495818976
2015-06-16 00:00:00+01:00,192.4499969482422,190.93744262370114,189.09189094137255,4.038113941439946,2.987103809604008,187.11409530970116,189.99781000046502,192.8815246912289,3.0355241365748467,1.8455516823285905,-0.10942422592810286,1.9549759082566933,191.29406447849706,186.99021425887483,55.94076495818976
2015-06-17 00:00:00+01:00,192.9969940185547,191.25429668444784,189.38115783597863,5.888846436482311,3.5588446054276233,187.27190889267038,190.2461903889974,193.22047188532443,3.1267711487367964,1.8731388484692104,-0.06546964782998632,1.9386084962991967,191.29406447849706,186.99021425887483,55.94076495818976
2015-06-18 00:00:00+01:00,195.74200439453125,191.9447132552299,189.85233165513068,5.942666513814629,4.487664682759942,187.16911150110326,190.6539052327474,194.13869896439155,3.655622713198518,2.0923816000992304,0.12301848304002694,1.9693631170592034,191.29406447849706,186.99021425887483,55.94076495818976
2015-06-19 00:00:00+01:00,195.27000427246094,192.45629648865008,190.2536407378959,5.199362191791607,4.48636475526817,187.13837562561127,190.98247709728423,194.8265785689572,4.025606464110125,2.2026557507541895,0.1866341069559887,2.016021643798201,191.29406447849706,186.99021425887483,55.94076495818976
2015-06-22 00:00:00+01:00,194.85000610351562,192.8245595063217,190.59411224646033,4.954883725219361,4.046894223266236,187.11435939019958,191.23495338076637,195.35554737133316,4.309456945731367,2.2304472598613643,0.17154049285053086,2.0589067670108334,192.39270843162825,188.07589741301993,59.915383579178474
2015-06-23 00:00:00+01:00,195.27499389648438,193.20154941250055,190.94084422053618,4.5361607843466345,3.839154558760697,187.36567908395267,191.57709612165178,195.78851315935088,4.396576754691855,2.2607051919643766,0.16143873996283453,2.099266452001542,192.39270843162825,188.07589741301993,59.915383579178474
2015-06-24 00:00:00+01:00,194.89999389648438,193.4628485638827,191.23411456690272,4.6058817709879065,3.555878719230094,187.76811068460634,191.90185764857702,196.0356046125477,4.30818858621021,2.228733996979969,0.10357403598274129,2.1251599609972276,192.39270843162825,188.07589741301993,59.915383579178474
2015-06-25 00:00:00+01:00,194.50999450683594,193.62394793972166,191.4767723402311,3.2642249742220315,1.9932288804720315,188.03996167345986,192.14852396647134,196.25708625948283,4.276444292362512,2.1471755994905664,0.017612510794671188,2.129563088695895,192.39270843162825,188.07589741301993,59.915383579178474
2015-06-26 00:00:00+01:00,194.58999633789062,193.7725707702092,191.7073815252429,3.502625188624279,2.252625188624279,188.2649783812334,192.37138076055618,196.47778313987897,4.269244586266196,2.065189244966291,-0.051499074983683446,2.1166883199499744,192.39270843162825,188.07589741301993,59.915383579178474
2015-06-29 00:00:00+01:00,192.38999938964844,193.55986748089217,191.75794581149518,1.7430612685829487,0.42105504299701124,188.5718625325874,192.49985685802642,196.42785118346544,4.08103610002787,1.8019216693969895,-0.251813320442388,2.0537349898393775,192.2851413958251,188.64648454319118,55.26644596008229
2015-06-30 00:00:00+01:00,192.89999389648438,193.45834846790635,191.8425419659388,1.1374537616002556,-0.022534641720056925,188.89876951304925,192.6451895577567,196.39160960246417,3.8894509157564547,1.6158065019675405,-0.3503427902974696,1.9661492922650101,192.2851413958251,188.64648454319118,55.26644596008229
2015-07-01 00:00:00+01:00,191.95599365234375,193.2272169578198,191.8509457945614,0.9340578675479776,0.0660616517276651,189.22519168472678,192.75214131673178,196.27909094873678,3.6595698578616456,1.3762711632583944,-0.4719025032052926,1.848173666463687,192.2851413958251,188.64648454319118,55.26644596008229
2015-07-02 00:00:00+01:00,192.4199981689453,193.1030294518391,191.89309782229353,1.0169058398158484,0.12290864743303587,189.50527482384945,192.85552251906623,196.205770214283,3.4743601339034145,1.209931629545565,-0.5105936295344975,1.7205252590800626,192.2851413958251,188.64648454319118,55.26644596008229
2015-07-03 00:00:00+01:00,192.07000732421875,192.94410297066673,191.90620222984353,0.4767933756252205,-1.0062083333591545,189.72428269315975,192.9296657017299,196.13504871030005,3.32285135819982,1.0379007408232042,-0.5460996146054868,1.584000355428691,192.2851413958251,188.64648454319118,55.26644596008229
2015-07-06 00:00:00+01:00,190.36399841308594,192.547163807962,191.79196491008372,-0.233966252857158,-1.7019685721930955,189.5998260301169,192.8960462297712,196.1922664294255,3.4176130243000986,0.7551988978782731,-0.6630411660403344,1.4182400639186075,190.53342719031568,188.415558005492,50.00815762940651
2015-07-07 00:00:00+01:00,191.2449951171875,192.34683016322745,191.75144862912845,-0.281447408425322,-3.5114431359643845,189.53668065785138,192.87247430710565,196.20826795635992,3.459066578824282,0.5953815340990047,-0.6582868238556823,1.253668357954687,190.53342719031568,188.415558005492,50.00815762940651
2015-07-08 00:00:00+01:00,189.3800048828125,191.89039550470207,191.57578612940134,-2.1397814907294617,-6.565791622565399,189.20709555829183,192.78980800083704,196.37252044338226,3.716703159463347,0.3146093753007335,-0.7512471861231629,1.0658565614238964,190.53342719031568,188.415558005492,50.00815762940651
2015-07-09 00:00:00+01:00,185.72000122070312,190.94110407639454,191.14202428431258,-3.8140213546250834,-5.902018791148521,187.8660965480329,192.52166530064173,197.17723405325054,4.836410224624518,-0.20092020791804543,-1.0134214154735535,0.812501207555508,190.53342719031568,188.415558005492,50.00815762940651
2015-07-10 00:00:00+01:00,187.02999877929688,190.33939556914873,190.83742980245958,-0.48142699484239415,-4.042431633514269,187.2158622828857,192.3605702718099,197.50527826073412,5.349025511470069,-0.49803423331084673,-1.0484283526930838,0.550394119382237,190.53342719031568,188.415558005492,50.00815762940651
2015-07-13 00:00:00+01:00,190.02699279785156,190.29133360433377,190.7773974317479,1.5356061082911765,-0.9953997510838235,187.04879074514366,192.28233192080543,197.5158730964672,5.443600692150216,-0.4860638274141138,-0.8291663574370807,0.34310253002296687,191.6189492222547,189.18333447415498,41.70668668145507
2015-07-14 00:00:00+01:00,191.3000030517578,190.44651351932208,190.81610895915603,1.655891162914287,-0.22611262126540055,187.00915942459574,192.25647481282553,197.50379020105532,5.458661814472989,-0.36959543983394383,-0.5701583758855285,0.20056293605158473,191.6189492222547,189.18333447415498,41.70668668145507
2015-07-15 00:00:00+01:00,192.7949981689453,190.80781885003336,190.96269334506636,2.6663044576680193,1.6973103170430193,187.02110896802571,192.2729034423828,197.5246979167399,5.46285449517942,-0.154874495032999,-0.28434994486766696,0.129475449834668,191.6189492222547,189.18333447415498,41.70668668145507
2015-07-16 00:00:00+01:00,193.58999633789062,191.23584615585756,191.15730838157185,2.6776983322953356,1.872690397725023,187.02774492008496,192.30114164806548,197.574538376046,5.484519418643374,0.07853777428570652,-0.04075014043916918,0.1192879147248757,191.6189492222547,189.18333447415498,41.70668668145507
2015-07-17 00:00:00+01:00,193.7899932861328,191.6287918682076,191.352322078206,2.9916720624190134,1.588672184489326,187.1149356629154,192.20818873814173,197.30144181336806,5.299725374515873,0.2764697900016131,0.12574550022138992,0.15072428978022318,191.6189492222547,189.18333447415498,41.70668668145507
2015-07-20 00:00:00+01:00,193.64100646972656,191.93836334536437,191.52185425535566,2.4031487964021494,1.5281487964021494,187.17859368295487,192.13061741420202,197.08264114544917,5.154851213090523,0.4165090900087023,0.2126278401827833,0.203881249825919,191.81596838612555,189.61571622268528,34.78879422482886
2015-07-21 00:00:00+01:00,193.51699829101562,192.18123026007996,191.6696427024416,2.1923568092771575,0.87035058369122,187.22318158422465,192.06714085170202,196.9111001191794,5.044027048038861,0.5115875576383644,0.24616504624995633,0.26542251138840806,191.81596838612555,189.61571622268528,34.78879422482886
2015-07-22 00:00:00+01:00,192.6300048828125,192.2502725097311,191.74078064172832,2.2232238748732414,0.5492126444044914,187.3042966488746,191.9411889939081,196.5780813389416,4.831576139898409,0.5094918680027831,0.19525548529150005,0.31423638271128307,191.81596838612555,189.61571622268528,34.78879422482886
2015-07-23 00:00:00+01:00,193.70899963378906,192.47469206727848,191.88657464114021,2.0004187670629108,0.4534216967504108,187.36610764678161,191.8844749813988,196.40284231601598,4.709466292210655,0.5881174261382682,0.21910483474158815,0.3690125913966801,191.81596838612555,189.61571622268528,34.78879422482886
2015-07-24 00:00:00+01:00,192.2100067138672,192.43397124367675,191.91053257245332,0.5204671834060548,-0.2195383097580077,187.40747795489088,191.7749517531622,196.14242555143355,4.554790663060946,0.5234386712234311,0.12354086386140084,0.3998978073620303,191.81596838612555,189.61571622268528,34.78879422482886
2015-07-27 00:00:00+01:00,192.07000732421875,192.37797679452936,191.92234551702853,0.24765265191678054,-0.888348934997282,187.4687384362996,191.65495227632067,195.84116611634175,4.368490133232312,0.455631277500828,0.04458677611103817,0.4110445013897898,192.39731144361494,190.1791849849579,29.98618465587609
2015-07-28 00:00:00+01:00,191.80799865722656,192.29028785032892,191.91387537926542,1.2731210806955175,-0.47387293785916995,187.453167718078,191.62723795572916,195.80130819338032,4.356447739037478,0.37641247106350306,-0.027705624261029405,0.40411809532453247,192.39731144361494,190.1791849849579,29.98618465587609
2015-07-29 00:00:00+01:00,192.85000610351562,192.3763983508192,191.98321839587655,2.161785876584389,0.5767791627172016,187.4536373086775,191.6248575846354,195.79607786059333,4.353527333076408,0.3931799549426387,-0.008750512305515046,0.40193046724815373,192.39731144361494,190.1791849849579,29.98618465587609
2015-07-30 00:00:00+01:00,193.33399963378906,192.52372162512225,192.08327626535154,2.497717386992207,1.2167267864062694,187.457584081737,191.6904769170852,195.9233697524334,4.416383018525342,0.4404453597707061,0.030811914018041897,0.4096334457526642,192.39731144361494,190.1791849849579,29.98618465587609
2015-07-31 00:00:00+01:00,193.55999755859375,192.68314869181017,192.19266302781392,1.757333920428266,0.9673406342954536,187.44709380474845,191.74476260230654,196.04243139986463,4.482697455963151,0.49048566399625315,0.06468177459487118,0.425803889401382,192.39731144361494,190.1791849849579,29.98618465587609
2015-08-03 00:00:00+01:00,193.8000030517578,192.85497243949442,192.31172525180978,1.8882716964324118,1.0282710860808493,187.4422561979267,191.82714335123697,196.21203050454724,4.571706669562932,0.5432471876846421,0.09395463862660808,0.449292549058034,192.76487429574328,190.65358712996394,25.160359981210007
2015-08-04 00:00:00+01:00,193.2239990234375,192.91174576010104,192.37930108674516,1.2937030636454665,0.660692199387654,187.5910424597716,191.96333385649183,196.33562525321207,4.55534013593334,0.532444673355883,0.06652169943827918,0.4659229739176038,192.76487429574328,190.65358712996394,25.160359981210007
2015-08-05 00:00:00+01:00,193.42999267578125,192.99147605482108,192.45713009334042,2.7488635590033255,0.7328723480658255,187.6645332050811,192.067381359282,196.47022951348288,4.584691188104342,0.5343459614806534,0.05473839005043968,0.4796075714302137,192.76487429574328,190.65358712996394,25.160359981210007
2015-08-06 00:00:00+01:00,194.6300048828125,193.24355741297362,192.61808378144946,2.591922932417731,0.49191682890210586,187.95729891556604,192.317381359282,196.67746380299795,4.5342572916699275,0.6254736315241587,0.11669284807515601,0.5087807834490027,192.76487429574328,190.65358712996394,25.160359981210007
2015-08-07 00:00:00+01:00,193.5,193.28301011866998,192.6834109087495,1.0135953168364438,-0.6974184771088687,189.4571998080882,192.68785749162947,195.91851517517074,3.3532550785475514,0.5995992099204841,0.07265474117718518,0.5269444687432989,192.76487429574328,190.65358712996394,25.160359981210007
2015-08-10 00:00:00+01:00,192.52000427246094,193.1656246038686,192.67130671346885,0.9486884037186485,-0.191310985929789,190.93143285063664,192.94928632463728,194.96713979863793,2.0915894662658725,0.49431789039974205,-0.02610126267484547,0.5204191530745875,193.23324892014395,191.15593156410412,21.13883941898827
2015-08-11 00:00:00+01:00,194.19400024414062,193.32383624083351,192.78409882685196,2.122898853812103,1.175907887015228,191.54063242492938,193.14771525065103,194.75479807637268,1.6640971638065811,0.5397374139815554,0.015454608725574248,0.5242828052559811,193.23324892014395,191.15593156410412,21.13883941898827
2015-08-12 00:00:00+01:00,194.86000061035156,193.56016922075938,192.9378693293334,2.0831267644165905,0.552136163830653,191.77583379062287,193.3172389439174,194.85864409721194,1.5946898080224552,0.6222998914259676,0.07841366893598922,0.5438862224899784,193.23324892014395,191.15593156410412,21.13883941898827
2015-08-13 00:00:00+01:00,193.97000122070312,193.6232202976738,193.01432354350894,1.699680973092626,0.7056776771941884,191.82638212936564,193.37319147019159,194.92000081101753,1.5998177710837287,0.6088967541648742,0.052008425339916675,0.5568883288249575,193.23324892014395,191.15593156410412,21.13883941898827
2015-08-14 00:00:00+01:00,194.1699981689453,193.70733997017712,193.09992907131902,1.4050758114934752,0.7400672665716002,191.8191822768482,193.40081060500373,194.98243893315924,1.6355963795682218,0.6074108988580917,0.04041805602650739,0.5669928428315844,193.23324892014395,191.15593156410412,21.13883941898827
2015-08-17 00:00:00+01:00,194.60499572753906,193.84544085592512,193.2114154902983,1.9185893925142068,0.6325786503267068,191.783457348602,193.43962024507067,195.09578314153933,1.7123305911895894,0.634025365626826,0.053626018236193285,0.5803993473906327,193.37216391225743,191.5122261830156,19.95805018526953
2015-08-18 00:00:00+01:00,193.9080047607422,193.85506607205082,193.26301469551635,1.9809886003820907,0.2569895769445907,191.7861137725975,193.45233444940476,195.11855512621202,1.7226162522665627,0.5920513765344708,0.00932162331507047,0.5827297532194003,193.37216391225743,191.5122261830156,19.95805018526953
2015-08-19 00:00:00+01:00,194.81199645996094,194.0022861317293,193.3777540854752,1.6432420082747967,0.6822434731185467,191.74979767064505,193.51400102887834,195.27820438711163,1.8233340728353957,0.6245320462541031,0.03344183442776216,0.5910902118263409,193.37216391225743,191.5122261830156,19.95805018526953
2015-08-20 00:00:00+01:00,194.27999877929688,194.04501115443202,193.4445870257583,1.0904166363510797,-0.18459251892235784,191.8459655363826,193.59257216680618,195.33917879722975,1.8044149224058381,0.6004241286737226,0.007467133477905397,0.5929569951958172,193.37216391225743,191.5122261830156,19.95805018526953
2015-08-21 00:00:00+01:00,193.64999389648438,193.9842392685939,193.45980234951577,0.23219899325766846,-2.139795025297019,191.84372422078462,193.58976236979166,195.3358005187987,1.8038538067646204,0.5244369190781413,-0.05481606089414082,0.5792529799722821,193.37216391225743,191.5122261830156,19.95805018526953
2015-08-24 00:00:00+01:00,190.81900024414062,193.49727941867803,193.26418737874724,-2.2241940926144252,-9.417187256676925,191.49108853165265,193.52352396647134,195.55595940129004,2.1004531058155194,0.23309203993079564,-0.2769287520331891,0.5100207919639848,191.07044102125755,190.7914789053359,26.64923175718117
2015-08-25 00:00:00+01:00,187.33999633789062,192.55000509855688,192.82535841275785,-2.8693647604141006,-5.715357802406288,190.01065804915126,193.29828534807478,196.5859126469983,3.4016104105667058,-0.2753533142009701,-0.6282992849319639,0.35294597073099376,191.07044102125755,190.7914789053359,26.64923175718117
2015-08-26 00:00:00+01:00,186.031005859375,191.54708213868275,192.3220730384332,-4.252065714214439,-8.119070108745689,188.5351584287091,193.023190452939,197.51122247716887,4.650251623857713,-0.7749908997504349,-0.9023494963851428,0.127358596634708,191.07044102125755,190.7914789053359,26.64923175718117
2015-08-27 00:00:00+01:00,185.82000732421875,190.6659937056883,191.84043854108398,-5.206435855537109,-6.380431827216796,187.25046252803466,192.6884286063058,198.12639468457692,5.644309954264863,-1.1744448353956898,-1.0414427456243183,-0.13300208977137157,191.07044102125755,190.7914789053359,26.64923175718117
2015-08-28 00:00:00+01:00,186.4669952392578,190.01999394162206,191.44240570391167,-4.47240448320855,-6.064399722466362,186.32512231397882,192.3614283970424,198.39773448010598,6.276004637067239,-1.422411762289613,-1.031527738014593,-0.3908840242750199,191.07044102125755,190.7914789053359,26.64923175718117
2015-08-31 00:00:00+01:00,186.96400451660156,189.54984172238815,191.11067228262945,-4.000671672277889,-4.919678019934139,185.61944704041997,192.0473334902809,198.4752199401418,6.6940647735535705,-1.5608305602412997,-0.9359572287730239,-0.6248733314682758,188.44695966358577,189.70698148289395,33.68553898463153
2015-09-01 00:00:00+01:00,186.05599975585938,189.0123275736914,190.7362520954613,-4.574249531984748,-7.48124721264881,184.8210196397051,191.67857142857142,198.53612321743773,7.155261788271171,-1.7239245217699022,-0.879240952241301,-0.8446835695286011,188.44695966358577,189.70698148289395,33.68553898463153
2015-09-02 00:00:00+01:00,183.1699981689453,188.11350766526894,190.1757888416453,-5.9307937244578,-7.35578151742655,183.48982107878354,191.19980948311942,198.9097978874553,8.064849463164956,-2.0622811763763593,-0.9740780854782065,-1.0882030908981528,188.44695966358577,189.70698148289395,33.68553898463153
2015-09-03 00:00:00+01:00,184.5399932861328,187.56373622232493,189.75832250419992,-5.061316278613987,-6.992316034473362,182.6384222619337,190.77647617885046,198.91453009576722,8.531506692981834,-2.19458628187499,-0.8851065527814699,-1.3094797290935203,188.44695966358577,189.70698148289395,33.68553898463153
2015-09-04 00:00:00+01:00,183.1999969482422,186.8923917186199,189.27252061116602,-6.025526592611328,-8.696516582845703,181.67951021854586,190.23219008672805,198.78486995491025,8.99183241730327,-2.380128892546111,-0.8565193307620724,-1.5236095617840384,188.44695966358577,189.70698148289395,33.68553898463153
2015-09-07 00:00:00+01:00,181.08999633789062,185.9997155062,188.66640770203452,-6.149409411018894,-8.245402453011081,180.38719183279932,189.64123753138952,198.89528322997973,9.759528907375401,-2.6666921958345142,-0.9144661072403806,-1.7522260885941336,187.7083073782629,189.21041310071155,39.19091239639965
2015-09-08 00:00:00+01:00,182.4010009765625,185.446067117025,188.2023035001477,-3.3033014249523944,-6.361300082178957,179.50976675576828,189.15938023158483,198.80899370740138,10.202627502799684,-2.7562363831227117,-0.8032082356228625,-1.9530281474998492,187.7083073782629,189.21041310071155,39.19091239639965
2015-09-09 00:00:00+01:00,184.88999938964844,185.36051823589014,187.9569476401107,-1.5509417807357124,-3.1569445883529,179.17831780866118,188.7163325718471,198.254347335033,10.108308733219634,-2.5964294042205722,-0.5147210053765785,-2.0817083988439937,187.7083073782629,189.21041310071155,39.19091239639965
2015-09-10 00:00:00+01:00,184.69000244140625,185.25736195981568,187.71495169946593,-0.44494742700499046,-3.494950478762803,178.96198706997416,188.23204694475447,197.5021068195348,9.849608528669988,-2.4575897396502455,-0.30070507264500135,-2.156884667005244,187.7083073782629,189.21041310071155,39.19091239639965
2015-09-11 00:00:00+01:00,186.2310028076172,185.40715285947746,187.60502955932898,-0.7730288269071082,-1.8900332214383582,178.92583834273333,187.86352321079798,196.80120807886263,9.51508277424974,-2.19787669985152,-0.032793626277020316,-2.1650830735744995,187.7083073782629,189.21041310071155,39.19091239639965
2015-09-14 00:00:00+01:00,186.56700134277344,185.58559108767685,187.52813858032488,-0.9321455383326906,-2.9261335754420656,179.01015464413194,187.50147574288505,195.99279684163815,9.057337885059624,-1.942547492648032,0.17802846474117384,-2.120575957389206,187.42220695334714,188.87321210111213,42.1155112166183
2015-09-15 00:00:00+01:00,185.64199829101562,185.59426911895974,187.3884244848205,-1.306423752398615,-3.1784177709533026,179.17396749129463,187.07466634114584,194.97536519099705,8.446572702092805,-1.794155365860746,0.2611364732227677,-2.0552918390835138,187.42220695334714,188.87321210111213,42.1155112166183
2015-09-16 00:00:00+01:00,184.78599548339844,185.4699193288734,187.19565196619664,-0.035648304087260385,-2.965656238657573,179.30749438624846,186.6402849469866,193.97307550772476,7.8576718448763145,-1.7257326373232331,0.2636473614082244,-1.9893799987314575,187.42220695334714,188.87321210111213,42.1155112166183
2015-09-17 00:00:00+01:00,187.04400634765625,185.7120865625323,187.18441895741586,0.7525775025450798,-0.4644177367127327,179.90373766769224,186.27038065592447,192.6370236441567,6.8359155822981705,-1.4723323948835514,0.41363808307832484,-1.8859704779618762,187.42220695334714,188.87321210111213,42.1155112166183
2015-09-18 00:00:00+01:00,186.85000610351562,185.88715110729896,187.15964763490473,-0.02964275209222933,-1.2296549591234793,180.63664662516533,185.91657148088728,191.19649633660924,5.679886213117639,-1.2724965276057674,0.490779160284887,-1.7632756878906544,187.42220695334714,188.87321210111213,42.1155112166183
2015-09-21 00:00:00+01:00,186.3249969482422,185.9545120059056,187.09782165811492,0.22218566610382595,-1.0878271512789865,181.5638736233312,185.56776210239954,189.57165058146788,4.3152845448003205,-1.1433096522093251,0.4959728285450633,-1.6392824807543884,185.9808070362809,188.0481828298316,46.12373348831472
2015-09-22 00:00:00+01:00,186.83999633789062,186.0907403646725,187.07872348624645,-0.14471774894175837,-2.9687228758948834,182.07021345777943,185.37828572591147,188.6863579940435,3.5689965037470914,-0.987983121573933,0.5210394873443644,-1.5090226089182974,185.9808070362809,188.0481828298316,46.12373348831472
2015-09-23 00:00:00+01:00,184.34500122070312,185.82216511175415,186.87622554065064,-2.233220169556887,-3.936223099244387,182.02127155545685,185.23566691080728,188.45006226615772,3.470600893399428,-1.0540604288964914,0.36396974401744475,-1.4180301729139362,185.9808070362809,188.0481828298316,46.12373348831472
2015-09-24 00:00:00+01:00,183.28500366210938,185.43183258103957,186.61020910520313,-3.0852152087187505,-4.987208006570313,181.8082046123371,185.1049049014137,188.4016051904903,3.5619804789423695,-1.1783765241635535,0.19172291900030602,-1.3700994431638596,185.9808070362809,188.0481828298316,46.12373348831472
2015-09-25 00:00:00+01:00,183.09800720214844,185.07278252274864,186.35004600127314,-1.9630525930700173,-3.710046611624705,181.58842985402563,184.97528584798178,188.36214184193793,3.6619551400391575,-1.2772634785245032,0.07426877171148516,-1.3515322502359883,185.9808070362809,188.0481828298316,46.12373348831472
2015-09-28 00:00:00+01:00,182.97000122070312,184.74927770704932,186.0996723138235,-2.840669628276629,-4.249666210307879,181.38794917132319,184.8087623232887,188.22957547525422,3.7020032047846727,-1.3503946067741879,0.0009101147694403622,-1.3513047215436282,184.4415402214529,187.0931576529695,49.9388960673015
2015-09-29 00:00:00+01:00,181.69000244140625,184.27861997387345,185.77303010105186,-3.3330276596456088,-4.793034373512796,181.03375867129145,184.55761936732702,188.0814800633626,3.818710609852408,-1.494410127178412,-0.11448432450782708,-1.379925802670585,184.4415402214529,187.0931576529695,49.9388960673015
2015-09-30 00:00:00+01:00,181.64999389648438,183.87421596196742,185.46762001182464,-2.469618913191823,-4.618620988387136,180.6839035445455,184.34780956449964,188.01171558445378,3.9749927364037516,-1.593404049857213,-0.1707825977493025,-1.4226214521079106,184.4415402214529,187.0931576529695,49.9388960673015
2015-10-01 00:00:00+01:00,181.2469940185547,183.47002797067316,185.1549810493602,-3.1559881294383274,-4.094983490766452,180.3886974821296,184.25623793829055,188.1237783944515,4.198002194591897,-1.6849530786870446,-0.20986530126330716,-1.4750877774237374,184.4415402214529,187.0931576529695,49.9388960673015
2015-10-02 00:00:00+01:00,181.36300659179688,183.1458708354614,184.87409405250366,-2.30008892555054,-4.161096615980227,180.04965760011225,184.10495285760788,188.1602481151035,4.4054167957470565,-1.728223217042256,-0.20250835169481496,-1.525714865347441,184.4415402214529,187.0931576529695,49.9388960673015
2015-10-05 00:00:00+01:00,182.2480010986328,183.00773702979546,184.67956864851323,-1.4805635215601,-2.4795717002710376,179.94403677497425,184.0596197219122,188.17520266885018,4.472010703005928,-1.6718316187177606,-0.11689340269625559,-1.554938216021505,184.3216937251092,186.66299237860554,48.926430489427226
2015-10-06 00:00:00+01:00,182.52000427246094,182.93270122097476,184.5196009169538,-1.3476038466413058,-2.5595942030866183,180.16649868654594,184.1277153378441,188.08893198914228,4.302683758422779,-1.5868996959790422,-0.025569183966029696,-1.5613305120130125,184.3216937251092,186.66299237860554,48.926430489427226
2015-10-07 00:00:00+01:00,183.07899475097656,182.95520791789812,184.41288934910364,-0.402894842267699,-1.8268908139473865,180.24481957750942,184.16000075567337,188.0751819338373,4.251934363703931,-1.4576814312055149,0.08291926464599819,-1.540600695851513,184.3216937251092,186.66299237860554,48.926430489427226
2015-10-08 00:00:00+01:00,183.63900756835938,183.06040786412294,184.35556477275222,-0.2595717307600296,-1.3365675803694046,180.1934300830192,184.10042971656435,188.0074293501095,4.2444220684984355,-1.2951569086292807,0.19635502977778585,-1.4915119384070665,184.3216937251092,186.66299237860554,48.926430489427226
2015-10-09 00:00:00+01:00,184.08200073242188,183.2175759977074,184.33530076976479,0.4976917839461521,-0.3353007697647854,180.17338168259298,184.07147725423178,187.96957282587059,4.2354151004665646,-1.117724772057386,0.29902973307974445,-1.4167545051371304,184.3216937251092,186.66299237860554,48.926430489427226
2015-10-12 00:00:00+01:00,184.1199951171875,183.35640970839665,184.3193522029072,0.3416432804912404,-0.4093485407978221,180.19380049111612,183.97095307849702,187.74810566587792,4.10624886611231,-0.9629424945105427,0.3630496085012702,-1.325992103011813,184.27112853972125,186.30685034865408,48.19700127678307
2015-10-13 00:00:00+01:00,184.05799865722656,183.4643464697551,184.29999268100494,0.027003168604437633,-2.44899475620025,180.25599089462972,183.85147676013764,187.44696262564557,3.911293973666348,-0.8356462112498377,0.39227671340958015,-1.2279229246594179,184.27112853972125,186.30685034865408,48.19700127678307
2015-10-14 00:00:00+01:00,182.6199951171875,183.33444626166778,184.17554841701846,0.11645902927060092,-1.8555410927997116,180.168802319812,183.70757184709822,187.24634137438446,3.852611508285124,-0.8411021553506828,0.309456615446988,-1.1505587707976708,184.27112853972125,186.30685034865408,48.19700127678307
2015-10-15 00:00:00+01:00,183.92300415039062,183.4249936291636,184.15684143430528,0.17316039674940953,-1.406841434305278,180.15884940566116,183.6664770217169,187.17410463777264,3.8195621464890377,-0.7318478051416832,0.33496877252479007,-1.0668165776664733,184.27112853972125,186.30685034865408,48.19700127678307
2015-10-16 00:00:00+01:00,184.1699981689453,183.53960971220692,184.15781600724156,0.5381831382662483,-0.4848118568509392,180.35095190784253,183.52961948939733,186.70828707095214,3.4639287003354133,-0.6182062950346392,0.35888822610546733,-0.9770945211401065,184.27112853972125,186.30685034865408,48.19700127678307
2015-10-19 00:00:00+01:00,184.1269989013672,183.62997727977003,184.15553325865827,0.932464177865171,-0.3195347235020165,180.570702854793,183.3999524797712,186.2292021047494,3.085332996790446,-0.5255559788882351,0.3612308338014971,-0.8867868126897323,184.81075215636363,186.24730021165328,43.599213131873405
2015-10-20 00:00:00+01:00,184.83999633789062,183.81613405794243,184.20623422749028,1.3627660166503404,0.49376272075190286,180.73117071718426,183.32923816499255,185.92730561280084,2.8343187085849153,-0.3901001695478499,0.39734931451350586,-0.7874494840613557,184.81075215636363,186.24730021165328,43.599213131873405
2015-10-21 00:00:00+01:00,185.00999450683594,183.99980489623374,184.26577202596033,1.282232124430294,0.5472315140787316,181.02625148725386,183.2420952206566,185.45793895405936,2.41848766325715,-0.2659671297265902,0.4171858834678124,-0.6831530131944026,184.81075215636363,186.24730021165328,43.599213131873405
2015-10-22 00:00:00+01:00,184.81399536132812,184.12506496778673,184.3063811619135,1.4186249416021326,0.1836243312505701,180.99574699438224,183.2644282749721,185.53310955556194,2.4758555732221965,-0.18131619412676514,0.40146945525410993,-0.5827856493808751,184.81075215636363,186.24730021165328,43.599213131873405
2015-10-23 00:00:00+01:00,185.88999938964844,184.39659334038083,184.42368621581977,1.748310854492729,0.813313295898979,180.85897885385435,183.3884756905692,185.91797252728406,2.7586213661352064,-0.02709287543893879,0.44455421915354904,-0.4716470945924878,184.81075215636363,186.24730021165328,43.599213131873405
2015-10-26 00:00:00+00:00,185.76199340820312,184.60665488927657,184.52282008192225,1.366187486437127,0.6801828477652521,180.7966970049577,183.5153321765718,186.2339673481859,2.96284254767152,0.08383480735432158,0.44438552155744754,-0.36055071420312595,185.22716729044035,186.22054268978764,39.53233627881281
2015-10-27 00:00:00+00:00,185.73399353027344,184.78009160327608,184.61253663365196,1.0934570186917938,-0.6725341922457062,180.78292406877904,183.6469508579799,186.51097764718077,3.1190572735571394,0.16755496962412053,0.42248454706179717,-0.25492957743767664,185.22716729044035,186.22054268978764,39.53233627881281
2015-10-28 00:00:00+00:00,184.447998046875,184.72900028690668,184.600348590187,0.09764945668800351,-0.680350421241684,181.03485120285757,183.77828398204986,186.52171676124215,2.9855897222984717,0.12865169671968602,0.3068650193258901,-0.1782133226062041,185.22716729044035,186.22054268978764,39.53233627881281
2015-10-29 00:00:00+00:00,184.5399932861328,184.69992228678763,184.59587782692373,0.7361229054981493,-0.5158759958690382,181.32777676465946,183.91590300060454,186.50402923654963,2.814467040336991,0.10404445986389987,0.22580622597608319,-0.1217617661121833,185.22716729044035,186.22054268978764,39.53233627881281
2015-10-30 00:00:00+00:00,185.36000061035156,184.80147279810515,184.65247951458505,1.6075149922508842,-0.06448207806161577,181.7484147191698,184.11176045735678,186.47510619554376,2.567294704386217,0.14899328352009888,0.21660403970582576,-0.06761075618572686,185.22716729044035,186.22054268978764,39.53233627881281
2015-11-02 00:00:00+00:00,186.0330047607422,184.99093925389548,184.75474064393003,2.2022600884918404,0.8052569146637154,182.17740746973402,184.33414132254464,186.49087517535526,2.3400264729438294,0.23619860996544162,0.24304749292093478,-0.006848882955493157,185.24144628444722,186.0847514873124,33.36952792207687
2015-11-03 00:00:00+00:00,186.26800537109375,185.18741096423366,184.86683432742365,1.7271598132013537,1.0171683581232287,182.43073816103598,184.52557009742372,186.62040203381147,2.2705058548598367,0.32057663681001713,0.26194041581240823,0.0586362209976089,185.24144628444722,186.0847514873124,33.36952792207687
2015-11-04 00:00:00+00:00,186.68899536132812,185.41842394840205,185.00180921882398,2.248190781176021,1.4881962743400834,182.6369830723436,184.72409348260788,186.81120389287216,2.259705673381235,0.4166147295780718,0.2863828068643703,0.1302319227137015,185.24144628444722,186.0847514873124,33.36952792207687
2015-11-05 00:00:00+00:00,186.93699645996094,185.6520504886419,185.14515642187115,2.512848338871038,0.11683698633197537,182.75414093477215,184.90780784970238,187.0614747646326,2.329449405057877,0.5068940667707409,0.3013297152456315,0.20556435152510938,185.24144628444722,186.0847514873124,33.36952792207687
2015-11-06 00:00:00+00:00,185.0500030517578,185.55942780604434,185.13810802408497,0.5588982015009663,-0.8381049723271587,182.8971541566389,184.97499811081659,187.05284206499428,2.24662140872993,0.4213197819593688,0.17260434434740754,0.24871543761196127,185.24144628444722,186.0847514873124,33.36952792207687
2015-11-09 00:00:00+00:00,185.39999389648438,185.5348995122659,185.15750697759603,1.4304904589274088,0.23749729486490878,182.99223057552373,185.03775969005767,187.0832888045916,2.210931561169181,0.3773925346698661,0.10294167764632389,0.2744508570235422,185.74096602068616,186.17835920243405,28.233854291463587
2015-11-10 00:00:00+00:00,186.07200622558594,185.61753131431513,185.2252476626323,1.244753558070812,0.654757220180187,183.0830461881603,185.1307125999814,187.1783790118025,2.2121304272679643,0.392283651682817,0.09426623572741982,0.29801741595539716,185.74096602068616,186.17835920243405,28.233854291463587
2015-11-11 00:00:00+00:00,186.3070068359375,185.7236044714878,185.30537797176603,1.6856193426870902,0.6526145819449027,183.19050956189943,185.23780822753906,187.2851068931787,2.2104544263715393,0.4182264997217544,0.09616726701308581,0.3220592327086686,185.74096602068616,186.17835920243405,28.233854291463587
2015-11-12 00:00:00+00:00,186.84100341796875,185.89551200171562,185.41912800481808,2.0568699199866103,1.1358646709631728,183.6460250946277,185.43880862281435,187.231592151001,1.9335580739554883,0.47638399689753896,0.1234598113510963,0.35292418554644267,185.74096602068616,186.17835920243405,28.233854291463587
2015-11-13 00:00:00+00:00,186.68699645996094,186.01727884144566,185.5130441866805,1.4579488553116846,0.8869497098038721,183.83725521955384,185.57042730422248,187.30359938889112,1.8679399620363986,0.5042346547651562,0.12104837537497082,0.38318627939018535,185.74096602068616,186.17835920243405,28.233854291463587
2015-11-16 00:00:00+00:00,186.1699981689453,186.04077412259946,185.56170744462605,1.6072989030301983,0.5512991471708233,184.03394378382143,185.66566539946058,187.29738701509973,1.757698831529776,0.47906667797340674,0.07670431886657714,0.4023623591068296,185.99064584484546,186.22288010110978,27.15928391041239
2015-11-17 00:00:00+00:00,187.375,186.24603964219955,185.69602541169078,2.1699719027623416,1.1839794711217166,184.18557985681278,185.82033211844308,187.45508438007337,1.7594977287935263,0.550014230508765,0.11812149712154829,0.4318927333872167,185.99064584484546,186.22288010110978,27.15928391041239
2015-11-18 00:00:00+00:00,187.83399963378906,186.49034117936716,185.85439387258694,2.0816107660849354,1.4256049067099354,184.17953517667675,185.96290370396204,187.74627223124733,1.9179830942242861,0.6359473067802242,0.163243658714406,0.47270364806581816,185.99064584484546,186.22288010110978,27.15928391041239
2015-11-19 00:00:00+00:00,188.22000122070312,186.75644272418808,186.02962404652146,2.7543725355097877,1.6213769300410377,184.14488284516818,186.11576116652716,188.08663948788615,2.11790587643519,0.7268186776666141,0.2032920236806368,0.5235266539859773,185.99064584484546,186.22288010110978,27.15928391041239
2015-11-20 00:00:00+00:00,187.8679962158203,186.92745095366996,186.16579976276583,1.894197795827921,0.704195354421671,184.24579703761995,186.26118977864584,188.27658251967173,2.1640501098709817,0.7616511909041321,0.19049962953452382,0.5711515613696083,185.99064584484546,186.22288010110978,27.15928391041239
2015-11-23 00:00:00+00:00,186.6959991455078,186.89184298318347,186.2050737911171,0.756931824117288,-0.1340746456092745,184.28321694611446,186.29957071940103,188.3159244926876,2.1646359843990632,0.6867691920663788,0.09249410455741636,0.5942750875089624,185.52709926440218,185.99104095859633,24.117279946543025
2015-11-24 00:00:00+00:00,185.91700744628906,186.7418682851997,186.18373554335204,-0.2037398158129804,-1.783741646867668,184.29740112917585,186.30695234026228,188.31650355134872,2.157247688123073,0.5581327418476576,-0.02891387652904387,0.5870466183767015,185.52709926440218,185.99104095859633,24.117279946543025
2015-11-25 00:00:00+00:00,184.75,186.43542701055358,186.07753291051114,-0.3175384036752007,-1.5875274173470757,184.1556437009642,186.26009550548736,188.36454731001052,2.259691533832771,0.3578941000424436,-0.18332201466740627,0.5412161147098499,185.52709926440218,185.99104095859633,24.117279946543025
2015-11-26 00:00:00+00:00,185.5189971923828,186.29443780775807,186.0361598943535,-0.46615257013473865,-1.3361629461113012,184.33689641396438,186.31109546479723,188.28529451563008,2.1192501132664625,0.2582779134045836,-0.22635056104421303,0.48462847444879664,185.52709926440218,185.99104095859633,24.117279946543025
2015-11-27 00:00:00+00:00,185.15499877929688,186.1191394956871,185.9708887006456,-0.6688867475205882,-1.7188897992784007,184.45593783110596,186.3403814406622,188.22482505021847,2.022582110208178,0.14825079504151972,-0.2691021435258215,0.41735293856734124,185.52709926440218,185.99104095859633,24.117279946543025
2015-11-30 00:00:00+00:00,184.66000366210938,185.89465705975206,185.87378610519846,-0.39379037765939984,-1.5537787809797123,184.33183950931604,186.30704825265067,188.2822569959853,2.1203800520268627,0.020870954553600995,-0.3171855872109922,0.3380565417645932,185.67806475211447,185.9894630684453,22.17956423547158
2015-12-01 00:00:00+00:00,185.50399780273438,185.8345556355955,185.84639437909001,0.16559902911311042,-0.8863876652228271,184.27999762552915,186.2818574451265,188.28371726472383,2.1492805011213023,-0.011838743494507753,-0.2799162282072808,0.26807748471277304,185.67806475211447,185.9894630684453,22.17956423547158
2015-12-02 00:00:00+00:00,185.27999877929688,185.74923919616495,185.8044391494757,-0.18844183502258716,-1.3354450088507122,184.18792478937692,186.23480951218377,188.28169423499062,2.198176300304311,-0.055199953310761884,-0.25862195041882796,0.20342199710806605,185.67806475211447,185.9894630684453,22.17956423547158
2015-12-03 00:00:00+00:00,184.19000244140625,185.50935661850977,185.68485124517426,-0.13785417486175788,-1.6848512451742579,183.90442409695586,186.11580984933036,188.32719560170486,2.376354544156909,-0.1754946266644879,-0.30313329901804315,0.12763867235355525,185.67806475211447,185.9894630684453,22.17956423547158
2015-12-04 00:00:00+00:00,185.59800720214844,185.5229951698388,185.67841835309827,0.5515773744407966,-0.5584232359107659,183.86193700963065,186.0520484561012,188.24215990257176,2.354299739932514,-0.15542318325947235,-0.22644948449042207,0.07102630123094972,185.67806475211447,185.9894630684453,22.17956423547158
2015-12-07 00:00:00+00:00,186.11000061035156,185.61330369914845,185.7103874091911,0.622605144519838,0.00961381151202545,183.95874741320682,186.10252453031995,188.24630164743309,2.3038667772224293,-0.09708371004265359,-0.13448800901888264,0.03740429897622905,185.16870780023777,185.72668175816517,22.060594870220772
2015-12-08 00:00:00+00:00,185.531005859375,185.60064249302945,185.6970998869825,-0.11110135182624958,-1.9261037932324996,183.9724506765569,186.1087631952195,188.2450757138821,2.2957677886685146,-0.09645739395304531,-0.10708935434341949,0.01063196039037418,185.16870780023777,185.72668175816517,22.060594870220772
2015-12-09 00:00:00+00:00,184.447998046875,185.42331257823645,185.60457382475232,-0.2865806606898218,-1.5445762661585718,183.78087132424068,186.03142947242372,188.28198762060677,2.4195461536424485,-0.1812612465158736,-0.15351456552499823,-0.027746680990875378,185.16870780023777,185.72668175816517,22.060594870220772
2015-12-10 00:00:00+00:00,184.6999969482422,185.31203325054503,185.537568130196,-0.6005716702350696,-2.1475687405475696,183.63870521326533,185.95490519205728,188.27110517084924,2.49114157693205,-0.2255348796509793,-0.15823055892808313,-0.06730432072289616,185.16870780023777,185.72668175816517,22.060594870220772
2015-12-11 00:00:00+00:00,184.49000549316406,185.18556744171718,185.45997089782327,-0.4109749261435809,-1.6999763909873309,183.48205442183047,185.84295290992372,188.20385139801698,2.5407457760720793,-0.27440345610608574,-0.16567930830655167,-0.10872414779953407,185.16870780023777,185.72668175816517,22.060594870220772
2015-12-14 00:00:00+00:00,183.67999267578125,184.9539405546501,185.32812065915348,-0.967128227512859,-2.8601183398175465,183.2003115943698,185.69976225353423,188.19921291269867,2.69192661189513,-0.374180104503381,-0.21236476536307755,-0.16181533914030347,183.58580458980694,184.96858410256235,26.86579423322857
2015-12-15 00:00:00+00:00,183.54600524902344,184.73733512301524,185.19611211025497,-1.02611394130966,-2.5801147958018475,182.92410480396612,185.5748102097284,188.2255156154907,2.856751304518739,-0.45877698723973026,-0.23756931847954144,-0.22120766876018882,183.58580458980694,184.96858410256235,26.86579423322857
2015-12-16 00:00:00+00:00,183.0240020751953,184.47374542335064,185.03521507062092,-1.460218122378734,-2.4092079905427966,182.63328054649043,185.36761983235678,188.10195911822314,2.9501800674133305,-0.561469647270286,-0.2722095828080778,-0.28926006446220826,183.58580458980694,184.96858410256235,26.86579423322857
2015-12-17 00:00:00+00:00,183.33999633789062,184.299322487126,184.9096433126409,-1.2716428243596454,-2.519643922992458,182.52343880951437,185.15361967540923,187.7838005413041,2.841079607847579,-0.61032082551489,-0.2568486088421454,-0.3534722166727446,183.58580458980694,184.96858410256235,26.86579423322857
2015-12-18 00:00:00+00:00,182.75999450683594,184.0625027978506,184.75041006776647,-1.0864086029227167,-4.040403353899279,182.45481160801128,184.89361935570128,187.33242710339127,2.6380658847920277,-0.6879072699158542,-0.26754804259448767,-0.4203592273213665,183.58580458980694,184.96858410256235,26.86579423322857
2015-12-21 00:00:00+00:00,180.7899932861328,183.55903979604787,184.45704586171954,-3.2670434203132857,-4.161040612696098,181.90783187349882,184.5565715971447,187.2053113207906,2.8703824531674034,-0.898006065671666,-0.3821174706802396,-0.5158885949914264,182.45387054034003,184.28592957954004,32.36829036183824
2015-12-22 00:00:00+00:00,180.53900146484375,183.09441851432416,184.16682035083986,-3.5898245012304812,-5.036815468027356,181.2843557186167,184.2633812313988,187.2424067441809,3.233442795713194,-1.072401836515695,-0.44521059321941503,-0.6271912432962801,182.45387054034003,184.28592957954004,32.36829036183824
2015-12-23 00:00:00+00:00,179.3719940185547,182.52173782266732,183.81164802992984,-3.670641560203279,-4.511644978172029,180.41300456186983,183.95171392531623,187.49042328876263,3.847432881090855,-1.2899102072625226,-0.5301751711729941,-0.7597350360895285,182.45387054034003,184.28592957954004,32.36829036183824
2015-12-24 00:00:00+00:00,179.85800170898438,182.1119322667161,183.51878533948943,-3.604783874645676,-4.578782898083176,179.797523906029,183.71876162574404,187.63999934545907,4.268739550621448,-1.4068530727733162,-0.5176944293470301,-0.889158643426286,182.45387054034003,184.28592957954004,32.36829036183824
2015-12-25 00:00:00+00:00,179.3979949951172,181.6944034557009,183.21354161027668,-3.443537337815741,-4.062540633714178,179.18759527627634,183.42728533063615,187.66697538499596,4.622747424645766,-1.519138154575785,-0.503983608919599,-1.015154545656186,182.45387054034003,184.28592957954004,32.36829036183824
2015-12-28 00:00:00+00:00,179.45899963378906,181.35049517540676,182.9354273897961,-2.9014308077648536,-3.869433127100791,178.67145083284214,183.15604727608817,187.6406437193342,4.897022522533459,-1.5849322143893403,-0.45582213498652346,-1.1291100794028168,180.72524881725795,183.2833689783334,38.44254173348329
2015-12-29 00:00:00+00:00,179.23399353027344,181.02487953769395,182.66124710390554,-3.1322401458977254,-4.571250766014913,178.17075064663706,182.89766584123885,187.62458103584063,5.168918009817473,-1.6363675662115895,-0.40580598944701807,-1.2305615767645715,180.72524881725795,183.2833689783334,38.44254173348329
2015-12-30 00:00:00+00:00,178.6540069580078,180.66012991004993,182.36441450050572,-3.3404124253104044,-4.114414500505717,177.6669425484571,182.57147580101378,187.47600905357046,5.3727267428151615,-1.704284590455785,-0.3789784109529708,-1.3253061795028143,180.72524881725795,183.2833689783334,38.44254173348329
2015-12-31 00:00:00+00:00,178.44000244140625,180.3185718379509,182.07371731094278,-3.3867208509818454,-4.853716090239658,177.19759491630666,182.24576168968565,187.29392846306465,5.539955197393981,-1.7551454729918703,-0.3438714347912448,-1.4112740382006255,180.72524881725795,183.2833689783334,38.44254173348329
2016-01-01 00:00:00+00:00,177.27499389648438,179.8503290777253,181.71825631727918,-4.4432624207948095,-4.6182502137635595,176.52790954644396,181.9164755684989,187.30504159055383,5.924219898407078,-1.867927239553893,-0.3653225610826141,-1.502604678471279,180.72524881725795,183.2833689783334,38.44254173348329
2016-01-04 00:00:00+00:00,177.26800537109375,179.45304850747428,181.38860809904324,-4.0546084652541765,-6.2836123715041765,176.04792840250698,181.51980881463913,186.99168922677129,6.028962291074049,-1.9355595915689605,-0.3463639304781452,-1.5891956610908153,177.1534973804506,181.38717262526234,46.18494642798677
2016-01-05 00:00:00+00:00,175.74000549316406,178.88181112065732,180.97019309120034,-4.829186621473781,-6.786187353895656,175.42994290481604,181.0259995233445,186.62205614187295,6.182599884285464,-2.0883819705430255,-0.39934904756176826,-1.6890329229812573,177.1534973804506,181.38717262526234,46.18494642798677
2016-01-06 00:00:00+00:00,174.72500610351562,178.24230265648168,180.50758664766815,-5.677584816613461,-7.374591042199398,174.6844761433771,180.5114281063988,186.33838006942048,6.456047713042419,-2.2652839911864646,-0.46100085456416595,-1.8042831366222987,177.1534973804506,181.38717262526234,46.18494642798677
2016-01-07 00:00:00+00:00,173.47999572753906,177.50964005202897,179.98702435728822,-6.267023136585095,-9.247018864124158,173.71795018026506,179.98914228166853,186.260334383072,6.968411562948125,-2.4773843052592497,-0.5384809349095607,-1.938903370349689,177.1534973804506,181.38717262526234,46.18494642798677
2016-01-08 00:00:00+00:00,171.8990020751953,176.64646497866994,179.3879115956517,-6.097918309518889,-8.265917577097014,172.59125741757396,179.37957109723772,186.16788477690147,7.568658613844007,-2.7414466169817615,-0.642034597305658,-2.0994120196761035,177.1534973804506,181.38717262526234,46.18494642798677
2016-01-11 00:00:00+00:00,170.00999450683594,175.6254695214647,178.69325107055423,-6.460249361569851,-8.867247042233913,171.21164077732502,178.69004676455543,186.16845275178585,8.370254664585849,-3.067781549089517,-0.774695623530731,-2.293085925558786,173.75566715825613,179.32614892363446,53.138522528262634
2016-01-12 00:00:00+00:00,171.09800720214844,174.92893685695452,178.1306404136353,-6.4896339439087285,-8.950647737854041,170.29816651350208,178.09090459914435,185.88364268478662,8.7514161413044,-3.2017035566807692,-0.7268941048975863,-2.474809451783183,173.75566715825613,179.32614892363446,53.138522528262634
2016-01-13 00:00:00+00:00,170.08999633789062,174.18448446940624,177.53503714876533,-6.273043740562201,-7.639041055015326,169.3501736355432,177.4501422700428,185.55011090454238,9.129289535505805,-3.350552679359083,-0.7005945820607202,-2.649958097298363,173.75566715825613,179.32614892363446,53.138522528262634
2016-01-14 00:00:00+00:00,169.1699981689453,173.4130250385661,176.9154046317416,-6.713408782132234,-8.075408293850984,168.36367879282017,176.79042779831659,185.217176803813,9.533037631550613,-3.5023795931755046,-0.6819371967017132,-2.8204423964737915,173.75566715825613,179.32614892363446,53.138522528262634
2016-01-15 00:00:00+00:00,170.47000122070312,172.96025214351027,176.43796734203505,-5.889963191644426,-9.177972835199114,167.87419810987615,176.17757088797433,184.4809436660725,9.426140610575256,-3.477715198524777,-0.5258182416407884,-2.9518969568839886,173.75566715825613,179.32614892363446,53.138522528262634
2016-01-18 00:00:00+00:00,166.9600067138672,172.03713746202672,175.735896184393,-7.623896672674249,-8.995890691228936,166.7873547511235,175.42519051688058,184.06302628263765,9.847885289799226,-3.6987587223662786,-0.5974894123858321,-3.1012693099804465,172.17644656253535,177.85355698755723,59.22898939066948
2016-01-19 00:00:00+00:00,167.25999450683594,171.30219239199738,175.10805161568507,-6.043049174278821,-8.736057597130383,165.8272015221133,174.78090486072358,183.73460819933385,10.24563106106487,-3.8058592236876905,-0.5636719309657954,-3.242187292721895,172.17644656253535,177.85355698755723,59.22898939066948
2016-01-20 00:00:00+00:00,166.69200134277344,170.5929322305783,174.4846404843583,-7.805639629866107,-10.484640484358295,164.92493598806152,174.12152390252976,183.318111816998,10.563413078806192,-3.8917082537799956,-0.5196167688464803,-3.3720914849335153,172.17644656253535,177.85355698755723,59.22898939066948
2016-01-21 00:00:00+00:00,166.29800415039062,169.93217406439558,173.87822297813847,-7.130221879505655,-9.41821626427128,164.04197274485108,173.4989529564267,182.95593316800233,10.90148389996416,-3.946048913742885,-0.4591659430474957,-3.4868829706953894,172.17644656253535,177.85355698755723,59.22898939066948
2016-01-22 00:00:00+00:00,167.7259979248047,169.59276235061236,173.42250260381743,-3.0805073645596224,-6.331499185848685,163.60753463964082,172.9212384905134,182.23494234138596,10.772191932205631,-3.829740253205074,-0.2742858260077474,-3.5554544271973265,172.17644656253535,177.85355698755723,59.22898939066948
2016-01-25 00:00:00+00:00,169.01800537109375,169.50433819991719,173.0962435495416,-3.1052462350884866,-4.779242206768174,163.44477148560466,172.4269532703218,181.40913505503894,10.418535634200246,-3.591905349624426,-0.029160737941679393,-3.5627446116827466,172.40462851890376,177.14033347956914,56.997207491448904
2016-01-26 00:00:00+00:00,168.3209991455078,169.32228603770037,172.74252174183542,-2.905516126601043,-5.7225174693744805,163.33230939172125,171.89657229468935,180.46083519765745,9.964437089863582,-3.4202357041350524,0.11400712603815544,-3.534242830173208,172.40462851890376,177.14033347956914,56.997207491448904
2016-01-27 00:00:00+00:00,169.75999450683594,169.38962580218276,172.52159379850212,-2.5025966061193117,-3.9585902584630617,163.49890903759223,171.44542948404947,179.3919499305067,9.270028918672985,-3.1319679963193607,0.32181986708307786,-3.4537878634024386,172.40462851890376,177.14033347956914,56.997207491448904
2016-01-28 00:00:00+00:00,168.75900268554688,169.29260686116186,172.24288334569061,-1.1328827353390523,-3.5528809042843648,163.6437597219209,170.9742388044085,178.30471788689607,8.57495156433891,-2.9502764845287572,0.4028091030989449,-3.353085587627702,172.40462851890376,177.14033347956914,56.997207491448904
2016-01-29 00:00:00+00:00,170.74000549316406,169.5152835737776,172.13155906031827,2.0084403293301705,-2.041562722427642,164.08132481969352,170.6075722830636,177.1338197464337,7.650595311844726,-2.6162754865406725,0.5894480808696239,-3.2057235674102964,172.40462851890376,177.14033347956914,56.997207491448904
2016-02-01 00:00:00+00:00,172.86099243164062,170.03000801344882,172.1855911618977,1.808412134000747,0.23440700704762207,164.48850034638724,170.39738173711868,176.30626312785012,6.935413361981571,-2.1555831484488692,0.8401123351691417,-2.995695483618011,171.49275446182125,176.073001032153,54.43409694085097
2016-02-02 00:00:00+00:00,174.32200622558594,170.69031543070068,172.34384412957832,2.20416002081231,0.4261601428826225,164.8925378905788,170.25709606352308,175.62165423646735,6.301714638598969,-1.6535286988776363,1.0737334277922996,-2.727262126669936,171.49275446182125,176.073001032153,54.43409694085097
2016-02-03 00:00:00+00:00,172.68299865722656,170.99688208093542,172.36896668718188,1.3330291624274935,-1.2789703492912565,165.20351847279238,170.1115243094308,175.0195301460692,5.77033902501609,-1.3720846062464602,1.0841420163387805,-2.4562266225852407,171.49275446182125,176.073001032153,54.43409694085097
2016-02-04 00:00:00+00:00,172.27000427246094,171.19274703347781,172.3616361379433,0.08636190893170692,-1.7816343068886056,165.4265614869423,169.99461946033296,174.56267743372362,5.3743559506677085,-1.1688891044654781,1.0298700144958102,-2.1987591189612883,171.49275446182125,176.073001032153,54.43409694085097
2016-02-05 00:00:00+00:00,170.36199951171875,171.06493972243797,172.2135149063711,-1.7355180801992276,-2.8815141739492276,165.54604977680486,169.8461434500558,174.14623712330672,5.063516410680698,-1.1485751839331328,0.8401471480225244,-1.9887223319556573,171.49275446182125,176.073001032153,54.43409694085097
2016-02-08 00:00:00+00:00,169.66900634765625,170.85018074170233,172.02503279091076,-1.3970268094654443,-5.945030959856069,165.5388858626578,169.73995317731584,173.9410204919739,4.950004092754139,-1.1748520492084253,0.6510962261977855,-1.8259482754062109,169.31850338144855,174.48685820194586,56.556585821184306
2016-02-09 00:00:00+00:00,166.9510040283203,170.25030740118203,171.64917880849666,-4.528176611231032,-7.109185522363845,165.2317451529039,169.5942869640532,173.9568287752025,5.144680153139797,-1.3988714073146298,0.34166149447326477,-1.7405329017878945,169.31850338144855,174.48685820194586,56.556585821184306
2016-02-10 00:00:00+00:00,166.61199951171875,169.69056772588,171.27605441614273,-3.6550522188771026,-5.948051486455228,164.8959556659879,169.38066755022322,173.86537943445853,5.295423555826456,-1.5854866902627407,0.12403696922012308,-1.7095236594828638,169.31850338144855,174.48685820194586,56.556585821184306
2016-02-11 00:00:00+00:00,164.46200561523438,168.88617355501142,170.77131006051988,-5.921303957004255,-10.791314332980818,164.1793381502691,169.1126679920015,174.04599783373388,5.834370541615154,-1.8851365055084557,-0.14049027682047344,-1.7446462286879822,169.31850338144855,174.48685820194586,56.556585821184306
2016-02-12 00:00:00+00:00,162.86500549316406,167.9598400070349,170.18565787034538,-6.155659091048506,-8.379658114486006,163.20783764530808,168.81243024553572,174.41702284576337,6.640023595508734,-2.225817863310482,-0.38493730769799983,-1.840880555612482,169.31850338144855,174.48685820194586,56.556585821184306
2016-02-15 00:00:00+00:00,164.97000122070312,167.4998648091377,169.79931293333485,-4.072307928452034,-5.423305853256721,162.7690048612988,168.55052548363096,174.33204610596312,6.860281931181085,-2.2994481241971414,-0.3668540548677275,-1.932594069329414,166.35800107428602,172.47973509594803,58.32532655479542
2016-02-16 00:00:00+00:00,165.18800354003906,167.144193844661,169.45773445975738,-3.3847364128823756,-6.897736901163626,162.54421292251402,168.46614438011534,174.38807583771666,7.03041133800686,-2.3135406150963718,-0.30475723661356646,-2.0087833784828053,166.35800107428602,172.47973509594803,58.32532655479542
2016-02-17 00:00:00+00:00,163.13999938964844,166.52816392850522,168.98975408419375,-5.263756159389061,-7.355751398646873,161.94211091572072,168.26995413643974,174.59779735715875,7.521061324576293,-2.4615901556885262,-0.36224542176457675,-2.0993447339239495,166.35800107428602,172.47973509594803,58.32532655479542
2016-02-18 00:00:00+00:00,163.19900512695312,166.01598565134336,168.56080971699075,-4.609805688670434,-6.312808618357934,161.4436912417925,168.10362098330543,174.76355072481837,7.923600577496597,-2.54482406564739,-0.35638346537875254,-2.1884406002686374,166.35800107428602,172.47973509594803,58.32532655479542
2016-02-19 00:00:00+00:00,162.26600646972656,165.43906577724846,168.09452799497117,-5.790527140478986,-7.297530924658673,160.83509605464903,167.91162109375,174.98814613285097,8.428868702482408,-2.6554622177227145,-0.3736172939632616,-2.281844923759453,166.35800107428602,172.47973509594803,58.32532655479542
2016-02-22 00:00:00+00:00,160.43699645996094,164.6695166515119,167.52730343682228,-5.986303070611342,-8.307302216119155,159.80368496191187,167.5645257859003,175.3253666098887,9.263107197169596,-2.857786785310367,-0.460753489240731,-2.397033296069636,163.43033303227142,170.3504867891329,61.23626457726555
2016-02-23 00:00:00+00:00,159.83799743652344,163.92620600305216,166.95772521457792,-7.105720209695107,-9.31471984348417,158.73481698468657,167.12738255092077,175.51994811715497,10.043315988242837,-3.0315192115257616,-0.5075887323649004,-2.523930479160861,163.43033303227142,170.3504867891329,61.23626457726555
2016-02-24 00:00:00+00:00,156.75799560546875,162.82340440342395,166.20218968797724,-8.944194082508488,-11.300196890125676,157.1199217577095,166.5767633347284,176.03360491174732,11.354334647523213,-3.378785284553288,-0.6838838443139417,-2.6949014402393465,163.43033303227142,170.3504867891329,61.23626457726555
2016-02-25 00:00:00+00:00,156.1280059814453,161.79334310773493,165.45595385786376,-7.842947266066886,-9.645956299270011,155.60232434688987,165.92762102399553,176.25291770110118,12.445542958290794,-3.6626107501288345,-0.7741674479115903,-2.888443302217244,163.43033303227142,170.3504867891329,61.23626457726555
2016-02-26 00:00:00+00:00,157.93099975585938,161.19913643821562,164.8985498503079,-6.380544479214137,-7.6775568083157,154.63232255245546,165.41200183686755,176.19168112127963,13.03373293921345,-3.6994134120922695,-0.6487760879000204,-3.050637324192249,163.43033303227142,170.3504867891329,61.23626457726555
2016-02-29 00:00:00+00:00,157.5749969482422,160.64157651668125,164.35606445015486,-6.671066891561111,-8.08805907906111,153.78868504988324,164.78509666806175,175.78150828624027,13.346366680634185,-3.714487933473606,-0.5310804874250854,-3.1834074460485207,162.8682231201471,169.12098914724226,62.62959599791936
2016-03-01 00:00:00+00:00,156.55999755859375,160.0136412923601,163.77857801374293,-5.055570811594492,-7.537580699289805,153.10133128736896,164.00885881696428,174.9163863465596,13.301144350706368,-3.7649367213828384,-0.4652234202674541,-3.2997133011153843,162.8682231201471,169.12098914724226,62.62959599791936
2016-03-02 00:00:00+00:00,159.06199645996094,159.86723439506792,163.42920160235167,-2.967195987117293,-4.6812005037188555,153.21919191072678,163.28219168526786,173.34519145980894,12.325899929047827,-3.561967207283743,-0.209803124934687,-3.352164082349056,162.8682231201471,169.12098914724226,62.62959599791936
2016-03-03 00:00:00+00:00,159.7480010986328,159.84889081100098,163.15652008355767,-2.156520083557666,-3.4565231353154786,153.4308643281176,162.6662394205729,171.90161451302822,11.354999200021203,-3.3076292725566816,0.03562784783389983,-3.3432571203905814,162.8682231201471,169.12098914724226,62.62959599791936
2016-03-04 00:00:00+00:00,161.0800018310547,160.03829250639387,163.0027039167056,-1.3227112409243489,-2.5426972028384114,153.9439001719578,162.13338216145834,170.32286415095888,10.102154017048939,-2.964411410311726,0.3030765680630845,-3.2674879783748105,162.8682231201471,169.12098914724226,62.62959599791936
2016-03-07 00:00:00+00:00,161.74400329589844,160.30070955093305,162.90946683368284,-1.1704684205969045,-2.529461950870342,154.40687708928172,161.72300138927642,169.03912568927112,9.047722633324584,-2.6087572827497922,0.5269845565000146,-3.135741839249807,163.10548269044963,168.32941953064403,60.588138186878986
2016-03-08 00:00:00+00:00,161.72999572753906,160.52059973194935,162.8220986035981,-1.0050972608246695,-3.222092500082482,154.947490693071,161.34495326450892,167.74241583594684,7.930167559626023,-2.3014988716487608,0.6673943740808368,-2.9688932457295976,163.10548269044963,168.32941953064403,60.588138186878986
2016-03-09 00:00:00+00:00,159.99000549316406,160.4389698490593,162.61231392875115,-1.6413208867589617,-3.1223084355870867,155.10996419270896,161.0134771437872,166.91699009486547,7.33294262790976,-2.1733440796918444,0.6364393328302027,-2.809783412522047,163.10548269044963,168.32941953064403,60.588138186878986
2016-03-10 00:00:00+00:00,160.8730010986328,160.50574388745522,162.48347594133497,0.27651856550096454,-1.7434704481709105,155.39357553790347,160.74019150506882,166.08680747223417,6.652494210816897,-1.9777320538797483,0.6656410869138392,-2.6433731407935874,163.10548269044963,168.32941953064403,60.588138186878986
2016-03-11 00:00:00+00:00,161.24000549316406,160.61870721141042,162.39136701924824,0.9406337131736393,-1.2413731227638607,155.49743414929011,160.58676292782738,165.67609170636464,6.338416300009192,-1.7726598078378117,0.6965706663646207,-2.4692304742024325,163.10548269044963,168.32941953064403,60.588138186878986
2016-03-14 00:00:00+00:00,163.5800018310547,161.074290999048,162.479414042345,1.482591572889362,0.17158693421748694,155.46188098777904,160.62081037248885,165.77973975719866,6.423737214058322,-1.40512304329701,0.8512859447243377,-2.256408988021348,162.46765557455757,167.30978836094823,59.14568791576068
2016-03-15 00:00:00+00:00,162.5290069580078,161.2980934542726,162.48308759165337,0.14990801381537722,-2.9110813660674353,155.64133010084197,160.50457255045572,165.36781500006947,6.059942557817107,-1.1849941373807837,0.8571318805124513,-2.042126017893235,162.46765557455757,167.30978836094823,59.14568791576068
2016-03-16 00:00:00+00:00,160.0989990234375,161.11361738799027,162.3064884384522,-1.6704868515381293,-2.6684879501709418,155.87252928328547,160.26223900204613,164.65194872080679,5.4781584808691095,-1.1928710504619175,0.6794039739450539,-1.8722750244069715,162.46765557455757,167.30978836094823,59.14568791576068
2016-03-17 00:00:00+00:00,160.697998046875,161.04967595089562,162.18734100203906,-0.6433346543828122,-3.1273434434453122,155.94188363083637,160.14595322381882,164.35002281680127,5.250297629571535,-1.1376650511434434,0.5876879786108224,-1.7253530297542659,162.46765557455757,167.30978836094823,59.14568791576068
2016-03-18 00:00:00+00:00,161.14999389648438,161.0651094809862,162.11050047570168,-0.3924981563657468,-1.7705041378110593,156.04180091833263,160.04838126046317,164.05496160259372,5.006711483835913,-1.0453909947154898,0.5439696280310209,-1.5893606227465107,162.46765557455757,167.30978836094823,59.14568791576068
2016-03-21 00:00:00+00:00,161.19200134277344,161.08463130587654,162.0424635028922,-0.8464643573843773,-1.8954603290640648,156.078742843734,159.9972381591797,163.91573347462537,4.898203694675291,-0.957832197015648,0.5052227405846901,-1.4630549376003381,161.7317685519837,166.30267495321792,58.338670986847966
2016-03-22 00:00:00+00:00,161.10299682617188,161.08745677053736,161.97287337869068,-0.5008732566203662,-3.5068699607219287,156.08602939389266,160.0289524623326,163.97187553077254,4.927762142751035,-0.8854166081533208,0.46211066355761377,-1.3475272717109346,161.7317685519837,166.30267495321792,58.338670986847966
2016-03-23 00:00:00+00:00,159.64199829101562,160.86507854291864,161.80021596478883,-1.827208762640396,-3.000212913031021,156.07400526753256,160.01961916968935,163.96523307184614,4.931412688806305,-0.9351374218701949,0.32991187987259174,-1.2650493017427866,161.7317685519837,166.30267495321792,58.338670986847966
2016-03-24 00:00:00+00:00,158.6300048828125,160.52122105674846,161.56538551427207,-2.181382828725191,-3.0983902750142533,156.38350057050536,160.10876246861048,163.8340243667156,4.653414142571315,-1.0441644575236069,0.17670787537534371,-1.2208723328989506,161.7317685519837,166.30267495321792,58.338670986847966
2016-03-25 00:00:00+00:00,159.41200256347656,160.35057205778355,161.405875666065,-1.3428721260259238,-2.0058817695806113,156.97062332712713,160.26514325823103,163.55966318933494,4.111336831110596,-1.0553036082814344,0.13245497969401288,-1.1877585879754473,161.7317685519837,166.30267495321792,58.338670986847966
2016-03-28 00:00:00+01:00,160.25999450683594,160.33663704994547,161.32099558019615,0.28599904871009585,-1.1609919180867792,157.25084216566677,160.37604777018228,163.5012533746978,3.897347076408706,-0.9843585302506881,0.1627200461798073,-1.1470785764304954,160.77784407371828,165.2408635480707,55.15764570250713
2016-03-29 00:00:00+01:00,161.6300048828125,160.5356167165404,161.34388515816772,1.0321219219104023,-0.003888820277097693,157.66693416689532,160.5691433861142,163.4713526053331,3.614902786446413,-0.8082684416273196,0.27104810784254063,-1.0793165494698602,160.77784407371828,165.2408635480707,55.15764570250713
2016-03-30 00:00:00+01:00,162.09500122070312,160.77552202487314,161.3995233850222,1.1574834509152936,-0.05952704713158141,158.48179142482067,160.8327149890718,163.18363855332294,2.9234395059622944,-0.6240013601490659,0.3642521514566355,-0.9882535116057014,160.77784407371828,165.2408635480707,55.15764570250713
2016-03-31 00:00:00+01:00,161.49099731445312,160.885595146347,161.40629923164673,0.5976985710876477,-0.5162998419982898,158.7215814977445,160.94838169642858,163.17518189511267,2.767098588023269,-0.5207040852997409,0.37403954104476844,-0.8947436263445093,160.77784407371828,165.2408635480707,55.15764570250713
2016-04-01 00:00:00+01:00,161.57000732421875,160.99088932755802,161.41842575702242,0.16056899395414348,-2.4384300294833565,158.86082281142677,161.03514389764695,163.20946498386712,2.7004305191941973,-0.4275364294643964,0.37376575750409036,-0.8013021869684868,160.77784407371828,165.2408635480707,55.15764570250713
2016-04-04 00:00:00+01:00,158.8699951171875,160.66459791057795,161.22965311703464,-1.677651163909644,-3.027657267425269,158.5685677512598,160.9299054827009,163.29124321414199,2.934616439820041,-0.5650552064566909,0.1889975844094367,-0.7540527908661276,158.1925637737549,163.49531206603606,56.809583129128335
2016-04-05 00:00:00+01:00,158.66000366210938,160.35619879542895,161.03930871296612,-2.3883077364036183,-5.279314206130181,158.26415403881782,160.78304835728235,163.3019426757469,3.1332834452388263,-0.6831099175371662,0.05675429866316917,-0.7398642162003354,158.1925637737549,163.49531206603606,56.809583129128335
2016-04-06 00:00:00+01:00,156.23500061035156,159.72216830541706,160.68343403869838,-4.05342915588588,-6.043434649049942,157.3844886073032,160.52138192313058,163.65827523895794,3.9083806509085997,-0.9612657332813228,-0.17712121366478994,-0.7841445196165329,158.1925637737549,163.49531206603606,56.809583129128335
2016-04-07 00:00:00+01:00,155.052001953125,159.0036811742952,160.2662909212485,-5.10828616050631,-8.537287014998498,156.37944036528762,160.28623889741442,164.19303742954122,4.874777222300673,-1.2626097469533022,-0.3827721818694154,-0.8798375650838868,158.1925637737549,163.49531206603606,56.809583129128335
2016-04-08 00:00:00+01:00,152.36000061035156,157.98157647215,159.680639787108,-5.511633439451742,-7.310644669920492,154.7323750642561,159.880857921782,165.0293407793079,6.440399337917823,-1.6990633149579821,-0.6553805998992763,-1.0436827150587058,158.1925637737549,163.49531206603606,56.809583129128335
2016-04-11 00:00:00+01:00,153.02200317382812,157.2185651954851,159.18740744538357,-4.75741476960232,-7.188414525461695,153.6155832394418,159.48952447800409,165.36346571656637,7.365927333205364,-1.9688422498984721,-0.740127627871813,-1.2287146220266592,156.49637715125326,162.0108394717809,58.186197651312675
2016-04-12 00:00:00+01:00,153.62399291992188,156.66555407616767,158.77530266571975,-3.259296195993187,-5.2153051071259995,152.93510802779255,159.0154288155692,165.09574960334587,7.647460165426831,-2.1097485895520833,-0.7048271740203393,-1.404921415531744,156.49637715125326,162.0108394717809,58.186197651312675
2016-04-13 00:00:00+01:00,154.9600067138672,156.40316217427528,158.49268815076772,-2.757687540416157,-3.702694864634907,152.55320950927225,158.65500023251488,164.7567909557575,7.691898413917274,-2.089525976492439,-0.5476836487685559,-1.541842327723883,156.49637715125326,162.0108394717809,58.186197651312675
2016-04-14 00:00:00+01:00,155.25,156.22575260900217,158.25248902848864,-2.948488173996452,-4.352495132004265,152.19273932452074,158.4240955171131,164.65545170970546,7.866677316039014,-2.0267364194864683,-0.38791527341006815,-1.6388211460764002,156.49637715125326,162.0108394717809,58.186197651312675
2016-04-15 00:00:00+01:00,154.57000732421875,155.97102256518934,157.97971260595014,-2.699713826653266,-3.889716268059516,151.7814093343397,158.13228643508185,164.483163535824,8.032359796870917,-2.008690040760797,-0.2958951157475176,-1.7127949250132795,156.49637715125326,162.0108394717809,58.186197651312675
2016-04-18 00:00:00+01:00,153.10400390625,155.52994277150637,157.61854899856493,-2.1865421626274326,-5.09454692336962,151.2048493115565,157.7491440545945,164.2934387976325,8.297090652705053,-2.0886062270585626,-0.3006490416362264,-1.7879571854223362,157.97558667993707,161.85700608114146,49.588790327102416
2016-04-19 00:00:00+01:00,155.82000732421875,155.57456808730828,157.48532368935412,0.20667765341931954,-1.835329792869743,151.0888718872274,157.4933348156157,163.89779774400398,8.132995514872128,-1.910755602045839,-0.09823873329880217,-1.8125168687470368,157.97558667993707,161.85700608114146,49.588790327102416
2016-04-20 00:00:00+01:00,157.16000366210938,155.81848125266228,157.4612259095582,-0.009230059948833969,-1.2512191956910215,151.10755326745038,157.30557323637464,163.5035932052989,7.880229341411604,-1.6427446568959283,0.13581776948088686,-1.7785624263768152,157.97558667993707,161.85700608114146,49.588790327102416
2016-04-21 00:00:00+01:00,157.468994140625,156.07240631234885,157.46180133408168,0.9001981776370656,-0.813806338964497,151.0916204379513,157.2020968482608,163.3125732585703,7.774039319854156,-1.3893950217328381,0.31133392371518154,-1.7007289454480197,157.97558667993707,161.85700608114146,49.588790327102416
2016-04-22 00:00:00+01:00,156.72799682617188,156.17326639139856,157.40744544460688,3.414560780979059,-0.897450937770941,151.0320878525937,157.1115250360398,163.19096221948593,7.739008557203624,-1.2341790532083223,0.3732399137917579,-1.6074189670000802,157.97558667993707,161.85700608114146,49.588790327102416
2016-04-25 00:00:00+01:00,160.9340057373047,156.90568782923026,157.66867213295487,3.61433262778732,2.371321153177945,150.96197408454944,157.18400137765067,163.4060286707519,7.916870977412232,-0.7629843037246076,0.6755477306203781,-1.4385320343449857,157.1240595362992,160.9375773908389,41.365956631975905
2016-04-26 00:00:00+01:00,160.97000122070312,157.5309668125338,157.91321502834361,4.607781065406385,2.562782896461073,150.9220139842431,157.21781122116815,163.5136084580932,8.00901270412466,-0.38224821580982393,0.8450270548281293,-1.2272752706379533,157.1240595362992,160.9375773908389,41.365956631975905
2016-04-27 00:00:00+01:00,162.0800018310547,158.2308183538447,158.2218659026185,4.568127383514309,3.418133487029934,150.880767506039,157.23923964727493,163.59771178851085,8.087640407699107,0.008952451226207359,0.9889821774913286,-0.9800297262651212,157.1240595362992,160.9375773908389,41.365956631975905
2016-04-28 00:00:00+01:00,162.13999938964844,158.83223082089143,158.51209801276886,3.9969046727780153,-1.4521004541751097,150.8763393279937,157.2413824172247,163.60642550645574,8.095887979847442,0.3201328081225654,1.0401300275101493,-0.7199972193875839,157.1240595362992,160.9375773908389,41.365956631975905
2016-04-29 00:00:00+01:00,157.8699951171875,158.68419455878313,158.46453483531837,-0.5035363001621249,-2.391536788443375,150.98370422860737,157.06895374116442,163.15420325372148,7.748507095278679,0.21965972346475837,0.7517255542818738,-0.5320658308171154,157.1240595362992,160.9375773908389,41.365956631975905
2016-05-02 00:00:00+01:00,155.42100524902344,158.1821654342047,158.23908819929653,-1.6590863682418444,-3.0820905186324694,151.00157528357568,156.77614411853608,162.5507129534965,7.366642249594225,-0.05692276509182648,0.3801144525802312,-0.43703721767205767,156.38604091156927,160.07649542959183,35.981819038580156
2016-05-03 00:00:00+01:00,155.99000549316406,157.84491005866,158.07248948032375,-2.0404917996596907,-3.6424968045425032,150.93347443029916,156.63900175548736,162.34452908067556,7.28493831197226,-0.2275794216637621,0.16756623680663646,-0.39514565847039856,156.38604091156927,160.07649542959183,35.981819038580156
2016-05-04 00:00:00+01:00,155.1909942626953,157.43661532081927,157.85904539012904,-1.9090484418868527,-3.4390472211837277,150.81118988490772,156.47381083170572,162.13643177850372,7.237787482390125,-0.4224300693097689,-0.021827528671496288,-0.4006025406382726,156.38604091156927,160.07649542959183,35.981819038580156
2016-05-05 00:00:00+01:00,155.072998046875,157.07298189405861,157.65267151285096,-1.8046643107025204,-2.772666630038458,150.72497820198805,156.4184773763021,162.11197655061613,7.279829429124241,-0.5796896187923437,-0.1432696625232569,-0.4364199562690868,156.38604091156927,160.07649542959183,35.981819038580156
2016-05-06 00:00:00+01:00,155.42999267578125,156.82021432201594,157.48802863603098,-1.8800269270466003,-3.848029246382538,150.7580014398043,156.4364769345238,162.1149524292433,7.2597844262322635,-0.6678143140150326,-0.1851154861967566,-0.48269882781827594,156.38604091156927,160.07649542959183,35.981819038580156
2016-05-09 00:00:00+01:00,154.91000366210938,156.5263357589534,157.29706382314788,-0.8900661424838177,-2.85706138174163,151.1297689274076,156.55790565127418,161.98604237514076,6.934350202611303,-0.7707280641944863,-0.23042338910096827,-0.540304675093518,156.21402564677535,159.47556681353407,30.978262489449673
2016-05-10 00:00:00+01:00,156.14199829101562,156.4672069177322,157.2115034133603,0.6584917038271954,-1.0915082961728046,151.50764291700625,156.70647684733072,161.9053107776552,6.635123237936574,-0.744296495628106,-0.16319345642767036,-0.5811030392004356,156.21402564677535,159.47556681353407,30.978262489449673
2016-05-11 00:00:00+01:00,157.77499389648438,156.6684049144633,157.25324344914728,0.5767583819074105,-0.853249552662902,151.87630019936628,156.90414356050036,161.93198692163443,6.408808903374051,-0.5848385346839677,-0.002988396386825687,-0.581850138297142,156.21402564677535,159.47556681353407,30.978262489449673
2016-05-12 00:00:00+01:00,156.50399780273438,156.64311151265886,157.1977437716352,1.2512613553179222,-0.9377492647992653,152.02104029645997,156.97766694568452,161.93429359490906,6.315072386621184,-0.5546322589763406,0.02177430345664111,-0.5764065624329817,156.21402564677535,159.47556681353407,30.978262489449673
2016-05-13 00:00:00+01:00,157.5800018310547,156.78724848471975,157.22605918344405,0.3809354454621996,-0.9710543006315504,152.1876529315168,157.08861941382997,161.98958589614315,6.239747348472402,-0.43881069872429634,0.11007669096694828,-0.5488873896912446,156.21402564677535,159.47556681353407,30.978262489449673
2016-05-16 00:00:00+01:00,155.8699951171875,156.6461325820225,157.12560999335096,-0.20561182440565062,-1.2556148761634631,152.34648969309345,157.15052359444755,161.95455749580165,6.113926688213515,-0.47947741132847455,0.05552798269021608,-0.5350053940186906,157.29868453762887,159.47448617150576,30.216635532290997
2016-05-17 00:00:00+01:00,157.5590057373047,156.78657460591205,157.15771338179198,1.7912917451611463,0.1422896699658338,152.91164561947218,157.3626665387835,161.8136874580948,5.657022745244736,-0.3711387758799276,0.13109329451101037,-0.502232070390938,157.29868453762887,159.47448617150576,30.216635532290997
2016-05-18 00:00:00+01:00,157.4600067138672,156.89017954559745,157.18010548046422,3.092889514652967,-0.11611011913609559,153.04352377296465,157.44076174781435,161.83799972266405,5.585895197703775,-0.28992593486677265,0.16984490841933225,-0.4597708432861049,157.29868453762887,159.47448617150576,30.216635532290997
2016-05-19 00:00:00+01:00,160.72999572753906,157.4809204966654,157.44306031358087,4.147943104387878,2.7259460340753776,152.99926905377433,157.61076136997767,162.222253686181,5.851748035628429,0.03786018308451844,0.3981048210964987,-0.36024463801198026,157.29868453762887,159.47448617150576,30.216635532290997
2016-05-20 00:00:00+01:00,160.38699340820312,157.92800863690198,157.66112943170103,3.3698764276739723,2.59886507513491,152.99020842370996,157.74971371605284,162.50921900839572,6.034249039475177,0.26687920520095076,0.5016990745703448,-0.23481986936939406,157.29868453762887,159.47448617150576,30.216635532290997
2016-05-23 00:00:00+01:00,159.46800231933594,158.16493074189182,157.79497186782214,1.7950244700684834,0.3210254466309834,153.08974770078473,157.88019016810827,162.67063263543182,6.068452872045262,0.3699588740696811,0.4838229947512601,-0.11386412068157903,158.8557900986536,159.8309883213911,30.42519637325897
2016-05-24 00:00:00+01:00,158.36500549316406,158.19571147285677,157.83719658081043,3.0907971936036347,0.2728040295411347,153.15819302803206,157.75785682314918,162.3575206182663,5.831295997223734,0.3585148920463439,0.37790321018233836,-0.01938831813599444,158.8557900986536,159.8309883213911,30.42519637325897
2016-05-25 00:00:00+01:00,160.9499969482422,158.61944769983916,158.06777438580536,4.412221341733698,2.4022268348977605,153.15989424177363,157.75690423874627,162.35391423571892,5.827966793790043,0.5516733140337919,0.4568493057358291,0.09482400829796284,158.8557900986536,159.8309883213911,30.42519637325897
2016-05-26 00:00:00+01:00,161.82899475097656,159.11322416924492,158.34638330174397,3.7996127920060303,2.551611693373218,153.19187034685373,157.74495152064733,162.29803269444093,5.772712381476937,0.7668408675009459,0.5376134873623865,0.22922738013855948,158.8557900986536,159.8309883213911,30.42519637325897
2016-05-27 00:00:00+01:00,160.87600708007812,159.38442154014234,158.53376284087983,2.859242530213919,1.648243995057669,153.33688045490373,157.6847614106678,162.03264236643184,5.5146495030557965,0.8506586992625103,0.49714505529916064,0.3535136439633496,158.8557900986536,159.8309883213911,30.42519637325897
2016-05-30 00:00:00+01:00,161.97000122070312,159.7822030294594,158.78829901716304,4.098694391040084,2.9517064760010214,153.16376943425453,157.87999979654947,162.5962301588444,5.9744494152172045,0.9939040122963547,0.512312294666404,0.4815917176299507,157.05719563705813,158.92084809174483,27.204680450050574
2016-05-31 00:00:00+01:00,162.16000366210938,160.14801851140555,159.0380549167887,4.81195118672693,1.881943252156617,153.28476867765755,158.2009044828869,163.11704028811624,6.215053979999387,1.1099635946168576,0.5026975015895255,0.607266093027332,157.05719563705813,158.92084809174483,27.204680450050574
2016-06-01 00:00:00+01:00,160.27099609375,160.16693813945855,159.1293838928599,1.450617938194796,-1.8873794983286416,153.51729323054235,158.4047611781529,163.29222912576347,6.170859905042597,1.0375542465986598,0.34423052285706224,0.6933237237415976,157.05719563705813,158.92084809174483,27.204680450050574
2016-06-02 00:00:00+01:00,157.83700561523438,159.8084869818856,159.03365216859135,-1.2326572955444703,-2.453650337536658,153.84910144831198,158.53076171875,163.21242198918802,5.906311456124542,0.7748348132942624,0.06520887164213185,0.7096259416521306,157.05719563705813,158.92084809174483,27.204680450050574
2016-06-03 00:00:00+01:00,156.82200622558594,159.34902840399334,158.86982654318354,-1.6058189748241603,-3.9728233693554103,154.12305688700417,158.61404782249815,163.10503875799213,5.662790903009753,0.479201860809809,-0.1843392646738573,0.6635411254836663,157.05719563705813,158.92084809174483,27.204680450050574
2016-06-06 00:00:00+01:00,153.4600067138672,158.44302506705085,158.46909914841936,-3.0890942656068603,-5.104093655255298,153.69711257045188,158.5202389671689,163.3433653638859,6.085186886093368,-0.026074081368506086,-0.5516921654817379,0.5256180841132319,155.0737953010075,157.80458331133931,26.680609864145314
2016-06-07 00:00:00+01:00,155.35400390625,157.96779104231226,158.23835135270312,-0.7363524513359323,-3.2483458595390573,153.7782248932722,158.5413818359375,163.3045387786028,6.008723889633208,-0.2705603103908629,-0.6369427156032759,0.3663824052124129,155.0737953010075,157.80458331133931,26.680609864145314
2016-06-08 00:00:00+01:00,155.9499969482422,157.6573611816861,158.06884361903934,-1.8318441073205918,-3.0118367831018418,153.74999566548402,158.53223891485305,163.31448216422208,6.033149196785838,-0.41148243735324286,-0.6222918740525245,0.2108094366992817,155.0737953010075,157.80458331133931,26.680609864145314
2016-06-09 00:00:00+01:00,154.97000122070312,157.24392118768873,157.8392997376811,-2.7023063294779774,-4.173299371470165,153.38804737017682,158.39866783505394,163.40928829993106,6.326594198500274,-0.5953785499923754,-0.6449503893533257,0.049571839360950276,155.0737953010075,157.80458331133931,26.680609864145314
2016-06-10 00:00:00+01:00,154.83999633789062,156.8740865954121,157.6171291154744,-2.6351344865681483,-4.667132167232211,153.14162571477596,158.3194296700614,163.49723362534684,6.540958322141527,-0.7430425200622892,-0.6340914875385916,-0.10895103252369764,155.0737953010075,157.80458331133931,26.680609864145314
2016-06-13 00:00:00+01:00,151.10699462890625,155.98684167748814,157.13489693128417,-4.7768952222998,-7.654901203745112,151.9917320169497,158.01119123186385,164.030650446778,7.619028966222099,-1.1480552537960307,-0.8312833770178665,-0.3167718767781642,154.2485326013878,157.06078672431204,29.910699223399316
2016-06-14 00:00:00+01:00,150.8820037841797,155.20148200159454,156.6717196611283,-5.430722346675168,-7.4717227128861055,151.07919610401018,157.77366783505394,164.4681395660977,8.486171137306087,-1.4702376595337512,-0.9227726262044695,-0.5474650333292816,154.2485326013878,157.06078672431204,29.910699223399316
2016-06-15 00:00:00+01:00,149.81100463867188,154.37217779191414,156.16351854835375,-5.013524651869375,-6.643514275892812,149.8987428182193,157.40471540178572,164.91068798535215,9.537163565153625,-1.7913407564396095,-0.9951005784882623,-0.7962401779513473,154.2485326013878,157.06078672431204,29.910699223399316
2016-06-16 00:00:00+01:00,150.22999572753906,153.7349190127795,155.72399833940452,-5.483992846240454,-10.324004442920142,148.95672771461193,157.0604291643415,165.1641306140711,10.319214703342249,-1.989079326625017,-0.9542713189389358,-1.0348080076860813,154.2485326013878,157.06078672431204,29.910699223399316
2016-06-17 00:00:00+01:00,149.6699981689453,153.10954657526653,155.27555388233347,-5.623561084481906,-7.015559375497531,148.02499737417762,156.53376261393228,165.04252785368695,10.871476028772522,-2.166007307066934,-0.9049594395046823,-1.2610478675622518,154.2485326013878,157.06078672431204,29.910699223399316
2016-06-20 00:00:00+01:00,152.59800720214844,153.03084821017146,155.07721709120864,-1.539222706443013,-3.0352096449195756,147.6792719228743,156.16285850888207,164.64644509488983,10.865050328885008,-2.046368881037182,-0.6282568107799442,-1.4181120702572378,148.59702385014396,154.23696095621835,36.57754448162597
2016-06-21 00:00:00+01:00,152.3350067138672,152.9237956722785,154.87409039659076,-0.5200864903407592,-2.921087466903259,147.32496084547768,155.8231920514788,164.32142325747992,10.907530636637953,-1.950294724312272,-0.42574612324402716,-1.5245486010682447,148.59702385014396,154.23696095621835,36.57754448162597
2016-06-22 00:00:00+01:00,153.47000122070312,153.00782729511306,154.77008379096947,-0.29408586616477805,-1.8830903827663406,147.11503133537184,155.59009660993303,164.06516188449422,10.894093466383428,-1.7622564958564055,-0.19016631583052868,-1.5720901800258769,148.59702385014396,154.23696095621835,36.57754448162597
2016-06-23 00:00:00+01:00,154.72000122070312,153.27123866828077,154.76637397094973,3.1966234655737082,-1.0333722619653543,147.1603625072979,155.2934301467169,163.4264977861359,10.474451664484603,-1.495135302668956,0.06156390188553673,-1.5566992045544927,148.59702385014396,154.23696095621835,36.57754448162597
2016-06-24 00:00:00+01:00,152.62100219726562,153.1712022881246,154.60745754326942,-0.4224599846756689,-21.255452538386606,147.19974845485922,154.8549543108259,162.51016016679256,9.886936959861279,-1.4362552551448289,0.096355159527731,-1.5326104146725599,148.59702385014396,154.23696095621835,36.57754448162597
2016-06-27 00:00:00+01:00,137.29400634765625,150.72855675882178,153.3249796769277,-15.658979310716774,-19.88497723552146,143.46588768707483,153.73200189499627,163.99811610291772,13.355858352685111,-2.5964229181059295,-0.8510500027466956,-1.745372915359234,144.43768366539544,151.64868129045837,42.133248863481526
2016-06-28 00:00:00+01:00,134.71099853515625,148.264317032104,151.94616625901872,-14.531172972885912,-17.626158934799975,139.99848851611458,152.43395414806548,164.8694197800164,16.315873587943297,-3.6818492269147214,-1.5491810492443898,-2.1326681776703316,144.43768366539544,151.64868129045837,42.133248863481526
2016-06-29 00:00:00+01:00,137.0709991455078,146.54226812647383,150.84430202838828,-11.87430080768516,-14.96530422565391,137.97766336703233,151.23923964727493,164.50081592751752,17.53721628219194,-4.302033901914456,-1.7354925793952996,-2.5665413225191562,144.43768366539544,151.64868129045837,42.133248863481526
2016-06-30 00:00:00+01:00,138.35699462890625,145.2829952806942,149.91931629509332,-11.135319713062074,-13.984318736499574,136.49951395228052,150.19571576799666,163.8919175837128,18.23780624591489,-4.63632101439913,-1.6558237535039786,-2.980497260895151,144.43768366539544,151.64868129045837,42.133248863481526
2016-07-01 00:00:00+01:00,137.3419952392578,144.06130296662707,148.98766288354994,-11.417655559331195,-13.031669231206195,134.93255340481122,149.21976289295014,163.50697238108907,19.149218858347247,-4.926359916922877,-1.5566901248221807,-3.369669792100696,144.43768366539544,151.64868129045837,42.133248863481526
2016-07-04 00:00:00+01:00,136.11900329589844,142.8394107095919,148.0344288400202,-11.361424689629587,-12.134434943535837,133.33693592413155,148.2339056105841,163.13087529703662,20.099274353045008,-5.195018130428309,-1.4602786706620905,-3.7347394597662187,139.73312415258133,148.60229898138618,47.73408388026455
2016-07-05 00:00:00+01:00,136.1300048828125,141.8071944285489,147.15261965800482,-11.018616972457949,-14.968613920700136,131.85556725316894,147.4086674281529,162.96176760313688,21.102015839827818,-5.345425229455913,-1.288548615751755,-4.056876613704158,139.73312415258133,148.60229898138618,47.73408388026455
2016-07-06 00:00:00+01:00,131.00399780273438,140.14516417842358,145.95642544650332,-14.511418122284567,-17.060429352753317,129.64323645361418,146.24914332798548,162.85505020235678,22.70906549808648,-5.811261268079733,-1.4035077235004598,-4.407753544579273,139.73312415258133,148.60229898138618,47.73408388026455
2016-07-07 00:00:00+01:00,130.70399475097656,138.69267657420096,144.82661576535318,-12.915620281954745,-14.830613568087557,127.7819905478409,145.04695274716332,162.31191494648573,23.806032284480466,-6.133939191152223,-1.3809485172583598,-4.752990673893863,139.73312415258133,148.60229898138618,47.73408388026455
2016-07-08 00:00:00+01:00,130.1580047607422,137.37965014136114,143.74005198723384,-12.996048691335403,-13.95105052239009,126.09004618544962,143.8654291062128,161.64081202697594,24.71112487717945,-6.360401845872701,-1.285928937583071,-5.07447290828963,139.73312415258133,148.60229898138618,47.73408388026455
2016-07-11 00:00:00+01:00,130.32400512695312,136.29416629299067,142.74627073832417,-9.213265977581983,-12.546273790081983,124.73973914050299,142.698000953311,160.65626276611903,25.16960531028565,-6.452104445333504,-1.1021052296350984,-5.349999215698405,139.65108260562712,147.30011334286226,45.0631695801989
2016-07-12 00:00:00+01:00,133.07200622558594,135.79844935954378,142.0296585521954,-3.267665143992275,-8.96966099360165,123.84670350384425,141.83919198172433,159.8316804596044,25.37026364363154,-6.231209192651619,-0.7049679815625707,-5.526241211089048,139.65108260562712,147.30011334286226,45.0631695801989
2016-07-13 00:00:00+01:00,139.08399963378906,136.3039186325046,141.8114615952764,-2.373458055237336,-4.832457689026398,123.71784530633259,141.27738226027716,158.83691921422172,24.858242236672254,-5.507542962771794,0.01495859865380389,-5.522501561425598,139.65108260562712,147.30011334286226,45.0631695801989
2016-07-14 00:00:00+01:00,136.51300048828125,136.33608507185485,141.41898299475824,0.1880116341480118,-4.932990563117613,123.40505857557832,140.64414396740142,157.88322935922452,24.514473060206164,-5.082897922903385,0.3516829108177699,-5.434580833721155,139.65108260562712,147.30011334286226,45.0631695801989
2016-07-15 00:00:00+01:00,140.46600341796875,136.97145712510314,141.34839191499606,1.8616147988711305,-2.0393861776913695,123.48114396744857,140.17919195265998,156.87723993787137,23.823861091809558,-4.376934789892914,0.8461168350625927,-5.223051624955507,139.65108260562712,147.30011334286226,45.0631695801989
2016-07-18 00:00:00+01:00,139.48699951171875,137.35846364612092,141.21051099623477,0.015486928569913516,-1.969513681781649,123.54441667840204,139.6942872546968,155.84415783099155,23.12173374255397,-3.8520473501138497,1.0968034198733259,-4.9488507699871755,139.62638702028786,146.19681084382614,42.837407663477535
2016-07-19 00:00:00+01:00,140.8000030517578,137.88793124698813,141.1801030003476,-0.3501011692929126,-1.8840977513241626,124.03038330080656,139.13247753324964,154.23457176569272,21.708941722588108,-3.2921717533594688,1.3253432133021654,-4.617514966661634,139.62638702028786,146.19681084382614,42.837407663477535
2016-07-20 00:00:00+01:00,139.0989990234375,138.07424936644188,141.02594715020612,-0.2589488591904967,-2.6499400701279967,124.5995611006263,138.50219145275298,152.40482180487967,20.075682855703068,-2.9516977837642457,1.3326537463179111,-4.284351530082157,139.62638702028786,146.19681084382614,42.837407663477535
2016-07-21 00:00:00+01:00,142.11900329589844,138.6965192017429,141.10691427210926,1.1300852396094854,-1.9779164693748896,125.63556727842007,137.96166774204798,150.2877682056759,17.868877153144414,-2.410395070366377,1.4991651677726239,-3.909560238139001,139.62638702028786,146.19681084382614,42.837407663477535
2016-07-22 00:00:00+01:00,140.0780029296875,138.90905515988823,141.03069861711506,-0.000699837818189053,-2.604703744068189,127.39793879802048,137.2644297281901,147.1309206583597,14.375888858762847,-2.1216434572268383,1.4303334247297301,-3.5519768819565685,139.62638702028786,146.19681084382614,42.837407663477535
2016-07-25 00:00:00+01:00,139.57699584960938,139.01181526599916,140.92301693063317,-0.8360113153987925,-2.0780157099300425,129.43883588157104,136.6432865687779,143.84773725598478,10.544902524106943,-1.9112016646340066,1.3126201738580496,-3.2238218384920563,138.15625915284815,144.62812406870367,42.82747207881332
2016-07-26 00:00:00+01:00,138.35800170898438,138.91122856491995,140.73301580310363,-2.3700092113067512,-4.686018732791126,129.45701760861456,136.69395301455543,143.9308884204963,10.588523115093857,-1.8217872381836742,1.1216276802467058,-2.94341491843038,138.15625915284815,144.62812406870367,42.82747207881332
2016-07-27 00:00:00+01:00,137.87100219726562,138.751193739127,140.52101479526377,-0.6550174808106419,-2.766009912451267,129.64737562622417,136.8444293794178,144.0414831326114,10.518592223054853,-1.7698210561367773,0.9388750898348821,-2.7086961459716594,138.15625915284815,144.62812406870367,42.82747207881332
2016-07-28 00:00:00+01:00,138.89199829101562,138.7728559778791,140.4003469060602,-1.3823415349664572,-2.9033528875055197,129.68157079845736,136.93114362444197,144.1807164504266,10.588639858099569,-1.6274909281811176,0.8649641742324334,-2.492455102413551,138.15625915284815,144.62812406870367,42.82747207881332
2016-07-29 00:00:00+01:00,137.8280029296875,138.627493970465,140.20980290781037,-1.9488013208963082,-5.024805349216621,129.67271561325026,136.90595354352678,144.1391914738033,10.566725176019228,-1.582308937345374,0.7281169320545415,-2.3104258693999156,138.15625915284815,144.62812406870367,42.82747207881332
2016-08-01 00:00:00+01:00,135.21600341796875,138.10264927008095,139.83989183448878,-3.6178917124184693,-5.323885364762219,129.53928357845274,136.8047158377511,144.07014809704947,10.621610833818167,-1.7372425644078362,0.4585466439936634,-2.1957892084014996,136.6525075260524,143.0591069549547,44.0217245884738
2016-08-02 00:00:00+01:00,134.927001953125,137.61408814439542,139.47597406549886,-3.969977361397298,-5.5239782158894855,129.44345944763327,136.74795386904762,144.05244829046197,10.683149860376362,-1.8618859211034362,0.2671226298384508,-2.129008550941887,136.6525075260524,143.0591069549547,44.0217245884738
2016-08-03 00:00:00+01:00,134.77499389648438,137.17730441394758,139.12775331223853,-3.6987524577463375,-4.929755265363525,129.33443696045072,136.68342953636534,144.03242211227996,10.753304333733277,-1.9504488982909436,0.14284772212075492,-2.0932966204116985,136.6525075260524,143.0591069549547,44.0217245884738
2016-08-04 00:00:00+01:00,135.02099609375,136.8455646723787,138.82354907383197,-3.5785539566444697,-6.226548951761657,129.92894251249277,136.87471516927084,143.82048782604892,10.149095321496517,-1.9779844014532557,0.09224977516675414,-2.07023417662001,136.6525075260524,143.0591069549547,44.0217245884738
2016-08-05 00:00:00+01:00,132.843994140625,136.2299384367243,138.3806190787796,-5.200626402998353,-6.109622985029603,130.34006063993232,136.97661990211122,143.61317916429013,9.690061365102522,-2.150680642055306,-0.06435717234823723,-2.086323469707069,136.6525075260524,143.0591069549547,44.0217245884738
2016-08-08 00:00:00+01:00,133.64500427246094,135.83225625760684,138.02983279683008,-4.044832186478516,-4.808839754837891,131.04414751688643,137.14266749790735,143.24118747892828,8.893687270759823,-2.1975765392232347,-0.08900245561293252,-2.108574083610302,134.68067152127452,141.29880589163528,45.8502779670788
2016-08-09 00:00:00+01:00,133.28500366210938,135.44037124291492,137.67836397203595,-4.299366169301578,-5.566364460317203,131.70773907173944,137.2836674281529,142.85959578456638,8.123221736236934,-2.237992729121032,-0.10353491640858392,-2.1344578127124483,134.68067152127452,141.29880589163528,45.8502779670788
2016-08-10 00:00:00+01:00,132.54100036621094,134.99431418496047,137.2978185197526,-4.493817665260423,-5.71682486740886,131.6020490676533,137.25838143484933,142.91471380204536,8.241875371203976,-2.3035043347921373,-0.13523721766375107,-2.1682671171283863,134.68067152127452,141.29880589163528,45.8502779670788
2016-08-11 00:00:00+01:00,131.65699768066406,134.4808808766072,136.8799799390794,-4.860982746696578,-5.862981648063766,130.83551157943046,136.9047146751767,142.97391777092295,8.866317146412639,-2.399099062472203,-0.18466555627505343,-2.2144335061971496,134.68067152127452,141.29880589163528,45.8502779670788
2016-08-12 00:00:00+01:00,131.85299682617188,134.07659102269406,136.50761081960476,-3.9876065471438267,-6.145611307886014,130.24309260449766,136.6828097388858,143.12252687327393,9.422863265234817,-2.4310197969107037,-0.17326903257084325,-2.2577507643398604,134.68067152127452,141.29880589163528,45.8502779670788
2016-08-15 00:00:00+01:00,130.73699951171875,133.56280771331325,136.08015813013174,-4.901157275639548,-6.099155322514548,129.5397738067995,136.21952383858817,142.89927387037685,9.807331348043425,-2.5173504168184877,-0.20767972198290163,-2.309670694835586,133.5424498374252,139.86554883136262,47.85088803165019
2016-08-16 00:00:00+01:00,130.41000366210938,133.07776093620495,135.66014668805602,-4.971151326727892,-6.378149007391954,128.83985375537884,135.78728594098772,142.7347181265966,10.232816920176436,-2.5823857518510636,-0.2181720456123819,-2.3642137062386817,133.5424498374252,139.86554883136262,47.85088803165019
2016-08-17 00:00:00+01:00,130.5570068359375,132.6899526130869,135.28213632863984,-3.503129370632024,-4.994141943874212,128.39013628203068,135.29952421642486,142.20891215081903,10.213469669474863,-2.592183715552949,-0.1823760074514138,-2.409807708101535,133.5424498374252,139.86554883136262,47.85088803165019
2016-08-18 00:00:00+01:00,130.27000427246094,132.3176528683752,134.9108672874414,-2.7718597190820162,-4.780862404628891,127.87187212351043,134.87909589494978,141.88631966638914,10.390377730433356,-2.593214419066186,-0.1467253687717207,-2.446489050294465,133.5424498374252,139.86554883136262,47.85088803165019
2016-08-19 00:00:00+01:00,131.75,132.23032165785594,134.67672896985314,-2.6737229884078317,-4.323732143681269,128.06023066960114,134.38533383324034,140.71043699687954,9.413383117369134,-2.4464073119972056,6.539063780763854e-05,-2.4464727026350133,133.5424498374252,139.86554883136262,47.85088803165019
2016-08-22 00:00:00+01:00,131.26600646972656,132.0819654750668,134.42408285873265,-2.2880812718185837,-3.2410842015060837,128.05104514746907,133.96571495419457,139.88038476092007,8.830124646067596,-2.342117383665851,0.08348425517532965,-2.4256016388411807,133.62830090886942,138.99904229141907,46.5418566797166
2016-08-23 00:00:00+01:00,131.65499877929688,132.0162782911022,134.2189655195152,-1.9219684492026943,-2.7689685712730068,128.1631943450061,133.5884769984654,139.01375965192472,8.122381174420648,-2.202687228412998,0.17833152834254618,-2.381018756755544,133.62830090886942,138.99904229141907,46.5418566797166
2016-08-24 00:00:00+01:00,132.3489990234375,132.06746609607686,134.0804494827687,-0.8304494827686995,-2.1014455765186995,128.29575951606705,133.30233401343935,138.30890851081165,7.511608156639692,-2.012983386691843,0.29442829605096055,-2.3074116827428037,133.62830090886942,138.99904229141907,46.5418566797166
2016-08-25 00:00:00+01:00,133.07400512695312,132.2223182546732,134.00589804900457,-0.7768941427545712,-1.6148915792780087,128.50321171680574,133.0739055815197,137.64459944623368,6.869406657511849,-1.7835797943313594,0.41906551072915565,-2.202645305060515,133.62830090886942,138.99904229141907,46.5418566797166
2016-08-26 00:00:00+01:00,132.63999938964844,132.28657689082326,133.90472037053374,-0.4857140228774881,-1.524715487721238,129.01787902746617,132.77619134812127,136.53450366877638,5.661123854353255,-1.6181434797104828,0.4676014602800258,-2.0857449399905086,133.62830090886942,138.99904229141907,46.5418566797166
2016-08-29 00:00:00+01:00,133.8000030517578,132.51941168481318,133.8969635321059,0.4850402520737873,-0.4679626776137127,129.53212062909228,132.58438183012464,135.636643031157,4.604254526665309,-1.3775518472927217,0.5665544741582296,-1.9441063214509513,135.14219999556138,138.88060741677995,39.21739941977817
2016-08-30 00:00:00+01:00,133.42799377441406,132.6591935447518,133.86222503153613,0.9067721608466854,-0.5222286936455021,129.65253352907465,132.49923851376488,135.3459434984551,4.296937879223359,-1.2030314867843401,0.592859867733289,-1.7958913545176292,135.14219999556138,138.88060741677995,39.21739941977817
2016-08-31 00:00:00+01:00,134.6739959716797,132.96916314889455,133.9223562122875,1.8626474498218784,0.6876443980640659,129.67981714979624,132.48719060988654,135.29456406997684,4.237954548159632,-0.9531930633929449,0.6741586328997475,-1.6273516962926924,135.14219999556138,138.88060741677995,39.21739941977817
2016-09-01 00:00:00+01:00,135.65199279785156,133.381906171811,134.0504774408478,3.91052109430845,1.346525732980325,129.56496643735642,132.5289524623326,135.49293848730878,4.47296378626188,-0.6685712690367893,0.7670243418047225,-1.4355956108415118,135.14219999556138,138.88060741677995,39.21739941977817
2016-09-02 00:00:00+01:00,137.02999877929688,133.9431511883473,134.27118272517737,4.523815443767944,2.644817641033569,129.24458514294756,132.62461925688245,136.00465337081735,5.09714430529382,-0.3280315368300819,0.8860512592091438,-1.2140827960392258,135.14219999556138,138.88060741677995,39.21739941977817
2016-09-05 00:00:00+01:00,138.1699981689453,134.59343533920853,134.5599838691602,3.7810195488085583,2.787016252910121,128.7532476320958,132.87823849632628,137.00322936055676,6.208677825518477,0.03345147004833393,0.9980274128700477,-0.9645759428217138,135.41513284209302,138.46352043369086,33.11368503649614
2016-09-06 00:00:00+01:00,137.7790069580078,135.08352328056228,134.79843002388964,3.492570342321301,2.2055677788447383,128.45737774001245,133.07509576706659,137.69281379412072,6.940018341428736,0.2850932566726385,0.9997353595954819,-0.7146421029228434,135.41513284209302,138.46352043369086,33.11368503649614
2016-09-07 00:00:00+01:00,136.23599243164062,135.26082622688202,134.90491612816749,1.4570833835512644,0.5650850925356394,128.40531358421998,133.21561904180618,138.02592449939237,7.2218340344559895,0.3559100987145314,0.8564417613098998,-0.5005316625953684,135.41513284209302,138.46352043369086,33.11368503649614
2016-09-08 00:00:00+01:00,135.82699584960938,135.34792924576314,134.97321832975578,1.048784844072344,0.08877813020515646,128.44732861227064,133.3720950172061,138.29686142214157,7.385002693854561,0.3747109160073592,0.7001940628821821,-0.3254831468748229,135.41513284209302,138.46352043369086,33.11368503649614
2016-09-09 00:00:00+01:00,136.125,135.46747859256882,135.0585354905146,2.047467317102587,0.693463410852587,128.58931125366217,133.58485703241257,138.58040281116297,7.479209679489787,0.4089431020542236,0.5875409991432372,-0.17859789708901358,135.41513284209302,138.46352043369086,33.11368503649614
2016-09-12 00:00:00+01:00,135.96099853515625,135.54340473758228,135.1253846049325,1.098614418505008,-0.02737740278405454,128.7499150359241,133.78047616141183,138.81103728689956,7.5206207509953105,0.41802013264978655,0.4772944237910401,-0.05927429114125354,134.65042262715056,137.70030354277296,30.570618426770025
2016-09-13 00:00:00+01:00,135.70899963378906,135.56888087546025,135.16861534781074,0.8923892908611322,-0.6666164464435553,129.1155642099051,134.0172380719866,138.91891193406812,7.314990120074855,0.40026552764950907,0.3676318550326101,0.03263367261689898,134.65042262715056,137.70030354277296,30.570618426770025
2016-09-14 00:00:00+01:00,135.22999572753906,135.516744698857,135.17316204260544,1.427835882199247,-0.21315532873825305,129.59731760784427,134.24676150367372,138.89620539950317,6.926712933335402,0.3435826562515558,0.24875918690772547,0.09482346934383035,134.65042262715056,137.70030354277296,30.570618426770025
2016-09-15 00:00:00+01:00,135.97999572753906,135.588014087885,135.23292750074867,0.8660715226888271,-0.47992151930336036,130.10845569282827,134.50499906994048,138.9015424470527,6.53736799005675,0.3550865871363271,0.20821049423399743,0.1468760929023297,134.65042262715056,137.70030354277296,30.570618426770025
2016-09-16 00:00:00+01:00,135.1020050048828,135.51324345973083,135.22322953809194,-0.06423295606069246,-1.5542231904356925,130.7640136126014,134.73509434291296,138.70617507322453,5.89464942252508,0.29001392163888795,0.1145102629892466,0.17550365864964135,134.65042262715056,137.70030354277296,30.570618426770025
2016-09-19 00:00:00+01:00,133.12100219726562,135.14520634242848,135.06750899432703,-1.6175120460848404,-2.2715037453035904,130.98575218665246,134.80038016183036,138.61500813700826,5.659669461760222,0.07769734810145223,-0.07824504843855129,0.15594239654000353,133.41027931002745,136.73311627605986,30.581247251272895
2016-09-20 00:00:00+01:00,132.82000732421875,134.78748341655006,134.90102738913382,-1.8150288539775659,-3.2650258022197534,131.2831246150475,134.87438020252046,138.4656357899934,5.325333961988182,-0.1135439725837557,-0.21558909529900738,0.10204512271525168,133.41027931002745,136.73311627605986,30.581247251272895
2016-09-21 00:00:00+01:00,131.83200073242188,134.33279377283804,134.67369208122923,-1.4476941564245465,-4.2486890294714215,131.32110711081594,134.88280886695497,138.444510623094,5.28117969377729,-0.3408983083911892,-0.3543547448851527,0.013456436493963497,133.41027931002745,136.73311627605986,30.581247251272895
2016-09-22 00:00:00+01:00,130.8459930419922,133.79636289116945,134.39015881906352,-2.1471626032432027,-3.8441535700400777,130.99727423974693,134.81123715355284,138.62520006735875,5.6582270059011845,-0.5937959278940639,-0.48580189151042186,-0.107994036383642,133.41027931002745,136.73311627605986,30.581247251272895
2016-09-23 00:00:00+01:00,131.927001953125,133.50876890070109,134.20770275491992,-2.0147095908574215,-3.7377015342167965,130.81402192826826,134.7566179547991,138.69921398132996,5.8514321394639035,-0.6989338542188364,-0.47275185426815547,-0.22618199995068086,133.41027931002745,136.73311627605986,30.581247251272895
2016-09-26 00:00:00+01:00,130.92999267578125,133.11203409686726,133.96490941572446,-2.741902213576026,-4.250904899122901,130.49746865713473,134.67518906366257,138.8529094701904,6.2041426272703895,-0.8528753188572011,-0.5013546551252162,-0.35152066373198493,132.7108516933386,135.95867058804572,31.25068070935586
2016-09-27 00:00:00+01:00,130.1199951171875,132.65172040768576,133.68010094916616,-2.4991011933067853,-4.00010827338491,129.90245565596834,134.4999505905878,139.09744552520723,6.836426206005131,-1.0283805414804021,-0.5414879021987338,-0.48689263928166837,132.7108516933386,135.95867058804572,31.25068070935586
2016-09-28 00:00:00+01:00,130.6699981689453,132.34684006326415,133.4571303728535,-2.2981337908222486,-2.881126344533186,129.50620054359243,134.36861746651786,139.2310343894433,7.2374294155955825,-1.1102903095893453,-0.4987181362461415,-0.6115721733432038,132.7108516933386,135.95867058804572,31.25068070935586
2016-09-29 00:00:00+01:00,131.60499572753906,132.2327101654603,133.3199352139413,-0.908939730542869,-1.7429393643319315,129.22300600066146,134.22247459774925,139.22194319483705,7.449525293093699,-1.0872250484810024,-0.3805223001102389,-0.7067027483707635,132.7108516933386,135.95867058804572,31.25068070935586
2016-09-30 00:00:00+01:00,131.1699981689453,132.0692160121503,133.16068061801568,-1.2776850125469252,-2.7106836697734877,128.8906460794696,134.00904628208704,139.12744648470448,7.638887589488967,-1.091464605865383,-0.3078094859956956,-0.7836551198696874,132.7108516933386,135.95867058804572,31.25068070935586
2016-10-03 00:00:00+01:00,131.31199645996094,131.95272069642886,133.02374105075236,-1.6357405624711134,-2.905744834932051,128.68218966206078,133.73676045735678,138.79133125265278,7.558984946263445,-1.0710203543235082,-0.22989218756305663,-0.8411281667604515,131.1702359677596,134.8344325778394,34.07356040311675
2016-10-04 00:00:00+01:00,130.86700439453125,131.78568741921384,132.86398277992117,-1.526977164686798,-2.519988639296173,128.60464332203324,133.38899884905135,138.17335437606945,7.173538400167899,-1.0782953607073296,-0.18973375515750246,-0.8885616055498271,131.1702359677596,134.8344325778394,34.07356040311675
2016-10-05 00:00:00+01:00,130.9499969482422,131.65711965444896,132.72220605164867,-0.6241988495002317,-2.2012099578986692,128.5995875931399,133.06380789620536,137.52802819927084,6.7098941081676085,-1.0650863971997069,-0.14121983331990384,-0.923866563879803,131.1702359677596,134.8344325778394,34.07356040311675
2016-10-06 00:00:00+01:00,131.94700622558594,131.70171758847005,132.6647838423107,-0.60577810500601,-1.5177806684825725,128.60712802264067,132.8595704578218,137.11201289300294,6.401409278274217,-0.9630662538406511,-0.03135975196867846,-0.9317065018719727,131.1702359677596,134.8344325778394,34.07356040311675
2016-10-07 00:00:00+01:00,128.57899475097656,131.22129869039412,132.36213279850816,-2.782130967453469,-5.532130967453469,128.10765205670137,132.5144275483631,136.92120304002484,6.651012381355102,-1.140834108114035,-0.16730208499364985,-0.9735320231203851,131.1702359677596,134.8344325778394,34.07356040311675
2016-10-10 00:00:00+01:00,128.08900451660156,130.73940727904142,132.04560477762618,-3.451610637001181,-4.545604777626181,127.65055593504313,132.1317610967727,136.61296625850224,6.782934132615611,-1.3061974985847655,-0.26613238037150433,-1.0400651182132612,129.68082513817436,133.67265699229148,37.038729575102984
2016-10-11 00:00:00+01:00,127.94000244140625,130.30872961171292,131.74148608605432,-3.384491457148073,-5.649483217401979,127.27191733516857,131.7498089018322,136.22770046849587,6.797568215070676,-1.432756474341403,-0.31415308490251337,-1.1186033894388896,129.68082513817436,133.67265699229148,37.038729575102984
2016-10-12 00:00:00+01:00,126.80799865722656,129.77015561871502,131.37604257280782,-3.8180439155812564,-4.869038788628131,126.74350099323068,131.3259517124721,135.90840243171348,6.978743591022006,-1.6058869540927958,-0.3898268517231249,-1.2160601023696709,129.68082513817436,133.67265699229148,37.038729575102984
2016-10-13 00:00:00+01:00,127.10700225830078,129.36043971711283,131.05981736432582,-3.6378202940133235,-5.1028166319039485,126.36884683899419,130.93914249965124,135.5094381603083,6.9807936319259545,-1.699377647212998,-0.38665403587466174,-1.3127236113383363,129.68082513817436,133.67265699229148,37.038729575102984
2016-10-14 00:00:00+01:00,126.76000213623047,128.96037239697708,130.74131253261507,-2.840311556052569,-4.045313387107257,126.18695000196692,130.5000951857794,134.81324036959188,6.6101793683327275,-1.7809401356379908,-0.37457321943972355,-1.4063669161982673,129.68082513817436,133.67265699229148,37.038729575102984
2016-10-17 00:00:00+01:00,126.7020034790039,128.6129310249812,130.4421044545698,-3.476101036601051,-4.1251031117963635,126.01633313048582,130.1000951131185,134.18385709575116,6.2778770132057975,-1.829173429588593,-0.33824521071226066,-1.4909282188763324,128.77054907486362,132.71227698599873,39.509703885091504
2016-10-18 00:00:00+01:00,126.875,128.34555702113795,130.17787449497203,-2.033877302589218,-3.4068707718274993,125.73250892635922,129.80266643705824,133.87282394775724,6.271300309031241,-1.832317473834081,-0.2731114039661988,-1.5592060698678822,128.77054907486362,132.71227698599873,39.509703885091504
2016-10-19 00:00:00+01:00,127.78500366210938,128.25931804282587,130.00062480364886,-2.1206275502308927,-3.22162547503558,125.64148890773367,129.56290435791016,133.48431980808664,6.053299699648281,-1.7413067608229937,-0.1456805527640892,-1.5956262080589045,128.77054907486362,132.71227698599873,39.509703885091504
2016-10-20 00:00:00+01:00,127.06700134277344,128.07588470435627,129.78331936210253,-2.325319178997063,-3.1413210710869066,125.41459552672075,129.33599962506975,133.25740372341875,6.063901944882635,-1.707434657746262,-0.08944675974988603,-1.617987897996376,128.77054907486362,132.71227698599873,39.509703885091504
2016-10-21 00:00:00+01:00,127.59500122070312,128.0019026299481,129.62122172199886,-1.9952222713152707,-3.4862195857683957,125.25377488262026,129.18119049072266,133.10860609882505,6.080475947284983,-1.6193190920507732,-0.0010649552435177956,-1.6182541368072554,128.77054907486362,132.71227698599873,39.509703885091504
2016-10-24 00:00:00+01:00,126.94999694824219,127.84007098660872,129.4233532202391,-2.0153560888914512,-2.787351633325045,125.10856010491717,128.9441902523949,132.7798203998726,5.949287269119856,-1.583282233630385,0.027977522541496436,-1.6112597561718813,128.41236576507836,131.9956658659286,40.80457885059661
2016-10-25 00:00:00+01:00,127.43900299072266,127.77836821801087,129.276364314349,-1.348362910540402,-2.6483659622982145,124.99880808741428,128.7779526483445,132.55709720927473,5.869241563810201,-1.4979960963381274,0.09061092786700309,-1.5886070242051304,128.41236576507836,131.9956658659286,40.80457885059661
2016-10-26 00:00:00+01:00,126.79900360107422,127.62769673848216,129.09285611336568,-1.265852634361778,-2.4528567237172467,124.80080700779014,128.61981019519624,132.43881338260232,5.938436982001896,-1.4651593748835268,0.09875811945728286,-1.5639174943408096,128.41236576507836,131.9956658659286,40.80457885059661
2016-10-27 00:00:00+01:00,127.92500305175781,127.6734361712938,129.00634847917252,-0.5963448170631409,-1.558350432297516,124.77321516936593,128.48909614199684,132.20497711462775,5.783963128706875,-1.3329123078787148,0.1848041491696759,-1.5177164570483908,128.41236576507836,131.9956658659286,40.80457885059661
2016-10-28 00:00:00+01:00,128.02699279785156,127.72782949845653,128.9338036138895,-0.6637993414285575,-1.3138008673074637,124.87153856320951,128.31871505010696,131.76589153700442,5.372835109128661,-1.2059741154329657,0.24939387329233997,-1.4553679887253057,128.41236576507836,131.9956658659286,40.80457885059661
2016-10-31 00:00:00+00:00,127.69599914550781,127.7229325210798,128.84211439400937,-0.5991181781890589,-1.3321122577789026,124.94409893381547,128.15328652518136,131.36247411654725,5.008357847670654,-1.1191818729295733,0.26894889263658595,-1.3881307655661592,128.97491254455744,131.72485732844103,37.123807499789855
2016-11-01 00:00:00+00:00,128.25100708007812,127.80417476092569,128.7983286670515,0.19866535150319464,-1.1063273242780554,125.12390725988871,128.0075251261393,130.89114299238992,4.505388044037365,-0.9941539061258027,0.31518148755228514,-1.3093353936780878,128.97491254455744,131.72485732844103,37.123807499789855
2016-11-02 00:00:00+00:00,127.37000274658203,127.73737906641128,128.69252674701673,-1.207526136665166,-1.8865269911573535,125.24787656372325,127.84100123814174,130.43412591256023,4.0567965665225465,-0.9551476806054495,0.28335017045811073,-1.2384978510635603,128.97491254455744,131.72485732844103,37.123807499789855
2016-11-03 00:00:00+00:00,127.18699645996094,127.65270481926507,128.5810059850126,0.26999193979207803,-2.091008121243078,125.46267126339134,127.66181073869977,129.8609502140082,3.44525815916815,-0.9283011657475413,0.2481573482528152,-1.1764585140003565,128.97491254455744,131.72485732844103,37.123807499789855
2016-11-04 00:00:00+00:00,128.46400451660156,127.77752015731684,128.57233920957475,0.8506649408158751,-0.25634494687943743,126.33360291837012,127.49595351446243,128.65830411055475,1.8233529207034265,-0.7948190522579068,0.30531156939395965,-1.1001306216518665,128.97491254455744,131.72485732844103,37.123807499789855
2016-11-07 00:00:00+00:00,130.10000610351562,128.13482568750126,128.68549972023703,1.4505018666770297,0.6654982045676547,126.01974234219875,127.5683826264881,129.11702291077745,2.4279374754223637,-0.5506740327357704,0.4395652711328768,-0.9902393038686472,130.7676073050956,132.10030582811686,35.36789456490532
2016-11-08 00:00:00+00:00,129.4810028076172,128.3419298598268,128.7444258748578,1.262577909321891,0.5365799845172035,125.89516616039617,127.6346682593936,129.37417035839104,2.7257517455402027,-0.40249601503100507,0.4701946310701137,-0.8726906461011188,130.7676073050956,132.10030582811686,35.36789456490532
2016-11-09 00:00:00+00:00,130.0780029296875,128.60901802442075,128.84320936040075,1.5067967431148759,-2.063210581103874,125.7107014761477,127.73647780645462,129.76225413676153,3.171805525084781,-0.2341913359800003,0.5107994480968948,-0.7449907840768951,130.7676073050956,132.10030582811686,35.36789456490532
2016-11-10 00:00:00+00:00,131.44000244140625,129.04455408857237,129.0355644034382,4.3844337655071115,1.2734413338664865,125.43563168092514,127.95704941522507,130.47846714952502,3.9410376307097383,0.008989685134167757,0.6031843753688503,-0.5941946902346825,130.7676073050956,132.10030582811686,35.36789456490532
2016-11-11 00:00:00+00:00,134.11000061035156,129.82385355346148,129.41144856691326,5.448552043438298,4.07454386472736,124.68687607068252,128.2905255272275,131.89417498377244,5.617951040009031,0.4124049865482107,0.8052797414263145,-0.39287475487810386,130.7676073050956,132.10030582811686,35.36789456490532
2016-11-14 00:00:00+00:00,134.35299682617188,130.52064482618616,129.7774891787102,5.621512896485115,4.436515337891365,124.29115168166305,128.652096702939,133.01304172421493,6.779438708014954,0.7431556474759589,0.9088243218832501,-0.16566867440729127,132.75540580593614,132.76183396804547,36.46075048119399
2016-11-15 00:00:00+00:00,135.43600463867188,131.27685402810704,130.1966384720407,5.237367265263998,4.025361650029623,123.93306612554655,129.06800152006605,134.20293691458556,7.956945693811161,1.0802155560663493,0.9967073843789125,0.08350817168743685,132.75540580593614,132.76183396804547,36.46075048119399
2016-11-16 00:00:00+00:00,135.77699279785156,131.9691830696062,130.60999805173037,6.1210047558868155,5.0440089062774405,123.72075581645197,129.49190593901136,135.26305606157075,8.9135302793018,1.3591850178758307,1.020541476950715,0.3386435409251156,132.75540580593614,132.76183396804547,36.46075048119399
2016-11-17 00:00:00+00:00,135.3300018310547,132.48623210982905,130.95962796130996,5.4583713062681625,4.0403720386900375,123.62809402192002,129.85119156610398,136.07428911028794,9.584967945428417,1.526604148519084,0.9503684860751747,0.5762356624439093,132.75540580593614,132.76183396804547,36.46075048119399
2016-11-18 00:00:00+00:00,136.8000030517578,133.1498891778181,131.39224833838017,6.1687563002917045,4.0607545913073295,123.56274110764417,130.31466783796037,137.06659456827657,10.36249693505243,1.7576408394379257,0.9451241415952131,0.8125166978427126,132.75540580593614,132.76183396804547,36.46075048119399
2016-11-21 00:00:00+00:00,136.7310028076172,133.70082973624872,131.78771163239773,6.8592915414303945,4.5182881234616445,123.58980235132285,130.74971553257532,137.9096287138278,10.952089879642818,1.9131181038509908,0.8804811248066224,1.0326369790443684,135.36260248716056,133.87828566541174,40.05644100452987
2016-11-22 00:00:00+00:00,138.2209930419922,134.39623947559386,132.26425099607138,6.537750957053618,5.394745585959868,123.67102298287837,131.2864296322777,138.90183628167702,11.601209158828436,2.1319884795224766,0.8794812003824866,1.25250727913999,135.36260248716056,133.87828566541174,40.05644100452987
2016-11-23 00:00:00+00:00,137.89199829101562,134.93404852412027,132.68112116606724,7.388886158151507,4.602875415964007,123.87881710965092,131.78419131324404,139.68956551683715,11.997454512282824,2.2529273580530287,0.8003360631304308,1.4525912949225979,135.36260248716056,133.87828566541174,40.05644100452987
2016-11-24 00:00:00+00:00,139.93299865722656,135.7031177753674,133.2182972765235,8.060709681484326,6.560709681484326,124.11234489586272,132.4096196492513,140.7068944026399,12.53273708567066,2.484820498843902,0.8257833631370435,1.6590371357068587,135.36260248716056,133.87828566541174,40.05644100452987
2016-11-25 00:00:00+00:00,141.0500030517578,136.52571551019668,133.79842363024454,7.898582595341395,6.240577834599208,124.2214655404349,133.0346196492513,141.84777375806772,13.249414523907355,2.7272918799521335,0.8546037953962198,1.8726880845559137,135.36260248716056,133.87828566541174,40.05644100452987
2016-11-28 00:00:00+00:00,140.57699584960938,137.14898940856787,134.30054009093823,6.369458078007085,4.803463815311773,124.56017457943395,133.63223884219215,142.70430310495036,13.577658118070609,2.848449317629644,0.7806089864589842,2.0678403311706597,138.17173275348463,135.29424389694333,44.57766492522584
2016-11-29 00:00:00+00:00,138.5760040283203,137.368530119299,134.6172411233369,6.690757533889666,3.9627607077177913,125.2524765859957,134.15033431280227,143.04819203960886,13.265502128469079,2.7512889959621134,0.5467589318331632,2.2045300641289503,138.17173275348463,135.29424389694333,44.57766492522584
2016-11-30 00:00:00+00:00,140.46099853515625,137.84429449096936,135.05011204273092,7.274884905511271,4.937894549065959,125.85616171298804,134.7317624773298,143.60736324167155,13.17521659502551,2.7941824482384447,0.4717219072875958,2.322460540950849,138.17173275348463,135.29424389694333,44.57766492522584
2016-12-01 00:00:00+00:00,143.5449981689453,138.72132582604257,135.67936286689493,9.481632616503504,6.971638109667566,126.50893911662453,135.5020003545852,144.49506159254585,13.273695169705807,3.0419629591476394,0.5756019345574321,2.4663610245902072,138.17173275348463,135.29424389694333,44.57766492522584
2016-12-02 00:00:00+00:00,143.38400268554688,139.43866072750478,136.25007692753582,7.937926612503247,6.687926612503247,127.48922410498824,136.27328636532738,145.05734862566652,12.891833013831402,3.188583799968967,0.5777782203030077,2.6108055796659593,138.17173275348463,135.29424389694333,44.57766492522584
2016-12-05 00:00:00+00:00,143.7899932861328,140.10809650575524,136.80858925039485,9.18240806405828,6.831410139253592,128.39059456177054,137.00309535435267,145.6155961469348,12.572709792149235,3.299507255360396,0.5509613405555496,2.7485459148048466,140.5721555352007,136.73406635432755,48.66797544275714
2016-12-06 00:00:00+00:00,144.88400268554688,140.84285130264627,137.40676802336907,8.192231000068432,7.079224408271557,129.04994543566391,137.70709519159226,146.3642449475206,12.573280619830994,3.4360832792771987,0.5500298915778816,2.886053387699317,140.5721555352007,136.73406635432755,48.66797544275714
2016-12-07 00:00:00+00:00,144.49000549316406,141.4039519473413,137.93145228039091,6.839543813359086,5.090550893437211,130.12861221325466,138.42180960518974,146.71500699712482,11.982501046026133,3.472499666950398,0.46915702340086485,3.003342643549533,140.5721555352007,136.73406635432755,48.66797544275714
2016-12-08 00:00:00+00:00,143.58599853515625,141.73965142238976,138.35030755852168,6.07368841315801,4.782688046947072,131.38773671965018,139.06504749116442,146.74235826267866,11.04132333755831,3.3893438638680777,0.3088009762548358,3.080542887613242,140.5721555352007,136.73406635432755,48.66797544275714
2016-12-09 00:00:00+00:00,143.5050048828125,142.0112442624548,138.73213698995062,6.353861545205632,4.741862033486882,132.54724080874288,139.63957141694567,146.73190202514846,10.158052672656815,3.279107272504177,0.15885150791274816,3.120255764591429,140.5721555352007,136.73406635432755,48.66797544275714
2016-12-12 00:00:00+00:00,145.3730010986328,142.5284376218668,139.224052849853,7.097953375732942,5.7019420231938795,133.13403820013642,140.1759047735305,147.2177713469246,10.047185477091793,3.3043847720138046,0.14730320593790047,3.157081566075904,142.75143722691766,138.2163426766167,52.96488315424112
2016-12-13 00:00:00+00:00,145.75799560546875,143.0252926962671,139.70804860952825,6.968556615081127,5.843953343596752,133.79910624904397,140.71899995349702,147.63889365795006,9.835052418990815,3.317244086738839,0.12813001653034783,3.189114070208491,142.75143722691766,138.2163426766167,52.96488315424112
2016-12-14 00:00:00+00:00,145.8730010986328,143.46340168124644,140.16471175686934,6.01929398043535,5.0552894638337875,134.38661817098426,141.21599978492372,148.04538139886319,9.672249071409496,3.2986899243771006,0.08766068333488786,3.2110292410422128,142.75143722691766,138.2163426766167,52.96488315424112
2016-12-15 00:00:00+00:00,146.92799377441406,143.99641584942609,140.6656956100208,7.771300849940133,6.16130023958857,134.95785898186583,141.7469998314267,148.5361406809876,9.579237454951285,3.330720239405281,0.09575279869045428,3.2349674407148266,142.75143722691766,138.2163426766167,52.96488315424112
2016-12-16 00:00:00+00:00,146.88900756835938,144.4414299600312,141.12668168100885,6.148312215475528,5.150311116842715,135.81102904662944,142.29742867606026,148.78382830549108,9.1166786213644,3.3147482790223535,0.06382467064602171,3.2509236083763318,142.75143722691766,138.2163426766167,52.96488315424112
2016-12-19 00:00:00+00:00,147.11000061035156,144.85197929084973,141.56989049058978,5.596109875621153,2.9501137818711527,136.48248514654532,142.78838094075522,149.09427673496512,8.832505491922767,3.2820888002599418,0.024932153506887822,3.257156646753054,143.23095896508053,139.0697226430152,53.47801308124221
2016-12-20 00:00:00+00:00,144.97900390625,144.87152153937285,141.82241741026832,4.513581124887935,3.1015785614113724,137.43028064604852,143.18114289783296,148.9320051496174,8.032988332671675,3.049104129104535,-0.16644201411881543,3.2155461432233503,143.23095896508053,139.0697226430152,53.47801308124221
2016-12-21 00:00:00+00:00,145.7449951171875,145.0059020898059,142.11297872189195,3.707028602326801,2.7860233533033636,138.14269785281675,143.5394287109375,148.93615956905825,7.519510014197966,2.8929233679139372,-0.2580982202475304,3.1510215881614676,143.23095896508053,139.0697226430152,53.47801308124221
2016-12-22 00:00:00+00:00,145.26300048828125,145.04545568957133,142.34631366755042,3.2286832806917687,2.154693412527706,139.08181150029543,143.8904288155692,148.699046130843,6.6837208768585965,2.699142022020908,-0.36150365291244757,3.0606456749333555,143.23095896508053,139.0697226430152,53.47801308124221
2016-12-23 00:00:00+00:00,144.35699462890625,144.93953860331516,142.49525299802121,1.8937545703381602,1.0377517627209727,139.6285516419455,144.10109529041108,148.57363893887666,6.2075081933998195,2.444285605293942,-0.4930880557115307,2.9373736610054726,143.23095896508053,139.0697226430152,53.47801308124221
2016-12-26 00:00:00+00:00,144.19000244140625,144.82422534763685,142.62078999382751,1.5382065882037352,0.7832169641802977,139.99121197682146,144.25061907087053,148.5100261649196,5.905565080391668,2.20343535380934,-0.587150645756906,2.790585999566246,143.50830715673337,139.78304848544718,51.2904740025249
2016-12-27 00:00:00+00:00,143.83999633789062,144.67280549998358,142.71110157486922,1.4709052610682818,0.8969001341151568,140.46804127093387,144.40600004650298,148.3439588220721,5.454009908592408,1.9617039251143638,-0.6631056595615057,2.6248095846758694,143.50830715673337,139.78304848544718,51.2904740025249
2016-12-28 00:00:00+00:00,144.1929931640625,144.59898821753418,142.82087132221687,1.8531246494628135,0.700124771533126,141.7144351148197,144.67347571963356,147.6325163244474,4.090647010580227,1.7781168953173108,-0.6773541514868469,2.4554710468041576,143.50830715673337,139.78304848544718,51.2904740025249
2016-12-29 00:00:00+00:00,143.1179962158203,144.3711432941936,142.8428805735949,0.257125529920728,-0.5398867991808345,142.39734350287418,144.7999994187128,147.2026553345514,3.318585532436277,1.5282627205986898,-0.741766660964374,2.270029381563064,143.50830715673337,139.78304848544718,51.2904740025249
2016-12-30 00:00:00+00:00,142.8300018310547,144.13404460755683,142.841926592666,1.726066571396501,-0.056922930556623896,142.27450050678476,144.76595197405135,147.25740344131793,3.4420406639721026,1.292118014890832,-0.7823290933377853,2.0744471082286173,143.50830715673337,139.78304848544718,51.2904740025249
2017-01-02 00:00:00+00:00,144.06300354003906,144.1231152125541,142.93237673691584,1.9996300990216582,1.1276208216779082,142.36240737207098,144.79828534807478,147.2341633240786,3.36451218348104,1.1907384756382555,-0.7069669060722894,1.897705381710545,143.5345399762337,140.32647093255963,50.0977822029145
2017-01-03 00:00:00+00:00,144.25999450683594,144.14417356552053,143.03071879394696,2.3332796191389775,1.082287797849915,142.41379255162462,144.82066635858445,147.22754016554427,3.323936931763954,1.113454771573572,-0.6274004881095783,1.7408552596831504,143.5345399762337,140.32647093255963,50.0977822029145
2017-01-04 00:00:00+00:00,144.0279998779297,144.12630069050655,143.10459146683456,1.7864150028919994,0.6024092655873119,142.34981969555204,144.7799043201265,147.20998894470094,3.3569363593461516,1.0217092236719907,-0.5753168288089276,1.5970260524809183,143.5345399762337,140.32647093255963,50.0977822029145
2017-01-05 00:00:00+00:00,144.322998046875,144.15656182225555,143.19484380609683,1.0871538745672353,-0.6548505199640147,142.33703580115505,144.77195158458892,147.20686736802278,3.363794929587817,0.9617180161587271,-0.5082464290577531,1.4699644452164802,143.5345399762337,140.32647093255963,50.0977822029145
2017-01-06 00:00:00+00:00,143.17300415039062,144.00524525735327,143.1932260538223,0.8217733358261512,0.004771993052713697,142.2731031301173,144.75228518531435,147.2314672405114,3.4254133563738245,0.8120192035309799,-0.5263561933484002,1.3383753968793801,143.5345399762337,140.32647093255963,50.0977822029145
2017-01-09 00:00:00+00:00,143.58700561523438,143.94090069702727,143.2223949102232,0.6076069208315005,-2.1134013799497495,142.2846316783236,144.75618998209634,147.2277482858691,3.4147877255935497,0.7185057868040872,-0.4958956880602343,1.2144014748643215,141.52236035036674,139.92240381342722,43.667299010781285
2017-01-10 00:00:00+00:00,141.16600036621094,143.51399295382475,143.0700693884445,-1.6470652380538695,-2.8850718298507445,141.66955546289398,144.5558566138858,147.4421577648776,3.9933368576013253,0.4439235653802598,-0.6163823275872493,1.060305892967509,141.52236035036674,139.92240381342722,43.667299010781285
2017-01-11 00:00:00+00:00,141.0330047607422,143.1323024625813,142.9191757123184,-1.4571700970840311,-2.2971816937637186,141.13447274139705,144.3308570498512,147.52724135830536,4.429245933667726,0.2131267502628873,-0.6777433141636975,0.8908700644265848,141.52236035036674,139.92240381342722,43.667299010781285
2017-01-12 00:00:00+00:00,140.5570068359375,142.73610313540533,142.7442002399939,-2.1172013386266997,-3.524199019290762,140.58195883413964,144.07771446591332,147.573470097687,4.8525972871407825,-0.008097104588557613,-0.7191737352121139,0.7110766306235563,141.52236035036674,139.92240381342722,43.667299010781285
2017-01-13 00:00:00+00:00,139.46800231933594,142.23331839447158,142.50151891253773,-2.2985159828502333,-3.3125235512096083,139.9521187583796,143.72247677757628,147.49283479677294,5.246720072924486,-0.26820051806615197,-0.7834217189517666,0.5152212008856146,141.52236035036674,139.92240381342722,43.667299010781285
2017-01-16 00:00:00+00:00,137.4980010986328,141.50480804126562,142.13088796335958,-4.066892602031459,-5.627881981914271,138.9295271074513,143.27528599330358,147.62104487915587,6.066306349659499,-0.6260799220939646,-0.9130408983836633,0.28696097628969874,141.33457344484086,140.07048893062176,38.696942816203155
2017-01-17 00:00:00+00:00,137.42799377441406,140.87760584636538,141.7825254308451,-1.6955198156107372,-4.67752970330605,138.15087675759915,142.81423804873512,147.4775993398711,6.530667186761318,-0.9049195844797282,-0.9535044486155415,0.04858486413581334,141.33457344484086,140.07048893062176,38.696942816203155
2017-01-18 00:00:00+00:00,139.8249969482422,140.7156660158849,141.63752332102268,-1.6715199030539338,-2.4895283259054963,137.84489155954216,142.56880914597284,147.2927267324035,6.626859850661957,-0.9218573051377916,-0.776353735418884,-0.14550356971890765,141.33457344484086,140.07048893062176,38.696942816203155
2017-01-19 00:00:00+00:00,140.6750030517578,140.70941017524996,141.56622552329935,0.5007758194740859,-1.0662255232993516,137.76187589336277,142.32738095238096,146.89288601139916,6.41549788729084,-0.8568153480493947,-0.5690494226643896,-0.2877659253850051,141.33457344484086,140.07048893062176,38.696942816203155
2017-01-20 00:00:00+00:00,141.843994140625,140.88396155453842,141.58680097643457,0.4511934083310507,-0.3808073240908243,137.78954907461483,142.1645711263021,146.53959317798936,6.154869693660037,-0.702839421896158,-0.3320587972089223,-0.3707806246872357,141.33457344484086,140.07048893062176,38.696942816203155
2017-01-23 00:00:00+00:00,140.95899963378906,140.89550587442312,141.54029717327566,0.4857038032868388,-0.7742907035490987,137.71354726251127,142.0027618408203,146.29197641912936,6.041029797881099,-0.6447912988525388,-0.2192085393322425,-0.42558275952029634,142.34605006186004,140.68456241137557,33.8181555899923
2017-01-24 00:00:00+00:00,141.15199279785156,140.93496540110442,141.51153388620722,0.41487297414434465,-0.6845380365978428,137.66998375732453,141.85809471493675,146.04620567254898,5.904648537721045,-0.576568485102797,-0.12078858046600055,-0.45577990463679646,142.34605006186004,140.68456241137557,33.8181555899923
2017-01-25 00:00:00+00:00,142.66299438476562,141.20081601397538,141.59682725647082,1.6991779925526203,0.24017835876355775,137.6907293718128,141.80204700288317,145.91336463395353,5.7986717652768025,-0.3960112424954332,0.04781492971309065,-0.44382617220852383,142.34605006186004,140.68456241137557,33.8181555899923
2017-01-26 00:00:00+00:00,143.12399291992188,141.496689384121,141.70995063894867,2.7020519245278933,1.1970470417153933,137.7341095237192,141.75114222935267,145.76817493498612,5.667725342394652,-0.2132612548276711,0.18445193390468217,-0.3977131887323533,142.34605006186004,140.68456241137557,33.8181555899923
2017-01-27 00:00:00+00:00,144.14599609375,141.90427503175624,141.89039845041543,2.88360362477988,2.1316047234126927,137.6935699724562,141.8000946044922,145.90661923652817,5.7919913854639855,0.013876581340809935,0.32927181605853056,-0.31539523471772063,142.34605006186004,140.68456241137557,33.8181555899923
2017-01-30 00:00:00+00:00,144.36900329589844,142.2834639954704,142.0739988093401,2.433996796128639,0.33699667405832656,137.6428922945148,141.87338038853235,146.1038684825499,5.963751737545116,0.20946518613030207,0.41988833667841813,-0.21042315054811606,141.76536800999003,140.6730540535005,28.953001539907522
2017-01-31 00:00:00+00:00,142.0540008544922,142.24816197378146,142.07251747935138,0.38147727162518663,-1.6165238270076259,137.66026213287992,141.77771359398253,145.89516505508513,5.808319737605588,0.17564449443008812,0.30885411598256335,-0.13320962155247523,141.76536800999003,140.6730540535005,28.953001539907522
2017-02-01 00:00:00+00:00,141.91000366210938,142.1961376181396,142.06047941881494,2.0305239991538144,-0.16048552233056057,137.69932606388076,141.66580926804315,145.63229247220553,5.599774885212395,0.13565819932466638,0.21509425670171328,-0.0794360573770469,141.76536800999003,140.6730540535005,28.953001539907522
2017-02-02 00:00:00+00:00,143.4080047607422,142.38257871700154,142.16029611080955,1.2526982739560708,-1.3983027026064292,137.73182698260814,141.63628569103423,145.54074439946032,5.513359361799825,0.2222826061919818,0.24137493085522296,-0.01909232466324115,141.76536800999003,140.6730540535005,28.953001539907522
2017-02-03 00:00:00+00:00,141.19700622558594,142.20018294909144,142.0889413044967,-0.1299416707076375,-1.688947408012325,137.77017427599426,141.48742893763952,145.20468359928478,5.254537013721033,0.11124164459474173,0.1042671754063863,0.0069744691883554255,141.76536800999003,140.6730540535005,28.953001539907522
2017-02-06 00:00:00+00:00,140.60400390625,141.95461694250045,141.97894594166362,-1.2389404484995623,-2.3769409367808123,137.70919603566298,141.36509559268043,145.02099514969788,5.172280387446281,-0.024328999163174103,-0.025042774681223623,0.0007137755180495198,141.9002447296418,140.88690321284975,25.975313688954863
2017-02-07 00:00:00+00:00,139.41000366210938,141.56313797628644,141.7886539209559,-2.1706577051355964,-3.228656362362159,137.56132411745094,141.1661907377697,144.77105735808848,5.1072662674806795,-0.22551594466946767,-0.18098377615001376,-0.04453216851945392,141.9002447296418,140.88690321284975,25.975313688954863
2017-02-08 00:00:00+00:00,140.4290008544922,141.38865534216424,141.68793887899562,-1.0479394893471863,-1.8679315547768738,137.51258053363318,141.13109552292596,144.74961051221874,5.1278777024797755,-0.299283536831382,-0.20380109464954244,-0.09548244218183954,141.9002447296418,140.88690321284975,25.975313688954863
2017-02-09 00:00:00+00:00,140.23699951171875,141.2114775220957,141.58046188882696,0.18253859945428985,-1.4424614005457101,137.45473768415567,141.09319051106772,144.73164333797976,5.157517260376409,-0.36898436673126866,-0.2188015396395433,-0.15018282709172537,141.9002447296418,140.88690321284975,25.975313688954863
2017-02-10 00:00:00+00:00,141.75999450683594,141.29586475051727,141.59376060127207,0.7692459905248086,-0.4417678034205039,137.50971431166087,141.15047563825334,144.7912369648458,5.158695087819855,-0.29789585075479863,-0.1181704189304586,-0.17972543182434003,141.9002447296418,140.88690321284975,25.975313688954863
2017-02-13 00:00:00+00:00,142.1699981689453,141.4303468148908,141.63644486554415,0.9525596510574132,0.35356062761991325,137.69476982639972,141.27914210728235,144.863514388165,5.074170507293692,-0.2060980506533383,-0.021098095063198624,-0.18499995559013968,141.3928318135763,140.81420360836339,22.738895901228137
2017-02-14 00:00:00+00:00,142.37600708007812,141.57583300953502,141.6912272518059,0.9527699405768999,-0.5612223689934126,138.32743398849246,141.5114281063988,144.69542222430513,4.499981606450009,-0.11539424227089512,0.05568457065539564,-0.17107881292629076,141.3928318135763,140.81420360836339,22.738895901228137
2017-02-15 00:00:00+00:00,142.5229949951172,141.7215502380861,141.75283967723638,1.0111678911229944,0.24116361866205693,139.1232322257433,141.7540472121466,144.38486219854988,3.7118022915649993,-0.03128943915027094,0.11183149902081585,-0.1431209381710868,141.3928318135763,140.81420360836339,22.738895901228137
2017-02-16 00:00:00+00:00,142.281005859375,141.807620333669,141.79196309813554,0.5410294555753978,-0.25296163329178967,139.37890020670363,141.8710000174386,144.36309982817357,3.5131912941032977,0.01565723553346743,0.12702253896364338,-0.11136530343017595,141.3928318135763,140.81420360836339,22.738895901228137
2017-02-17 00:00:00+00:00,141.48500061035156,141.7579865300817,141.76922513607747,0.16977022525065877,-2.0822286761165287,139.4681512967717,141.9095713297526,144.35099136273348,3.4408109475685817,-0.011238605995771422,0.08010135794752363,-0.09133996394329505,141.3928318135763,140.81420360836339,22.738895901228137
2017-02-20 00:00:00+00:00,140.3780059814453,141.54568183029147,141.66617186536396,-0.4181707667311514,-1.5491674708327139,139.31250732693036,141.83976236979166,144.36701741265296,3.563535359390226,-0.12049003507249267,-0.023320056903358102,-0.09716997816913457,140.62422308079564,140.5674610379164,21.150439591800478
2017-02-21 00:00:00+00:00,141.2740020751953,141.50388494489206,141.6371222512774,0.05608453583198525,-0.7761298196367648,139.34491667740159,141.8547624860491,144.36460829469664,3.5386133883158983,-0.13323730638532538,-0.02885386257295265,-0.10438344381237273,140.62422308079564,140.5674610379164,21.150439591800478
2017-02-22 00:00:00+00:00,141.92599487304688,141.56882493383895,141.65852022326033,0.3494753822084249,-1.1515164390806376,139.40148212783606,141.89161972772507,144.38175732761408,3.509914968434809,-0.08969528942137117,0.011750523512801245,-0.10144581293417242,140.62422308079564,140.5674610379164,21.150439591800478
2017-02-23 00:00:00+00:00,141.2220001220703,141.51546727048992,141.62618540094996,-0.27018259333277683,-0.9191846685280893,139.34227084023857,141.823000953311,144.30373106638345,3.498346666474941,-0.11071813046004308,-0.007417854020696529,-0.10330027643934656,140.62422308079564,140.5674610379164,21.150439591800478
2017-02-24 00:00:00+00:00,141.46499633789062,141.50770251162848,141.61424547035298,0.1447572151938914,-1.427249010392046,139.32923930427327,141.74400111607142,144.15876292786956,3.407215533334271,-0.10654295872450348,-0.0025941458281255325,-0.10394881289637795,140.62422308079564,140.5674610379164,21.150439591800478
2017-02-27 00:00:00+00:00,139.08700561523438,141.1352876044909,141.42704251812197,-1.66504910991884,-2.4120431284735275,139.0855240655187,141.50309680757067,143.92066954962263,3.4169891636217744,-0.29175491363105266,-0.15024488058773977,-0.1415100330433129,140.4211485170799,140.4885379453067,19.91279394864032
2017-02-28 00:00:00+00:00,140.22300720214844,140.9949367733613,141.33785471693875,-1.0308478810012502,-2.3038581349075002,139.19939089376732,141.305668422154,143.4119459505407,2.981164948166332,-0.3429179435774472,-0.16112632842730745,-0.18179161515013975,140.4211485170799,140.4885379453067,19.91279394864032
2017-03-01 00:00:00+00:00,139.95199584960938,140.8344843235533,141.23519850454397,-0.5222010680205358,-1.4161982604033483,139.05180976285834,141.20557294573103,143.35933612860373,3.0505356664647243,-0.40071418099066136,-0.17513805267241728,-0.22557612831824408,140.4211485170799,140.4885379453067,19.91279394864032
2017-03-02 00:00:00+00:00,140.0240020751953,140.70979474688286,141.14548025051815,-0.4644804946587726,-1.2514830581353351,138.92993630476508,141.11576334635416,143.30159038794324,3.0979204445419617,-0.435685503635284,-0.16808750025363195,-0.26759800338165207,140.4211485170799,140.4885379453067,19.91279394864032
2017-03-03 00:00:00+00:00,140.33700561523438,140.6524425727831,141.08559324049713,-0.6155920197940077,-1.4485998322940077,139.0183764139418,140.96952529180618,142.92067416967055,2.7681853561264416,-0.4331506677140453,-0.1324421314659146,-0.3007085362481307,140.4211485170799,140.4885379453067,19.91279394864032
2017-03-06 00:00:00+00:00,140.01499938964844,140.55437439076238,141.00628999228613,-1.0382876729501902,-1.7092929219736277,138.92376711130575,140.91323925199964,142.90271139269353,2.8236837805368378,-0.4519156015237513,-0.12096565222049649,-0.33094994930325483,140.15509937759754,140.36488982435327,20.110388935416516
2017-03-07 00:00:00+00:00,139.42799377441406,140.38108506517034,140.88937916133264,-1.2713829455123289,-2.1263786730513914,138.77219144392365,140.85723876953125,142.94228609513885,2.9605114281973552,-0.5082940961623024,-0.14187531748723803,-0.36641877867506434,140.15509937759754,140.36488982435327,20.110388935416516
2017-03-08 00:00:00+00:00,139.0260009765625,140.1726105899999,140.75135114764598,-1.1243522462787894,-2.312355786317852,138.69748534321232,140.83895292736236,142.9804205115124,3.0410160536403543,-0.5787405576460856,-0.16985742317681696,-0.4088831344692686,140.15509937759754,140.36488982435327,20.110388935416516
2017-03-09 00:00:00+00:00,139.25999450683594,140.03220811566698,140.64088028536375,-0.6578785763793746,-1.5478779660278121,138.54356395718332,140.78328595842635,143.02300795966937,3.1818010014404967,-0.6086721696967743,-0.15983122818200457,-0.4488409415147697,140.15509937759754,140.36488982435327,20.110388935416516
2017-03-10 00:00:00+00:00,139.96299743652344,140.02156031887566,140.5906667410052,-0.073668449989583,-0.9896688162005205,138.51480116326866,140.7702382405599,143.02567531785115,3.2044231870048683,-0.5691064221295505,-0.09621238449182468,-0.47289403763772586,140.15509937759754,140.36488982435327,20.110388935416516
2017-03-13 00:00:00+00:00,139.6230010986328,139.96024351576136,140.51898780453317,-0.17098060238473067,-0.8989926873456682,138.4080172402193,140.66847664969308,142.92893605916686,3.2138819774141827,-0.5587442887718055,-0.06868020090726368,-0.4900640878645418,139.94439791677075,140.2446191344624,20.27505142439668
2017-03-14 00:00:00+00:00,140.2480010986328,140.0045139131262,140.4989147152072,-0.17391776696501893,-1.3489208187228314,138.41352855637948,140.5769529796782,142.74037740297692,3.0779219174162438,-0.4944008020810031,-0.00346937137316905,-0.49093143070783407,139.94439791677075,140.2446191344624,20.27505142439668
2017-03-15 00:00:00+00:00,139.3820037841797,139.9087431240575,140.41618057216814,-0.031186065332207136,-1.0231752010743946,138.37171665385662,140.43438139415923,142.49704613446184,2.9375495086396217,-0.5074374481106361,-0.013204813922241598,-0.49423263418839447,139.94439791677075,140.2446191344624,20.27505142439668
2017-03-16 00:00:00+00:00,139.26600646972656,139.80986056185276,140.33098249050582,-0.16798810574019285,-1.6689799270292554,138.38522444317996,140.27928670247397,142.17334896176797,2.70041615382779,-0.5211219286530593,-0.02151143557173185,-0.49961049308132743,139.94439791677075,140.2446191344624,20.27505142439668
2017-03-17 00:00:00+00:00,139.97799682617188,139.8357276794403,140.30483540425885,0.1411637412489597,-1.1538344276963528,138.4982609417562,140.16961960565476,141.84097826955332,2.384765926597596,-0.46910772481854224,0.02440221461022818,-0.4935099394287704,139.94439791677075,140.2446191344624,20.27505142439668
2017-03-20 00:00:00+00:00,139.5229949951172,139.7876149587752,140.24692129987798,-0.1339147080811074,-1.01991629499517,138.49233488379636,140.0761907668341,141.66004664987182,2.261420551725538,-0.45930634110277424,0.027362878660796952,-0.4866692197635712,139.4025986925607,139.9695307215593,22.423439472792044
2017-03-21 00:00:00+00:00,139.21600341796875,139.69967472172806,140.17055701232914,0.2244472601317966,-1.204553594360391,138.40223477005242,140.02085731143043,141.63947985280845,2.3119734766055915,-0.47088229060108233,0.01262954332999111,-0.48351183393107344,139.4025986925607,139.9695307215593,22.423439472792044
2017-03-22 00:00:00+00:00,139.1999969482422,139.62280121811486,140.09866367424863,-0.6336673363580019,-2.2816623314751894,138.36962946632963,139.9220951625279,141.4745608587262,2.2190429530018125,-0.4758624561337683,0.006119502237844077,-0.4819819583716124,139.4025986925607,139.9695307215593,22.423439472792044
2017-03-23 00:00:00+00:00,138.9199981689453,139.51467767208877,140.01135511830023,-0.7603480382221051,-1.6953608556049176,138.4543440584877,139.7789524623326,141.1035608661775,1.8952902143144317,-0.49667744621146426,-0.011756390271881467,-0.4849210559395828,139.4025986925607,139.9695307215593,22.423439472792044
2017-03-24 00:00:00+00:00,138.9340057373047,139.42534352827582,139.9315514604487,-0.7955498735346396,-1.4295525590815146,138.46731679625188,139.67000034877233,140.8726839012928,1.7221787778581128,-0.5062079321728845,-0.017029500986641355,-0.48917843118624316,139.4025986925607,139.9695307215593,22.423439472792044
2017-03-27 00:00:00+01:00,138.31900024414062,139.2551368691781,139.81210322220366,-0.7181090815786604,-1.7621001704458479,138.4758646927241,139.5201910109747,140.56451732922534,1.4970253562346092,-0.5569663530255582,-0.054230337471452006,-0.5027360155541062,139.4383972973191,139.90388269088453,24.895159379827508
2017-03-28 00:00:00+01:00,139.09100341796875,139.22988556899205,139.75868842188996,-0.3816895205227695,-1.6536926943508945,138.47636958716978,139.5203813825335,140.5643931778972,1.4965724505887867,-0.5288028528979112,-0.020853469875043995,-0.5079493830228672,139.4383972973191,139.90388269088453,24.895159379827508
2017-03-29 00:00:00+01:00,138.14599609375,139.06313334203173,139.63922973091664,-1.3332299750572645,-2.1222314399010145,138.27404684965032,139.42147609165735,140.5689053336644,1.6459863633242582,-0.5760963888849062,-0.05451760468963118,-0.521578784195275,139.4383972973191,139.90388269088453,24.895159379827508
2017-03-30 00:00:00+01:00,138.26699829101562,138.9406510264908,139.53758295759064,-0.24758967145783117,-1.7735753892312687,138.12013129442445,139.3412381126767,140.56234493092896,1.752685471711997,-0.5969319310998458,-0.06028251752365654,-0.5366494135761892,139.4383972973191,139.90388269088453,24.895159379827508
2017-03-31 00:00:00+01:00,139.45899963378906,139.02039696607514,139.53176197064238,0.5462409590451216,-0.5487602616580034,138.13024953423118,139.31433323451452,140.49841693479786,1.6998734771821549,-0.5113650045672387,0.02022752720716048,-0.5315925317743991,139.4383972973191,139.90388269088453,24.895159379827508
2017-04-03 00:00:00+01:00,139.50999450683594,139.09571966465373,139.53014956591596,0.35684384228716226,-1.1251507866190877,138.17771364371197,139.2749517531622,140.37218986261246,1.5756431370299615,-0.43442990126223435,0.07773010440973183,-0.5121600056719662,138.8355998258169,139.5790430040171,27.937883423880628
2017-04-04 00:00:00+01:00,138.2760009765625,138.96960909725507,139.4372496704083,-1.0832457641583062,-2.3442473510723687,138.06863869803797,139.19214230492003,140.31564591180208,1.614320446941409,-0.4676405731532327,0.03561554601498673,-0.5032561191682194,138.8355998258169,139.5790430040171,27.937883423880628
2017-04-05 00:00:00+01:00,137.88900756835938,138.8033627081942,139.32256507025653,-0.30756568060809286,-1.8615665351002804,137.87240579709163,139.11885724748885,140.36530869788606,1.7919230721969086,-0.5192023620623445,-0.012756994315300085,-0.5064453677470444,138.8355998258169,139.5790430040171,27.937883423880628
2017-04-06 00:00:00+01:00,137.83399963378906,138.65422992751647,139.21230096385153,-0.5193077997890327,-1.4693047480312202,137.70063997527404,139.06209527878534,140.42355058229663,1.9580537755912688,-0.5580710363350647,-0.041300534870416294,-0.5167705014646484,138.8355998258169,139.5790430040171,27.937883423880628
2017-04-07 00:00:00+01:00,138.25999450683594,138.59357832433486,139.14175974481333,-0.8207605993055154,-2.046758524110203,137.61462757612378,139.0144762311663,140.41432488620882,2.013960981609885,-0.5481814204784712,-0.025128735211058184,-0.523052685267413,138.8355998258169,139.5790430040171,27.937883423880628
2017-04-10 00:00:00+01:00,137.6300048828125,138.44533625640835,139.02977790318363,-0.7807849832617535,-1.4097827859961285,137.45288650593352,138.90338134765625,140.35387618937898,2.0884946466383543,-0.5844416467752751,-0.04911116920628966,-0.5353304775689854,137.80973175236753,139.03317908993878,33.12005275478047
2017-04-11 00:00:00+01:00,137.54600524902344,138.3069776398876,138.9198688176903,-1.2008746770652863,-2.0318683294090363,137.2822695408532,138.80447678338913,140.32668402592506,2.193311451922985,-0.6128911778026804,-0.06204856018695604,-0.5508426176157244,137.80973175236753,139.03317908993878,33.12005275478047
2017-04-12 00:00:00+01:00,136.88400268554688,138.08805841614287,138.769063919013,-1.5220699004583196,-2.2590694121770696,137.0568097251582,138.64428638276598,140.23176304037378,2.289999392005416,-0.6810055028701356,-0.10413030820352898,-0.5768751946666066,137.80973175236753,139.03317908993878,33.12005275478047
2017-04-13 00:00:00+01:00,136.65699768066406,137.8678952260692,138.61261456802418,-1.5236100514226223,-2.0926102955632473,136.75346834208167,138.51452418736048,140.27558003263928,2.542774276720219,-0.7447193419549762,-0.13427531783069568,-0.6104440241242806,137.80973175236753,139.03317908993878,33.12005275478047
2017-04-14 00:00:00+01:00,136.39500427246094,137.64129661782178,138.4483471387232,-1.841352509816943,-2.4553509229028805,136.43495722523403,138.37780979701452,140.320662368795,2.8080406455781444,-0.8070505209014129,-0.15728519742170588,-0.6497653234797071,137.80973175236753,139.03317908993878,33.12005275478047
2017-04-17 00:00:00+01:00,135.75799560546875,137.3515580005367,138.24906183996362,-1.6270678214089287,-2.636055248166741,136.07145125802626,138.17685735793341,140.28226345784057,3.04740770656451,-0.8975038394269177,-0.1981908127577685,-0.6993130266691492,138.88748759077106,139.320296258173,30.465264849963898
2017-04-18 00:00:00+01:00,137.0070037841797,137.2985496595587,138.15705753953517,0.6449444135898261,-2.006056562972674,135.9856148805545,138.05704825265067,140.12848162474685,3.0008368255206546,-0.8585078799764858,-0.12735588264586928,-0.7311519973306165,138.88748759077106,139.320296258173,30.465264849963898
2017-04-19 00:00:00+01:00,139.39700317382812,137.621388661754,138.24890536429763,1.9210928046476852,0.8250997626554977,135.97361283241298,138.06566728864397,140.15772174487495,3.030520906920726,-0.6275167025436303,0.08290823582958895,-0.7104249383732193,138.88748759077106,139.320296258173,30.465264849963898
2017-04-20 00:00:00+01:00,139.09800720214844,137.8485607448916,138.31180179673103,1.9681969825658427,0.7541924659642802,135.97886288336477,138.06081063406808,140.14275838477138,3.015986565835161,-0.4632410518394181,0.19774710922704097,-0.6609881610664591,138.88748759077106,139.320296258173,30.465264849963898
2017-04-21 00:00:00+01:00,140.00599670410156,138.18047396938545,138.43729771579552,1.6897011855716642,0.8007088760013517,135.89804682460982,138.1125248500279,140.327002875446,3.206773647535184,-0.25682374641007755,0.3233315317251052,-0.5801552781351828,138.88748759077106,139.320296258173,30.465264849963898
2017-04-24 00:00:00+01:00,141.04299926757812,138.62086247679972,138.6303126455572,2.7646916269037263,1.6556828378412263,135.6889128992662,138.21295311337425,140.7369933274823,3.6523931473161104,-0.009450168757496158,0.4565640875021493,-0.46601425625964543,140.5646605097328,139.9772548423849,31.56897922589569
2017-04-25 00:00:00+01:00,140.06900024414062,138.84365290254448,138.73688209730412,3.762110822617757,1.3491164378521319,135.65109597243955,138.2962864467076,140.94147692097565,3.8253962448765697,0.10677080524035887,0.45822804920000343,-0.35145724395964456,140.5646605097328,139.9772548423849,31.56897922589569
2017-04-26 00:00:00+01:00,142.48199462890625,139.40339778352322,139.01429784038575,4.463698985786124,3.348708751411124,135.27820141083743,138.457762218657,141.63732302647657,4.592824204103926,0.38909994313746665,0.5924457496776889,-0.2033458065402223,140.5646605097328,139.9772548423849,31.56897922589569
2017-04-27 00:00:00+01:00,142.84100341796875,139.93226018882254,139.2977575127993,4.582247370013192,3.5022455389585048,135.00020139212629,138.68133399600075,142.3624665998752,5.3087643416822266,0.6345026760232315,0.6702787860507631,-0.03577611002753153,140.5646605097328,139.9772548423849,31.56897922589569
2017-04-28 00:00:00+01:00,143.38699340820312,140.4637576071888,139.60066387542182,4.729337955632872,3.709333683171934,134.74207937046145,138.92514328729538,143.10820720412931,6.022040097066387,0.8630937317669805,0.7190958734356095,0.14399785833137088,140.5646605097328,139.9772548423849,31.56897922589569
2017-05-01 00:00:00+01:00,143.91900634765625,140.99533433649148,139.92054109558734,4.6764590264829735,3.9694582940610985,134.44566599044984,139.1375245593843,143.82938312831877,6.744203023292922,1.0747932409041425,0.7446363060582173,0.33015693484592523,142.40710541957446,140.8507891847953,34.86585270535987
2017-05-02 00:00:00+01:00,144.21200561523438,141.49020684091346,140.23842735630194,4.850577160299622,3.965567394674622,134.1950571276534,139.3614298502604,144.52780257286742,7.414350912096865,1.251779484611518,0.7372980398124742,0.5144814447990438,142.40710541957446,140.8507891847953,34.86585270535987
2017-05-03 00:00:00+01:00,144.9029998779297,142.01525192353134,140.58395124679288,4.741045701449309,3.9290492414883715,134.02740050417765,139.67700122651598,145.32660194885432,8.089521786305111,1.4313006767384593,0.7334553855515324,0.6978452911869268,142.40710541957446,140.8507891847953,34.86585270535987
2017-05-04 00:00:00+01:00,145.16700744628906,142.50013738857098,140.9234368912,4.7935583480578146,3.7375585921984396,133.97629323124275,140.02357264927454,146.07085206730633,8.637516246180601,1.5767004973709788,0.7030841649472416,0.8736163324237373,142.40710541957446,140.8507891847953,34.86585270535987
2017-05-05 00:00:00+01:00,145.44000244140625,142.9524243197764,141.25799730232637,4.854505749431439,3.557996960368939,134.00455576339743,140.38576325916108,146.76697075492473,9.090961002909577,1.6944270174500389,0.6566485480210413,1.0377784694289975,142.40710541957446,140.8507891847953,34.86585270535987
2017-05-08 00:00:00+01:00,146.0919952392578,143.43543523046586,141.61607122358055,4.751924992239765,4.056932926810077,134.01299075261048,140.7587156749907,147.50444059737092,9.584806013655275,1.8193640068853085,0.6252684299650488,1.1940955769202597,143.5824031654585,141.57681910942833,38.78642227897759
2017-05-09 00:00:00+01:00,146.50999450683594,143.9084443499074,141.97858405937725,5.80641960273212,4.466423264841495,134.16548687127855,141.18157232375373,148.1976577762289,9.939095219007882,1.9298602905301436,0.5886117708879071,1.3412485196422366,143.5824031654585,141.57681910942833,38.78642227897759
2017-05-10 00:00:00+01:00,147.20700073242188,144.41591456260193,142.3658741833065,5.712128746381012,4.767121422162262,134.3768638040229,141.64161972772507,148.90637565142725,10.257939633374825,2.0500403792954387,0.5670334877225618,1.483006891572877,143.5824031654585,141.57681910942833,38.78642227897759
2017-05-11 00:00:00+01:00,147.82400512695312,144.94023618788674,142.77018017913215,5.091819332586596,3.399817989813158,134.7693280691017,142.1625722249349,149.5558163807681,10.401111966566468,2.1700560087545853,0.5496392937453667,1.6204167150092186,143.5824031654585,141.57681910942833,38.78642227897759
2017-05-12 00:00:00+01:00,146.68099975585938,145.20804596757483,143.05987051814898,3.7291309466947666,2.7581226459135166,135.43824770642746,142.63990565708704,149.84156360774662,10.09767626735915,2.1481754494258496,0.42220698753330477,1.7259684618925448,143.5824031654585,141.57681910942833,38.78642227897759
2017-05-15 00:00:00+01:00,145.93299865722656,145.31957715059818,143.27269482474733,3.709299804158917,2.6513011469323544,136.3356942509104,143.0940958658854,149.85249748086042,9.446094297712058,2.046882325850845,0.2567310911666403,1.7901512346842048,143.98526889904264,142.03598786039728,36.66666219955225
2017-05-16 00:00:00+01:00,146.5959930419922,145.51594882619725,143.51886506306175,3.499140308031997,2.342127368578872,137.55252461840817,143.61019098191034,149.6678573454125,8.43626252717011,1.9970837631354925,0.16554602276103014,1.8315377403744624,143.98526889904264,142.03598786039728,36.66666219955225
2017-05-17 00:00:00+01:00,145.49000549316406,145.51195754419214,143.66487546529154,2.2231250229897057,0.4151263657631432,138.68398966641107,144.01414344424293,149.3442972220748,7.402264319817324,1.8470820789005984,0.0124354708209089,1.8346466080796895,143.98526889904264,142.03598786039728,36.66666219955225
2017-05-18 00:00:00+01:00,144.11099243164062,145.29642444995343,143.6979211665026,1.1110845708020918,-0.07891787060415822,139.3243338084679,144.2386191231864,149.15290443790488,6.81410477248324,1.5985032834508388,-0.18891465970308063,1.7874179431539194,143.98526889904264,142.03598786039728,36.66666219955225
2017-05-19 00:00:00+01:00,144.3560028076172,145.15174419728632,143.7466679547333,1.5713252093291885,0.08432569761043851,140.1452043354968,144.48899986630394,148.83279539711108,6.012631459594112,1.4050762425530081,-0.3058733604807291,1.7109496030337372,143.98526889904264,142.03598786039728,36.66666219955225
2017-05-22 00:00:00+01:00,144.79100036621094,145.09624514635163,143.82402591113907,1.2479803144468633,0.3319799482359258,140.86326203286936,144.71685718354723,148.5704523342251,5.325703205108007,1.2722192352125603,-0.35098429425694144,1.6232035294695017,143.50751325040343,142.1097041593584,31.78153039580033
2017-05-23 00:00:00+01:00,144.0919952392578,144.9417451606449,143.84387549099972,1.245129025601841,-0.06286963162472148,141.35928494742677,144.86204746791296,148.36480998839914,4.835997532427602,1.0978696696451777,-0.4202670878594592,1.518136757504637,143.50751325040343,142.1097041593584,31.78153039580033
2017-05-24 00:00:00+01:00,145.0489959716797,144.95824528541948,143.93314367475378,1.4488601094259081,0.8598555928243456,142.328777006634,145.0991901216053,147.86960323657658,3.8186472476510063,1.0251016106657005,-0.39442811747114925,1.4195297281368497,143.50751325040343,142.1097041593584,31.78153039580033
2017-05-25 00:00:00+01:00,144.7259979248047,144.92251492224798,143.99187361920198,1.3891230848995804,0.6581202772823929,142.68586173737108,145.20604742140998,147.72623310544887,3.4711855722164677,0.9306413030460021,-0.3911107400726781,1.3217520431186802,143.50751325040343,142.1097041593584,31.78153039580033
2017-05-26 00:00:00+01:00,144.46499633789062,144.85212744773148,144.02691974651225,0.4450803755580637,-1.8699220658481863,142.96678814557742,145.28338041759673,147.59997268961604,3.1890671394905414,0.8252077012192274,-0.39723547351956223,1.2224431747387896,143.50751325040343,142.1097041593584,31.78153039580033
2017-05-29 00:00:00+01:00,142.552001953125,144.4982619870228,143.91766657663172,-0.8456603510457796,-1.4376708490926546,142.77454958172655,145.24361891973587,147.71268825774519,3.3999006033769645,0.5805954103910835,-0.5134782114781649,1.0940736218692484,143.05667509336791,142.1161748193496,26.575279743633338
2017-05-30 00:00:00+01:00,142.4499969482422,144.18314428874885,143.80895030786212,-0.7309473781746192,-1.9479578762214942,142.4849752531207,145.17366609119233,147.86235692926397,3.7041026936423957,0.37419398088673006,-0.5759037127860147,0.9500976936727448,143.05667509336791,142.1161748193496,26.575279743633338
2017-05-31 00:00:00+01:00,141.9739990234375,143.84327578639326,143.67302799049733,-0.8320245725285815,-2.1680231076848315,142.07417804739393,145.06709434872582,148.0600106500577,4.126251118171895,0.17024779589593209,-0.6238799182214502,0.7941277141173823,143.05667509336791,142.1161748193496,26.575279743633338
2017-06-01 00:00:00+01:00,142.6199951171875,143.65507876036162,143.59502555543733,0.07398079221891862,-1.0510192077810814,141.78887337525887,144.95837983630952,148.12788629736016,4.372988253083027,0.06005320492428723,-0.587259607354476,0.6473128122787632,143.05667509336791,142.1161748193496,26.575279743633338
2017-06-02 00:00:00+01:00,143.593994140625,143.64568112655598,143.59494915434013,0.33205279878487204,-1.5879453701604405,141.6632853159802,144.8834744408017,148.1036635656232,4.445212454008683,0.05073197221585701,-0.47726467205032497,0.527996644266182,143.05667509336791,142.1161748193496,26.575279743633338
2017-06-05 00:00:00+01:00,142.15499877929688,143.41634538082383,143.48828616359617,-0.4022876284399217,-1.4712878725805467,141.31665592491154,144.72704569498697,148.1374354650624,4.712857577792116,-0.07194078277234439,-0.4799499416308211,0.4080091588584767,142.19878396524007,141.8828643750117,25.684394702417283
2017-06-06 00:00:00+01:00,142.46400451660156,143.2698314017127,143.412413449004,-0.8604114958789921,-2.6524189421680546,141.0711829142301,144.55428423200334,148.0373855497766,4.819091092703999,-0.14258204729128465,-0.4404729649198091,0.29789091762852443,142.19878396524007,141.8828643750117,25.684394702417283
2017-06-07 00:00:00+01:00,141.31700134277344,142.96939600802975,143.25719773743137,-1.400203108525119,-2.499202131962619,140.68000955946317,144.30699884323846,147.93398812701375,5.02676836584386,-0.28780172940162174,-0.4685541176241169,0.18075238822249518,142.19878396524007,141.8828643750117,25.684394702417283
2017-06-08 00:00:00+01:00,142.43099975585938,142.88656581538814,143.19599788694455,-0.44000118284299106,-1.4369952013976786,140.61307257036822,144.07957022530692,147.54606788024563,4.811921148179316,-0.30943207155641517,-0.39214756782312826,0.0827154962667131,142.19878396524007,141.8828643750117,25.684394702417283
2017-06-09 00:00:00+01:00,139.73399353027344,142.40155469460126,142.93955311978374,-1.855553485994676,-3.373558857088426,140.1801740777657,143.694331577846,147.20848907792626,4.89115675126891,-0.5379984251824794,-0.49657113715935397,-0.041427288023125425,142.19878396524007,141.8828643750117,25.684394702417283
2017-06-12 00:00:00+01:00,140.48300170898438,142.10639269681405,142.75758634861342,-1.9835842734181028,-4.030581343730603,139.89689027985855,143.3991888137091,146.90148734755962,4.8846838853466545,-0.6511936517993604,-0.48781309102098797,-0.16338056077837243,142.0525208124387,141.8653115367009,26.221589943036705
2017-06-13 00:00:00+01:00,139.25599670410156,141.66787023639674,142.49820933790883,-2.2232154414244576,-3.4252112910338326,139.35181973529006,143.08123633975075,146.81065294421143,5.213005841807332,-0.8303391015120951,-0.5335668325869781,-0.296772268925117,142.0525208124387,141.8653115367009,26.221589943036705
2017-06-14 00:00:00+01:00,140.27000427246094,141.45281393425276,142.3331571108386,-1.4501615053698629,-3.182156134276113,139.21659313871768,142.77999877929688,146.34340441987607,4.991463329660548,-0.8803431765858534,-0.4668567261285891,-0.4134864504572643,142.0525208124387,141.8653115367009,26.221589943036705
2017-06-15 00:00:00+01:00,139.5780029296875,141.16438147201194,142.12907161593853,-0.7070745456260283,-2.9490789401572783,138.90196769127584,142.49847484770277,146.0949820041297,5.047783367886205,-0.9646901439265889,-0.44096295477545966,-0.5237271891511293,142.0525208124387,141.8653115367009,26.221589943036705
2017-06-16 00:00:00+01:00,141.53599548339844,141.22155285837908,142.0851400505652,0.1938669074426116,-0.6001394402136384,138.83242621509143,142.3758559454055,145.91928567571958,4.977571101202459,-0.8635871921861167,-0.27188800242798994,-0.5916991897581267,142.0525208124387,141.8653115367009,26.221589943036705
2017-06-19 00:00:00+01:00,141.75999450683594,141.30439003506476,142.06105519547415,0.24994944319772117,-0.43105031266165383,138.81419078277818,142.25223650251115,145.69028222224412,4.833731692748856,-0.7566651604093977,-0.1319727765210168,-0.6246923838883809,141.94501245080548,141.84598070682063,25.97932702388095
2017-06-20 00:00:00+01:00,142.13999938964844,141.43294532038533,142.06690291356114,0.45009537745448824,-1.3568961996939493,138.88082761247475,142.1259983607701,145.37116910906545,4.566611015189308,-0.6339575931758077,-0.007412167429941441,-0.6265454257458662,141.94501245080548,141.84598070682063,25.97932702388095
2017-06-21 00:00:00+01:00,140.6269989013672,141.3089535636133,141.9602433571023,-0.22324384538356412,-2.080238474289814,138.78074454452303,141.96099853515625,145.14125252578947,4.480461568246348,-0.6512897934890134,-0.01979549419451776,-0.6314942992944956,141.94501245080548,141.84598070682063,25.97932702388095
2017-06-22 00:00:00+01:00,141.08200073242188,141.27403774343,141.89518834786674,-0.7781839533354855,-1.415192620327673,138.89075480524977,141.77209399995348,144.6534331946572,4.064748023972417,-0.6211506044367354,0.00827495588620819,-0.6294255603229436,141.94501245080548,141.84598070682063,25.97932702388095
2017-06-23 00:00:00+01:00,141.0850067138672,141.24495604657417,141.8351748934964,0.024825716855161772,-0.8161777011135882,139.0277632913706,141.59871346609933,144.16966364082805,3.631318550566129,-0.5902188469222267,0.03136537072057355,-0.6215842176428003,141.94501245080548,141.84598070682063,25.97932702388095
2017-06-26 00:00:00+01:00,141.72999572753906,141.31957753595339,141.82738384416623,0.4966212827868901,-0.1193912904552974,139.23680603763668,141.46847534179688,143.70014464595707,3.155005804322605,-0.5078063082128494,0.09102232754396067,-0.5988286357568101,143.33434383113595,142.4555558332458,25.69671964339223
2017-06-27 00:00:00+01:00,142.3000030517578,141.47041223069252,141.8623926743582,1.9686009779855453,0.10760854634492034,139.24562721264448,141.45647539411272,143.66732357558095,3.1258352441039965,-0.3919804436656875,0.1654785536728981,-0.5574589973385856,143.33434383113595,142.4555558332458,25.69671964339223
2017-06-28 00:00:00+01:00,143.73500061035156,141.81881044294775,142.0011043733207,3.467889767304314,1.3118991667183764,139.13570316063357,141.51766604468935,143.89962892874513,3.3663117130600355,-0.18229393037293562,0.30013205357252,-0.4824259839454556,143.33434383113595,142.4555558332458,25.69671964339223
2017-06-29 00:00:00+01:00,145.38800048828125,142.3679166037683,142.25198556702148,4.266019804072272,2.9950084515332094,138.78513816041382,141.68023754301527,144.5753369256167,4.086807635006214,0.11593103674681515,0.4786856165538166,-0.36275457980700143,143.33434383113595,142.4555558332458,25.69671964339223
2017-06-30 00:00:00+01:00,145.7220001220703,142.88392945273785,142.50902368221028,3.534982665445966,2.6269779047037787,138.4756851286293,141.82795206705728,145.18021900548527,4.727230266771407,0.3749057705275618,0.5901282802676506,-0.21522250974008877,143.33434383113595,142.4555558332458,25.69671964339223
2017-07-03 00:00:00+01:00,146.11300659179688,143.38071055105462,142.7759853792167,4.052017550470794,3.161011080744231,138.19510250266384,141.94790504092262,145.7007075791814,5.287577209648666,0.604725171837913,0.6559581452624014,-0.051232973424488404,144.5342311331922,143.0953343909685,26.89255481149613
2017-07-04 00:00:00+01:00,146.80999755859375,143.9082931675991,143.0748010962076,3.6901982934408295,2.9531987817220795,137.88218784911308,142.16957164946058,146.45695544980808,6.031366277052106,0.8334920713915039,0.7077800358527939,0.12571203553871008,144.5342311331922,143.0953343909685,26.89255481149613
2017-07-05 00:00:00+01:00,146.11900329589844,144.2484024181067,143.30029755544396,3.485697927954476,2.715708914282601,137.7376419299887,142.34361921037947,146.94959649077023,6.471631543361657,0.9481048626627455,0.6579142616992284,0.2901906009635172,144.5342311331922,143.0953343909685,26.89255481149613
2017-07-06 00:00:00+01:00,146.35699462890625,144.57280121976817,143.52671956088562,3.580275068020626,2.533277997708126,137.69977708829614,142.58361889067152,147.4674606930469,6.8504949451733905,1.0460816588825423,0.60471284633522,0.44136881254732224,144.5342311331922,143.0953343909685,26.89255481149613
2017-07-07 00:00:00+01:00,146.74600219726562,144.90713983169084,143.76518494135823,3.8378118848136467,2.727811274462084,137.5949951953192,142.78909519740515,147.9831951994911,7.275205427844656,1.141954890332613,0.5604688622282327,0.5814860281043804,144.5342311331922,143.0953343909685,26.89255481149613
2017-07-10 00:00:00+01:00,146.9340057373047,145.21896535563144,143.99991240772462,3.4380911323144403,2.7770803901269403,137.84016053000965,143.13195292154947,148.42374531308928,7.394285180249365,1.2190529479068175,0.5100535358419497,0.7089994120648678,145.47182079615158,143.70271520969735,26.193405937632384
2017-07-12 00:00:00+01:00,146.26600646972656,145.38004860395375,144.16777122713216,2.186232679117836,1.1082297494303361,138.09375905622048,143.40733410063245,148.72090914504443,7.410464852074177,1.2122773768215893,0.4026223718053772,0.8096550050162121,145.47182079615158,143.70271520969735,26.193405937632384
2017-07-13 00:00:00+01:00,146.1230010986328,145.49434898775053,144.31260306946555,2.4933966863938224,1.25339119322976,138.64233027198134,143.73433430989584,148.82633834781035,7.085299503925043,1.1817459182849746,0.29767273061501,0.8840731876699646,145.47182079615158,143.70271520969735,26.193405937632384
2017-07-14 00:00:00+01:00,146.83599853515625,145.70075661042833,144.4995212521093,2.8754787478906962,1.5394802127344462,139.0386186910059,144.04700070335753,149.05538271570916,6.953816445877438,1.2012353583190247,0.25372973651924813,0.9475056217997766,145.47182079615158,143.70271520969735,26.193405937632384
2017-07-17 00:00:00+01:00,147.3470001220703,145.95402484298864,144.71044561284717,2.8695562182075207,2.0235479174262707,139.64133388636387,144.41695295061385,149.19257201486383,6.61365437599711,1.2435792301414779,0.23685888667336097,1.006720343468117,145.06988268734324,143.78318538970152,22.635175239617958
2017-07-18 00:00:00+01:00,146.9219970703125,146.10294364719232,144.87426423932607,2.4147372255176833,0.5377383241504958,139.9662256158162,144.67342921665735,149.3806328174985,6.50735055680726,1.2286794078662524,0.1775672515185085,1.051112156347744,145.06988268734324,143.78318538970152,22.635175239617958
2017-07-19 00:00:00+01:00,146.01100158691406,146.08879871484183,144.95846700581407,1.3525376328578034,0.3245377549281159,140.32417101891912,144.87585812523253,149.42754523154593,6.283568794987048,1.1303317090277574,0.06337564214401081,1.0669560668837466,145.06988268734324,143.78318538970152,22.635175239617958
2017-07-20 00:00:00+01:00,145.78199768066406,146.04159855573755,145.01946927802518,1.1905374358420033,-0.30706693427518417,140.6528967314527,145.0492866152809,149.44567649910908,6.061925551538747,1.0221292777123665,-0.035861431337103955,1.0579907090494705,145.06988268734324,143.78318538970152,22.635175239617958
2017-07-21 00:00:00+01:00,145.0500030517578,145.88904540127913,145.0217310390424,0.2802709140825925,-0.9707361659955325,141.33234553336902,145.25990586053757,149.18746618770612,5.407631657064899,0.8673143622367263,-0.1525410774501954,1.0198554396869217,145.06988268734324,143.78318538970152,22.635175239617958
2017-07-24 00:00:00+01:00,144.26600646972656,145.6393471041172,144.96575144131532,-0.018745215729381925,-0.9227521737371944,141.91907697195552,145.4115251813616,148.9039733907677,4.803537003067956,0.6735956628018869,-0.27700782150802783,0.9506034843099147,145.12925549110642,143.9924447766917,19.650090802246982
2017-07-25 00:00:00+01:00,144.90499877929688,145.52637043876024,144.96125124412876,0.8857488779415519,-0.4912500234256356,142.66969403106214,145.5934295654297,148.51716509979724,4.016301481590727,0.5651191946314782,-0.3083874317427492,0.8735066263742274,145.12925549110642,143.9924447766917,19.650090802246982
2017-07-26 00:00:00+01:00,145.87600708007812,145.5801606912707,145.02901093568056,1.3469961443975649,0.5029867449835024,143.43194890362793,145.79085867745536,148.1497684512828,3.2360187671934044,0.5511497555901315,-0.2578854966272768,0.8090352522174082,145.12925549110642,143.9924447766917,19.650090802246982
2017-07-27 00:00:00+01:00,145.72799682617188,145.60290471202472,145.08078766830954,1.4602126979013974,0.3942184352060849,144.18280741695267,145.95409647623697,147.72538553552127,2.4271864949987014,0.5221170437151841,-0.2295345668017793,0.7516516105169634,145.12925549110642,143.9924447766917,19.650090802246982
2017-07-28 00:00:00+01:00,145.2689971923828,145.55153432438752,145.0947291145372,0.6652653922987497,-0.0457331428575003,144.5213069775221,146.02714393252418,147.53298088752626,2.062406912098335,0.45680520985033013,-0.23587712053330656,0.6926823303836367,145.12925549110642,143.9924447766917,19.650090802246982
2017-07-31 00:00:00+01:00,145.2480010986328,145.50483690504063,145.10608259484056,0.6889155741047546,-0.28007856652024543,144.5021927493414,146.02047729492188,147.53876184050236,2.079550175026426,0.3987543102000757,-0.23514241614684883,0.6338967263469245,144.92883695338085,144.06895264829714,17.6998691045653
2017-08-01 00:00:00+01:00,145.6020050048828,145.5197858434779,145.14281758817702,0.9981888815495381,0.2651871725651631,144.49113464221807,146.01476324172248,147.53839184122688,2.086951436523018,0.37696825530088063,-0.20554277683683508,0.5825110321377157,144.92883695338085,144.06895264829714,17.6998691045653
2017-08-02 00:00:00+01:00,145.843994140625,145.56966404303898,145.19475659206205,1.5402440182895134,0.6522435300082634,144.47732072136486,146.001953125,147.52658552863514,2.0885096000459935,0.37490745097693434,-0.16608286492862512,0.5409903159055595,144.92883695338085,144.06895264829714,17.6998691045653
2017-08-03 00:00:00+01:00,146.4929962158203,145.7117151465438,145.29092249011822,1.455079707147405,-0.8119185838682199,144.4884746879088,145.98685782296317,147.48524095801756,2.0527644164674834,0.42079265642558994,-0.09615812758397557,0.5169507840095655,144.92883695338085,144.06895264829714,17.6998691045653
2017-08-04 00:00:00+01:00,144.4429931640625,145.51652714923898,145.2281129104104,-0.10811779322290249,-0.882119868418215,144.27292703186453,145.90704781668526,147.541168601506,2.2399477054375256,0.28841423882857953,-0.1828292361447888,0.4712434749733683,144.92883695338085,144.06895264829714,17.6998691045653
2017-08-07 00:00:00+01:00,144.5279998779297,145.364446030576,145.1762526857822,-0.47924646019626493,-0.9862502443759524,144.098416073797,145.81995282854353,147.54148958329006,2.3611813354112416,0.18819334479380245,-0.22644010414365268,0.41463344893745513,143.9705582537513,143.7811023920393,20.039498096905035
2017-08-08 00:00:00+01:00,144.3780059814453,145.21268602301743,145.11712330027578,-0.6621214692210913,-1.8181273285960913,143.93362917123517,145.70719110398065,147.48075303672613,2.4344192202289006,0.09556272274164712,-0.2552565809566464,0.3508193036982935,143.9705582537513,143.7811023920393,20.039498096905035
2017-08-09 00:00:00+01:00,142.9709930419922,144.86781017978277,144.95815068855106,-1.6411493457776203,-2.6751459278088703,143.48317741442688,145.51847621372767,147.55377501302846,2.797306365841106,-0.0903405087682927,-0.352927849973269,0.2625873412049763,143.9705582537513,143.7811023920393,20.039498096905035
2017-08-10 00:00:00+01:00,143.1699981689453,144.6066083319616,144.82569494635803,-1.510692504951777,-2.929698852608027,143.13506774923394,145.3710472470238,147.60702674481365,3.0762377242702756,-0.2190866143964172,-0.38533916448111477,0.16625255008469758,143.9705582537513,143.7811023920393,20.039498096905035
2017-08-11 00:00:00+01:00,141.57000732421875,144.13943894615502,144.58453290027364,-2.7445365623830185,-3.3225394920705185,142.42369607141825,145.15423801967077,147.8847799679233,3.7622627978419607,-0.44509395411861874,-0.48907720336265303,0.043983249244034295,143.9705582537513,143.7811023920393,20.039498096905035
2017-08-14 00:00:00+01:00,142.0540008544922,143.81860231666843,144.3970860820676,-1.6850804668332273,-2.4870824199582273,142.00411502453892,144.92652384440103,147.84893266426315,4.032952343491974,-0.5784837653991701,-0.49797361171456356,-0.0805101536846066,142.8883718436467,143.3443733393819,24.029492996253044
2017-08-15 00:00:00+01:00,142.4969940185547,143.61527796311248,144.25633852180738,-1.083334371416754,-2.2752441614558165,141.8084479456292,144.69557117280505,147.58269439998088,3.9906172715235915,-0.6410605586949032,-0.4484403240082373,-0.19262023468666592,142.8883718436467,143.3443733393819,24.029492996253044
2017-08-16 00:00:00+01:00,142.29400634765625,143.41200540688845,144.11098058298137,-1.044986320286057,-1.8479800947001195,141.5949824967617,144.47519066220238,147.35539882764306,3.9871318421373756,-0.6989751760929153,-0.40508395312499945,-0.2938912229679158,142.8883718436467,143.3443733393819,24.029492996253044
2017-08-17 00:00:00+01:00,141.7989959716797,143.16385010916403,143.93972246362569,-1.9217170925319351,-2.5937294216334976,141.26636401042106,144.27461896623885,147.28287392205664,4.17017903408463,-0.7758723544616544,-0.38558490519499083,-0.39028744926666353,142.8883718436467,143.3443733393819,24.029492996253044
2017-08-18 00:00:00+01:00,140.65199279785156,142.77741052280825,143.6961869328276,-2.6241807072416634,-3.887989911343226,140.73218258441736,144.03033301943825,147.32848345445913,4.57979977672588,-0.9187764100193476,-0.42279116860214727,-0.49598524141720035,142.8883718436467,143.3443733393819,24.029492996253044
2017-08-21 00:00:00+01:00,140.7239990234375,142.4615010613666,143.47602486546538,-2.685024499254439,-3.361019372301314,140.2757746927455,143.82433282761346,147.37289096248142,4.9345727042185965,-1.0145238040987863,-0.41483085014526877,-0.5996929539535175,142.29158362981394,143.0234638912057,27.892645421717592
2017-08-22 00:00:00+01:00,140.4949951171875,142.15896168533905,143.25520784707442,-2.2422073587931663,-3.196202109769729,139.83195945262094,143.64476085844495,147.45756226426897,5.308653630021845,-1.0962461617353654,-0.39724256622547827,-0.6990035955098871,142.29158362981394,143.0234638912057,27.892645421717592
2017-08-23 00:00:00+01:00,140.718994140625,141.93742821692152,143.0673401651152,-2.2943451699980244,-3.5693390664823994,139.4822843348177,143.44542730422248,147.40857027362725,5.525645597610641,-1.1299119481936941,-0.3447266821470456,-0.7851852660466485,142.29158362981394,143.0234638912057,27.892645421717592
2017-08-24 00:00:00+01:00,139.4290008544922,141.5515163150093,142.7978335495135,-2.38082610322445,-3.402829277052575,138.9818747027991,143.13842700776598,147.29497931273286,5.80773785468715,-1.246317234504204,-0.36890557476604435,-0.8774116597381596,142.29158362981394,143.0234638912057,27.892645421717592
2017-08-25 00:00:00+01:00,140.19000244140625,141.3420526421473,142.6046608748389,-1.7646645369482883,-2.464661485190476,138.70610568719337,142.87471298944382,147.04332029169427,5.8353325301986,-1.2626082326916048,-0.3081572583627562,-0.9544509743288486,142.29158362981394,143.0234638912057,27.892645421717592
2017-08-28 00:00:00+01:00,141.09800720214844,141.3045071898398,142.49305689908405,-1.2000576315059277,-2.03405726529499,138.58600403757876,142.6760944184803,146.76618479938182,5.73339268582019,-1.1885497092442563,-0.18727898793232622,-1.00127072131193,142.30405400353482,142.9242540140301,26.114668990673255
2017-08-29 00:00:00+01:00,140.53700256347656,141.18642955501468,142.34816398533536,-1.2731670370931738,-1.9001659384603613,138.43440398602195,142.45176115490142,146.4691183237809,5.6403053725829535,-1.1617344303206778,-0.12837096720699814,-1.0333634631136797,142.30405400353482,142.9242540140301,26.114668990673255
2017-08-30 00:00:00+01:00,141.85699462890625,141.28959341253648,142.3117810700443,0.21121392507288306,-0.5077802155521169,138.50659382996406,142.27342732747397,146.04026082498387,5.29520314266374,-1.0221876575078284,0.008940644484681126,-1.0311283019925095,142.30405400353482,142.9242540140301,26.114668990673255
2017-08-31 00:00:00+01:00,142.69000244140625,141.5050409554395,142.33979746792298,0.5422063162567099,-0.7117914864776651,138.70220090039427,142.12323724655877,145.54427359272327,4.814182975905064,-0.8347565124834659,0.15709743160723488,-0.9918539440907008,142.30405400353482,142.9242540140301,26.114668990673255
2017-09-01 00:00:00+01:00,142.49099731445312,141.6567265491339,142.35099745655484,0.6269993696170388,-0.26100111866421116,139.113645155199,141.9326658703032,144.75168658540738,3.9723353293176125,-0.694270907420929,0.23806642933581745,-0.9323373367567465,142.30405400353482,142.9242540140301,26.114668990673255
2017-09-04 00:00:00+01:00,142.32899475097656,141.76015242634048,142.349367626512,0.1126379887223834,-0.7493615229963666,139.2366322401094,141.83199927920387,144.42736631829834,3.6597764288513632,-0.589215200171509,0.27449770926818995,-0.8637129094396989,142.4693703529425,142.90650387656265,24.444212815855067
2017-09-05 00:00:00+01:00,141.9040069580078,141.78228389275085,142.31637794736352,-0.4323752618166452,-1.1143820977541452,139.40704618139816,141.70704723539808,144.007048289398,3.2461350354428755,-0.534094054612666,0.2636950838616263,-0.7977891384742923,142.4693703529425,142.90650387656265,24.444212815855067
2017-09-06 00:00:00+01:00,141.62100219726562,141.75747132421466,142.26486863254146,0.20612440945072308,-0.8708714401586519,139.61015454635228,141.57576134091332,143.54136813547436,2.7767560999765695,-0.5073973083268015,0.2323134641179927,-0.7397107724447942,142.4693703529425,142.90650387656265,24.444212815855067
2017-09-07 00:00:00+01:00,142.36000061035156,141.85016813746648,142.27191544571258,0.38108443221710786,-0.6639137367282046,139.64756713515638,141.54666646321616,143.44576579127593,2.6833543671666713,-0.42174730824609696,0.2543707713589578,-0.6761180796050548,142.4693703529425,142.90650387656265,24.444212815855067
2017-09-08 00:00:00+01:00,141.87399291992188,141.85383348861347,142.24243970306142,0.2505565127588909,-0.8964466610692341,139.72148724935877,141.48495192754837,143.24841660573796,2.4927946812218273,-0.38860621444794674,0.23000949212568644,-0.6186157065736332,142.4693703529425,142.90650387656265,24.444212815855067
2017-09-11 00:00:00+01:00,142.8000030517578,141.99939803678953,142.28374069185375,1.3862574770915614,0.37626297025562394,139.6930883025668,141.54352315266928,143.39395800277177,2.614651393277251,-0.28434265506422207,0.2674184412075289,-0.551761096271751,145.2862462916101,144.05128877547446,29.628204832744885
2017-09-12 00:00:00+01:00,144.05299377441406,142.31533584257792,142.4147964757471,3.7342055994482166,1.5722030359716541,139.50851572164777,141.63871329171317,143.76891086177858,3.007931264778069,-0.09946063316917275,0.3618403704820626,-0.46130100365123533,145.2862462916101,144.05128877547446,29.628204832744885
2017-09-13 00:00:00+01:00,146.47000122070312,142.95451513152025,142.7151820124105,3.928815179972304,3.040814691691054,138.87828962050463,141.8279041108631,144.77751860122157,4.159427594802269,0.23933311910974453,0.5605072982087839,-0.32117417909903934,145.2862462916101,144.05128877547446,29.628204832744885
2017-09-14 00:00:00+01:00,145.94000244140625,143.4138208715027,142.95405759974352,5.309949968615854,2.6559430106080413,138.5723686323819,142.00152297247024,145.43067731255857,4.829743045436406,0.4597632717591864,0.6247499606865806,-0.16498668892739418,145.2862462916101,144.05128877547446,29.628204832744885
2017-09-15 00:00:00+01:00,147.2760009765625,144.0080024261273,143.27420155358197,8.24279673743365,3.982802230597713,138.16620408684517,142.26233273460753,146.35846138236988,5.758556842173738,0.7338008725453165,0.7190300491781685,0.014770823367147967,145.2862462916101,144.05128877547446,29.628204832744885
2017-09-18 00:00:00+01:00,150.9199981689453,145.07138638656085,143.8405568584237,7.625446559545054,6.431446315404429,137.31021886643634,142.75128537132628,148.1923518762162,7.623141873275,1.23082952813715,0.9728469638160016,0.2579825643211484,147.48049862637288,145.16810513553503,34.658480058535666
2017-09-19 00:00:00+01:00,150.67999267578125,145.93424889259475,144.34718173378351,7.220811430278985,5.895814482036798,136.90893543391314,143.22538030715216,149.54182518039119,8.820287102318277,1.5870671588112373,1.0632676755920711,0.5237994832191661,147.48049862637288,145.16810513553503,34.658480058535666
2017-09-20 00:00:00+01:00,150.8000030517578,146.6828264555429,144.82516849807791,6.609829060515835,5.68682491012521,136.75600690231417,143.71609497070312,150.67618303909208,9.685885314108745,1.857657957464994,1.0670867793966623,0.7905711780683318,147.48049862637288,145.16810513553503,34.658480058535666
2017-09-21 00:00:00+01:00,151.79400634765625,147.46916182356034,145.3413787091578,7.165625075021893,6.121618727365643,136.6245262206723,144.24347650437127,151.86242678807025,10.564013664032963,2.127783114402547,1.0697695490673722,1.0580135653351748,147.48049862637288,145.16810513553503,34.658480058535666
2017-09-22 00:00:00+01:00,152.6909942626953,148.27252066035032,145.8857946760865,6.845208131530683,5.134209596374433,136.7737333378223,144.875,152.9762666621777,11.183802122074468,2.386725984263819,1.0629699351429154,1.3237560491209037,147.48049862637288,145.16810513553503,34.658480058535666
2017-09-25 00:00:00+01:00,151.86900329589844,148.82582568120387,146.32899531459108,5.929000290877667,3.904006394393292,137.09268438274185,145.43114289783296,153.76960141292406,11.467225449708481,2.496830366612784,0.9384594539935041,1.5583709126192797,148.59699969460016,145.97694752060926,38.21952074372516
2017-09-26 00:00:00+01:00,150.61099243164062,149.1004667197326,146.6461802862244,4.261824474517795,3.340819225494357,137.50301458243172,145.88414219447546,154.2652698065192,11.490114670408817,2.4542864335082015,0.7167324167111375,1.737554016797064,148.59699969460016,145.97694752060926,38.21952074372516
2017-09-27 00:00:00+01:00,151.06100463867188,149.40208793803095,146.9732043123316,4.615800204269959,3.600800814621522,138.08483997266424,146.38528515043714,154.68573032821004,11.340545833199975,2.428883625699342,0.5530636871218224,1.8758199385775196,148.59699969460016,145.97694752060926,38.21952074372516
2017-09-28 00:00:00+01:00,151.2100067138672,149.6802292881596,147.28704152726016,4.270957129966405,3.2339545664898424,138.54622155691013,146.8306666782924,155.11511179967468,11.28435266119657,2.393187760899451,0.4138942578575453,1.9792935030419059,148.59699969460016,145.97694752060926,38.21952074372516
2017-09-29 00:00:00+01:00,151.031005859375,149.88804106834658,147.56437221852792,3.731633030495516,2.665623509011141,138.97583946271968,147.2278573172433,155.4798751717669,11.209859336256388,2.3236688498186595,0.2755002774214028,2.0481685723972567,148.59699969460016,145.97694752060926,38.21952074372516
2017-10-02 00:00:00+01:00,150.8300018310547,150.0329581087632,147.80627070834473,3.489734540678711,1.4697302682177735,139.52170045851037,147.6249527704148,155.72820508231925,10.978160751057523,2.2266874004184842,0.14281506241698194,2.0838723380015023,148.14633150212927,146.1580971772633,34.616931360161665
2017-10-03 00:00:00+01:00,149.69400024414062,149.98081074497512,147.94610252581109,2.285892103095165,1.3848911265326649,140.18825456565438,147.97566731770834,155.7630800697623,10.525261204376461,2.034708219164031,-0.039331295069977124,2.0740395142340082,148.14633150212927,146.1580971772633,34.616931360161665
2017-10-04 00:00:00+01:00,149.4149932861328,149.8937619051532,148.05490924879788,1.7110972209286786,0.9720835490536786,141.01863695434167,148.33333333333334,155.648029712325,9.862511971674161,1.8388526563553285,-0.1881494863029438,2.0270021426582723,148.14633150212927,146.1580971772633,34.616931360161665
2017-10-05 00:00:00+01:00,149.29800415039062,149.80210686595896,148.14699035261958,1.2890142860522928,-0.45698791121333215,142.0231660003748,148.69890485491072,155.37464370944664,8.978867545863379,1.6551165133393795,-0.29750850345511415,1.9526250167944936,148.14633150212927,146.1580971772633,34.616931360161665
2017-10-06 00:00:00+01:00,147.85000610351562,149.50178367173692,148.12499151935262,-0.1899939607588692,-1.0889960359541817,142.89603543349816,148.96033368791853,155.0246319423389,8.14216523860033,1.3767921523842972,-0.4606662915281572,1.8374584439124544,148.14633150212927,146.1580971772633,34.616931360161665
2017-10-09 00:00:00+01:00,147.2449951171875,149.15458543257546,148.0598066006737,0.4771959628028526,-0.8497998868065224,143.9711442464497,149.21609569731214,154.46104714817457,7.030007622638673,1.094778831901749,-0.5941436896085643,1.6889225215103134,148.2875567761591,146.5026557696855,31.61477354052542
2017-10-10 00:00:00+01:00,148.04100036621094,148.98326465313477,148.05841354626907,0.35159011584030964,-0.29841903943312786,145.02920424519735,149.46566699800036,153.90212975080337,5.936430542088791,0.9248511068657024,-0.6112571317156887,1.5361082385813911,148.2875567761591,146.5026557696855,31.61477354052542
2017-10-11 00:00:00+01:00,148.39999389648438,148.89353069057316,148.08371579443318,0.4952789565433875,-0.23871457373005,145.91145246066995,149.67266700381325,153.43388154695654,5.02592038805251,0.8098148961399829,-0.5810346739531265,1.3908495700931094,148.2875567761591,146.5026557696855,31.61477354052542
2017-10-12 00:00:00+01:00,148.84800720214844,148.88652707696934,148.14032997278247,0.8606771072956576,-0.8213297286418424,146.28287072579428,149.78590538388207,153.28894004196985,4.677388902660709,0.7461971041868765,-0.5157219727249864,1.261919076911863,148.2875567761591,146.5026557696855,31.61477354052542
2017-10-13 00:00:00+01:00,148.86000061035156,148.88244608210508,148.1936389088987,1.0603588938356836,0.3603619455934961,146.83628287675177,149.9249529157366,153.01362295472146,4.120288156062709,0.688807173206385,-0.4584895229643824,1.1472966961707673,148.2875567761591,146.5026557696855,31.61477354052542
2017-10-16 00:00:00+01:00,148.64999389648438,148.8466842073942,148.2274429820532,0.6935622669702468,0.00555872693118431,147.07562199489175,149.9903811500186,152.90514030514547,3.886594770649394,0.6192412253409998,-0.42244437666381396,1.0416856020048137,148.78836894615034,146.97227541489227,29.97882410352241
2017-10-17 00:00:00+01:00,148.67799377441406,148.82073183308955,148.26081711482067,0.7611860590074571,-0.45881516169566794,146.9487102083963,149.8836190359933,152.81852786359028,3.9162502833510993,0.5599147182688853,-0.38541670698874275,0.945331425257628,148.78836894615034,146.97227541489227,29.97882410352241
2017-10-18 00:00:00+01:00,148.01800537109375,148.69723545432097,148.24283105972978,0.7051669871452191,-0.3028286183235309,146.7416348351068,149.7568577357701,152.7720806364334,4.026824475688907,0.45440439459119375,-0.3927416245331474,0.8471460191243412,148.78836894615034,146.97227541489227,29.97882410352241
2017-10-19 00:00:00+01:00,149.30799865722656,148.79119902399876,148.32173236324806,1.0942680029628775,-0.385727724576185,146.70210633994728,149.6858099074591,152.6695134749709,3.986621803838905,0.46946666075069743,-0.302143486698915,0.7716101474496124,148.78836894615034,146.97227541489227,29.97882410352241
2017-10-20 00:00:00+01:00,148.16799926757812,148.6953221383956,148.31034472653178,1.4006538086244689,-0.22034838864115613,146.61910233499196,149.51314290364584,152.40718347229972,3.8712858447754663,0.3849774118638152,-0.3093061884686378,0.694283600332453,148.78836894615034,146.97227541489227,29.97882410352241
2017-10-23 00:00:00+01:00,150.4149932861328,148.95988693035517,148.46624461983555,1.9737578215707003,1.2937498870003878,146.8435441378031,149.4047619047619,151.9659796717207,3.4285624290763286,0.4936423105196184,-0.16051303185026766,0.654155342369886,148.92557828018096,147.29052134822797,30.87521635442137
2017-10-24 00:00:00+01:00,149.66099548339844,149.06774978466953,148.55474468380316,1.5142555603374603,0.8852577576030853,146.9819780730719,149.29961867559524,151.61725927811858,3.1046838874507934,0.5130051008663656,-0.11292019320281632,0.625925294069182,148.92557828018096,147.29052134822797,30.87521635442137
2017-10-25 00:00:00+01:00,149.5850067138672,149.14732777377685,148.63106038973385,2.7389347274536533,0.6569339950317783,147.00357249807684,149.2507622128441,151.49795192761138,3.0112941219859133,0.5162673840430045,-0.08772632802094193,0.6039937120639465,148.92557828018096,147.29052134822797,30.87521635442137
2017-10-26 00:00:00+01:00,150.7169952392578,149.38881507615855,148.7855740822912,2.0924318991541213,1.0254305563806838,147.03572322389462,149.23438081287202,151.43303840184942,2.9465831894787544,0.6032409938673595,-0.0006021745572695192,0.603843168424629,148.92557828018096,147.29052134822797,30.87521635442137
2017-10-27 00:00:00+01:00,149.822998046875,149.45561245626877,148.86242030188998,1.097586411977204,0.13757969811001658,147.13383211129602,149.16833278111048,151.20283345092494,2.727791659104869,0.5931921543787837,-0.008520811236676251,0.60171296561546,148.92557828018096,147.29052134822797,30.87521635442137
2017-10-30 00:00:00+00:00,149.3730010986328,149.44290301663247,148.9002411016487,1.1017577997184844,0.2697570672966094,147.2289041746876,149.0893801734561,150.9498561722246,2.4957860802747267,0.5426619149837677,-0.04724084050535382,0.5899027554891215,149.05705462819355,147.58044791622666,32.322190206164564
2017-10-31 00:00:00+00:00,149.27999877929688,149.41784082627314,148.92837129999302,2.0406228406319826,0.2506295544991701,147.32163938012354,149.01557050432478,150.70950162852603,2.273495472276275,0.48946952628011786,-0.0803465833672029,0.5698161096473208,149.05705462819355,147.58044791622666,32.322190206164564
2017-11-01 00:00:00+00:00,151.05999755859375,149.67048032355322,149.08626954137085,2.804736928355709,1.9167364400744589,147.19357322597642,149.0806179954892,150.967662765002,2.5315762637499675,0.5842107821823674,0.011515738028037292,0.5726950441543301,149.05705462819355,147.58044791622666,32.322190206164564
2017-11-02 00:00:00+00:00,151.29800415039062,149.92086860460512,149.25010173463158,2.17589313841529,-0.5581003918581473,147.0622021168716,149.1702851795015,151.2783682421314,2.8264115203549776,0.6707668699735336,0.07845746065536274,0.5923094093181709,149.05705462819355,147.58044791622666,32.322190206164564
2017-11-03 00:00:00+00:00,148.81900024414062,149.7513503953029,149.21816829089153,0.29883000012409866,-0.5281658494852763,147.03505246123208,149.14747546968005,151.259898478128,2.8326634450844503,0.5331821044113667,-0.04730184392544334,0.58048394833681,149.05705462819355,147.58044791622666,32.322190206164564
2017-11-06 00:00:00+00:00,149.3000030517578,149.6819123424498,149.22423012502978,0.6177651142280354,0.06576316110303537,147.1850113384515,149.2165229434059,151.2480345483603,2.722904360564553,0.4576822174200288,-0.09824138473342503,0.5559236021534538,149.2813683279754,147.88752617498557,32.741072057757286
2017-11-07 00:00:00+00:00,149.8300018310547,149.7046953406967,149.26910210325386,1.0379047326836428,0.4068927697930178,147.49631978173934,149.3396185012091,151.18291722067883,2.4685997432822147,0.43559323744284484,-0.09626429176848716,0.531857529211332,149.2813683279754,147.88752617498557,32.741072057757286
2017-11-08 00:00:00+00:00,149.83799743652344,149.72520335543928,149.31124249831086,0.601751886454764,-0.7492460383499235,147.66605637075992,149.4251897902716,151.18432320978326,2.3545339604128777,0.4139608571284157,-0.0943173376663331,0.5082781947947488,149.2813683279754,147.88752617498557,32.741072057757286
2017-11-09 00:00:00+00:00,149.36399841308594,149.669633364308,149.31515034384975,0.3658494120096236,-0.8591566915060014,147.77208358736988,149.4710947672526,151.1701059471353,2.273364201323761,0.35448302045824676,-0.12303613946920161,0.47751915992744837,149.2813683279754,147.88752617498557,32.741072057757286
2017-11-10 00:00:00+00:00,149.01499938964844,149.5689204451296,149.29291693983484,0.6810820836026608,-0.42891852674890174,147.79024265433165,149.47904677618118,151.1678508980307,2.2595864213373247,0.27600350529476714,-0.16121252370614497,0.4372160290009121,149.2813683279754,147.88752617498557,32.741072057757286
2017-11-13 00:00:00+00:00,149.14599609375,149.50385516030198,149.28203391419893,-0.030035012831746144,-1.1920375763083086,147.81950940519516,149.49266560872397,151.16582181225277,2.238445875208428,0.22182124610304754,-0.17231582631829168,0.3941370724213392,148.88758091982214,147.91788045048986,31.048467562959257
2017-11-14 00:00:00+00:00,149.02499389648438,149.43018419663773,149.26299391288674,0.1310032794960705,-0.632989030074242,147.86596195541,149.5105227515811,151.1550835477522,2.1999264879885714,0.16719028375098333,-0.18155743093628474,0.34874771468726806,148.88758091982214,147.91788045048986,31.048467562959257
2017-11-15 00:00:00+00:00,149.17799377441406,149.39138567014177,149.2566976063332,0.05230813097148257,-1.08369345594258,147.92456373979059,149.53433227539062,151.14410081099066,2.153042062120426,0.1346880638085679,-0.17124772070296013,0.30593578451152803,148.88758091982214,147.91788045048986,31.048467562959257
2017-11-17 00:00:00+00:00,149.18499755859375,149.35963365298053,149.25138649168585,0.05160728272821302,-1.240384904771787,148.11874901673852,149.58990333193825,151.06105764713797,1.9669165932078343,0.1082471612946847,-0.15815089857347464,0.26639805986815934,148.88758091982214,147.91788045048986,31.048467562959257
2017-11-20 00:00:00+00:00,147.90699768066406,149.13615119570107,149.15180213531386,-0.05580909332167039,-1.5038071401966704,147.88892591014024,149.523188999721,151.15745208930173,2.185966070565538,-0.015650939612783077,-0.22563919958475392,0.20998825997197085,148.84172061321476,148.03675467184846,28.778495881998566
2017-11-21 00:00:00+00:00,149.0229949951172,149.1187425494574,149.14226086566967,0.20974413921314294,-0.5102570814899821,148.02701521501217,149.56390308198473,151.1007909489573,2.0551588121234103,-0.02351831621226097,-0.18680526094738545,0.16328694473512448,148.84172061321476,148.03675467184846,28.778495881998566
2017-11-22 00:00:00+00:00,148.78500366210938,149.06739810525002,149.11579736910966,-0.2557967587580947,-1.0259993954768447,147.96460375405448,149.48628452845983,151.0079653028652,2.0358801199793684,-0.04839926385963622,-0.16934896687580855,0.12094970301617233,148.84172061321476,148.03675467184846,28.778495881998566
2017-11-23 00:00:00+00:00,148.22300720214844,148.93749181246517,149.04966476414955,-0.5916722104386167,-1.2496617123917417,147.80693403644784,149.41780889601935,151.02868375559086,2.1562019567460347,-0.11217295168438568,-0.18649812376044642,0.07432517207606074,148.84172061321476,148.03675467184846,28.778495881998566
2017-11-24 00:00:00+00:00,148.0290069580078,148.79772491177943,148.97406048221313,-0.015060848424070628,-1.0340580408068831,147.63052438094465,149.34371366954986,151.05690295815506,2.294290461258986,-0.1763355704337073,-0.20052859400781442,0.02419302357410713,148.84172061321476,148.03675467184846,28.778495881998566
2017-11-27 00:00:00+00:00,148.75999450683594,148.7919202340958,148.9582037432963,-0.19320435364787159,-1.052197883921309,147.63622431493027,149.25052315848214,150.864822002034,2.1632069481427765,-0.16628350920049684,-0.15238122621968317,-0.013902282980813668,149.67447918810672,148.5086463384259,32.43767345747266
2017-11-28 00:00:00+00:00,148.05799865722656,148.67900922226977,148.89152188506893,-0.5385250588970507,-1.9015163919048632,147.49729628835377,149.1664755684989,150.83565484864403,2.2380086058661677,-0.21251266279915626,-0.15888830385467406,-0.05362435894448219,149.67447918810672,148.5086463384259,32.43767345747266
2017-11-29 00:00:00+00:00,149.19000244140625,148.7576235636754,148.91363155590872,1.4733618522944028,-0.05363094555715975,147.49107697109028,149.1577613467262,150.82444572236213,2.2347940336294214,-0.1560079922333273,-0.08190690663107608,-0.0741010856022512,149.67447918810672,148.5086463384259,32.43767345747266
2017-11-30 00:00:00+00:00,150.24899291992188,148.98706500309794,149.01254721250228,2.6884568158180286,1.1724503460914661,147.47379103502922,149.2039039248512,150.93401681467319,2.319125497806517,-0.025482209404344758,0.03889510095832516,-0.06437731036266992,149.67447918810672,148.5086463384259,32.43767345747266
2017-12-01 00:00:00+00:00,152.2790069580078,149.4935176115456,149.25450719365085,3.2044924401382104,1.3634890221694604,147.23099211244224,149.26195199148995,151.29291187053767,2.7213363512270123,0.23901041789474675,0.24271018260593333,-0.003699764711186576,149.67447918810672,148.5086463384259,32.43767345747266
2017-12-04 00:00:00+00:00,152.2830047607422,149.92266948065276,149.47884034676872,3.455165390535967,2.037166122957842,147.05834404290772,149.3088567824591,151.55936952201046,3.0145736670267778,0.4438291338840372,0.358023118876179,0.0858060150078582,150.3963182380347,148.98455348120658,36.536767826202535
2017-12-05 00:00:00+00:00,151.57000732421875,150.1761060719706,149.63374160435762,2.1652543673220634,0.926255954236126,147.00586375804653,149.43985711960565,151.87385048116477,3.257488876760699,0.5423644676129697,0.36524676208408924,0.1771177055288805,150.3963182380347,148.98455348120658,36.536767826202535
2017-12-06 00:00:00+00:00,150.8560028076172,150.28070556976238,149.72427947126573,1.359720162523331,0.035715035570206055,147.0078334861015,149.51395234607514,152.02007120604878,3.352354506919604,0.5564260984966438,0.30344671437421067,0.25297938412243315,150.3963182380347,148.98455348120658,36.536767826202535
2017-12-07 00:00:00+00:00,150.35299682617188,150.29182730151769,149.7708511271847,1.5881424030887388,0.4181442341434263,147.01037529790236,149.53885686965216,152.06733844140197,3.3817050961594517,0.5209761743329864,0.2143974321684426,0.3065787421645438,150.3963182380347,148.98455348120658,36.536767826202535
2017-12-08 00:00:00+00:00,152.57400512695312,150.6429315823539,149.9784921642046,3.421501732279779,1.6555105213422792,146.8296065626064,149.6691429501488,152.5086793376912,3.794417916174199,0.6644394181492999,0.28628854078780486,0.378150877361495,150.3963182380347,148.98455348120658,36.536767826202535
2017-12-11 00:00:00+00:00,152.03500366210938,150.85709651770088,150.13082634923458,2.182177190804481,1.1921716976404184,146.7885649153095,149.7963336762928,152.80410243727607,4.0158109176196755,0.7262701684663,0.278495432883844,0.447774735582456,150.24421297249188,149.12104618980652,38.5742892558216
2017-12-12 00:00:00+00:00,151.51100158691406,150.95769729757984,150.23306155202565,1.4989330768806042,0.8009350300056042,146.84372570330626,149.9151909237816,152.98665614425695,4.097603720542117,0.7246357455541954,0.22148880797739157,0.5031469375768038,150.24421297249188,149.12104618980652,38.5742892558216
2017-12-13 00:00:00+00:00,151.21099853515625,150.99666671874544,150.30550132855385,1.19349159136803,0.5245005025008425,146.91475762886384,150.0135243733724,153.11229111788097,4.1313165028987235,0.6911653901915997,0.15041476209183668,0.540750628099763,150.24421297249188,149.12104618980652,38.5742892558216
2017-12-14 00:00:00+00:00,151.17999267578125,151.02487071213557,150.3702784653855,1.3807286146926288,0.6256169203566913,147.01239209894496,150.11614336286272,153.21989462678047,4.135133230028871,0.6545922467500702,0.09107329492024574,0.5635189518298245,150.24421297249188,149.12104618980652,38.5742892558216
2017-12-15 00:00:00+00:00,150.96400451660156,151.0155066820534,150.414258172883,0.5897396298513797,-0.9952518252267453,147.10706419808852,150.20119149344308,153.29531878879763,4.119977031593155,0.6012485091704036,0.03018364587246336,0.5710648632979403,150.24421297249188,149.12104618980652,38.5742892558216
2017-12-18 00:00:00+00:00,150.0970001220703,150.87419798051755,150.3907575765265,0.6012468180047392,-0.3417616048468233,147.1833374437235,150.24462018694197,153.30590293016044,4.0750647036938386,0.4834404039910396,-0.07009956744552048,0.5535399714365601,150.61281068283313,149.4394690346221,40.27222378050415
2017-12-19 00:00:00+00:00,150.60899353027344,150.83339729586461,150.40692320272998,0.5270825345747028,-0.003129867769047223,147.49410833852193,150.373286655971,153.25246497342005,3.829374726690839,0.4264740931346296,-0.10165270264154436,0.5281267957761739,150.61281068283313,149.4394690346221,40.27222378050415
2017-12-20 00:00:00+00:00,151.2239990234375,150.89348986933737,150.4674473375972,1.514547291309043,0.718557301074668,147.64326226305562,150.4780963716053,153.31293048015496,3.7677697643769434,0.4260425317401655,-0.08166741122880672,0.5077099429689722,150.61281068283313,149.4394690346221,40.27222378050415
2017-12-21 00:00:00+00:00,151.4080047607422,150.97264600647657,150.53711825783017,1.3618838173651397,0.7428805214667022,147.84753788729552,150.6030011858259,153.35846448435626,3.6592408874116185,0.4355277486463933,-0.0577457554580631,0.4932735041044564,150.61281068283313,149.4394690346221,40.27222378050415
2017-12-22 00:00:00+00:00,151.61099243164062,151.0708531488095,150.61666449292724,1.2393383146899453,0.8473400236743203,148.19468989505418,150.7643338158017,153.33397773654923,3.408822041275385,0.45418865588226254,-0.03126787857775509,0.48545653446001763,150.61281068283313,149.4394690346221,40.27222378050415
2017-12-25 00:00:00+00:00,151.24899291992188,151.0982592674422,150.66350363566758,1.0064945332777313,0.5864963643324188,148.65302021302253,150.91766648065476,153.182312748287,3.001167882386416,0.43475563177460685,-0.04056072214832862,0.4753163539229355,151.15520895294344,149.83954567155666,42.481329617782144
2017-12-26 00:00:00+00:00,151.5290069580078,151.1645281429138,150.72761499287796,0.8473819553642272,0.4693912327079772,148.9895499961831,151.04952421642486,153.10949843666663,2.7275481083809625,0.4369131500358492,-0.030722563109669032,0.4676357131455182,151.15520895294344,149.83954567155666,42.481329617782144
2017-12-27 00:00:00+00:00,151.3699951171875,151.19613844664823,150.7751987057898,1.3037960451867718,0.5718014162805218,149.63913543262632,151.20723833356584,152.77534123450536,2.0741108933955386,0.42093974085844366,-0.037356777829659626,0.4582965186881033,151.15520895294344,149.83954567155666,42.481329617782144
2017-12-28 00:00:00+00:00,151.73300170898438,151.27873279469995,150.8461470763968,1.1108536560250855,0.6238541443063355,150.03301510298382,151.32833353678384,152.62365197058386,1.711931141414655,0.43258571830315873,-0.020568640307955632,0.45315435861111436,151.15520895294344,149.83954567155666,42.481329617782144
2017-12-29 00:00:00+00:00,151.69400024414062,151.3426200946139,150.9089510147482,1.5340421493143026,0.6380460555643026,150.18781326108117,151.3971434093657,152.60647355765022,1.5975600609776244,0.4336690798656946,-0.015588222996335832,0.4492573028620304,151.15520895294344,149.83954567155666,42.481329617782144
2018-01-01 00:00:00+00:00,152.25,151.48221700313482,151.0082879766187,1.2417120233812966,0.7617162958422341,150.1904044139837,151.39576212565103,152.60111983731835,1.5923268851699173,0.47392902651611735,0.019737378923269544,0.4541916475928478,151.89347100769146,150.34389559236106,46.0329440680774
2018-01-02 00:00:00+00:00,152.3489990234375,151.6155680831814,151.1075999060127,1.4093983850029304,0.7854054650810554,150.1840042381996,151.39890470958892,152.61380518097823,1.6048999478823405,0.5079681771686921,0.043021223660675456,0.4649469535080167,151.89347100769146,150.34389559236106,46.0329440680774
2018-01-03 00:00:00+00:00,152.59100341796875,151.76563505776406,151.21748164763906,1.5925159109546883,0.5325183523609383,150.13160671726902,151.44752357119606,152.7634404251231,1.737785898240083,0.5481534101249963,0.0665651652935837,0.4815882448314126,151.89347100769146,150.34389559236106,46.0329440680774
2018-01-04 00:00:00+00:00,152.13600158691406,151.82261452378714,151.28552016165943,1.6654838666608782,0.8244804486921282,150.18922781167825,151.5084758940197,152.82772397636117,1.7414841969161843,0.5370943621277036,0.04440489383703278,0.4926894682906708,151.89347100769146,150.34389559236106,46.0329440680774
2018-01-05 00:00:00+00:00,152.83399963378906,151.9782122330182,151.40022234478016,2.2137760683057763,1.4097752138135888,150.29810739372562,151.62661888485863,152.95513037599164,1.752345994263516,0.5779898882380508,0.06824033595790402,0.5097495522801467,151.89347100769146,150.34389559236106,46.0329440680774
2018-01-08 00:00:00+00:00,153.60499572753906,152.22848661679066,151.56353889165118,2.099455493114448,1.3194567138175728,150.14932562145552,151.67571367536272,153.2021017292699,2.012699353008068,0.6649477251394842,0.12415853828746992,0.5407891868520143,152.07564815226306,150.64333942793894,41.90982677564967
2018-01-09 00:00:00+00:00,153.51600646972656,152.42656659416542,151.70816611965677,1.858835223116671,0.25283241549948343,150.03437927471342,151.7462376185826,153.45809596245178,2.256211911061642,0.7184004745086554,0.14208903012531293,0.5763114443833425,152.07564815226306,150.64333942793894,41.90982677564967
2018-01-10 00:00:00+00:00,152.57000732421875,152.448634398789,151.77200620888357,0.811993424905495,-1.2279998612273175,150.0533928160751,151.79666646321616,153.5399401103572,2.2968536632041094,0.6766281899054434,0.0802533964176807,0.5963747934877627,152.07564815226306,150.64333942793894,41.90982677564967
2018-01-11 00:00:00+00:00,150.5760040283203,152.1605374187169,151.68341345476776,-0.6994199244943218,-1.4814176051583843,149.96259278040404,151.76642862955728,153.57026447871053,2.3771210345288956,0.4771239639491398,-0.09540066363089827,0.5725246275800381,152.07564815226306,150.64333942793894,41.90982677564967
2018-01-12 00:00:00+00:00,150.69700622558594,151.93537877361982,151.61034625260615,0.9866538694641633,-1.0133461305358367,149.89842450928947,151.74342927478608,153.5884340402827,2.431742546368273,0.325032521013668,-0.19799368525309613,0.5230262062667641,152.07564815226306,150.64333942793894,41.90982677564967
2018-01-15 00:00:00+00:00,152.5399932861328,152.02839639092952,151.67920899583035,1.1137902717477743,0.25179076002902434,149.9781885203745,151.81847635904947,153.65876419772445,2.4243265810713526,0.34918739509916463,-0.13907104893407957,0.4882584440332442,152.5504321015087,151.05143379537623,40.48447254331393
2018-01-16 00:00:00+00:00,152.5709991455078,152.1118737377877,151.74526752543608,1.3477347938998605,0.3037284462436105,150.2408403376107,151.93628583635603,153.63173133510136,2.2317848424587914,0.36660621235162694,-0.09732178534529379,0.4639279976969207,152.5504321015087,151.05143379537623,40.48447254331393
2018-01-17 00:00:00+00:00,152.30299377441406,152.1412768203456,151.78658058091594,1.5874123390059367,0.3994240577559367,150.42366710816026,152.01695251464844,153.61023792113662,2.0961943784982116,0.3546962394296713,-0.08738540661379951,0.44208164604347083,152.5504321015087,151.05143379537623,40.48447254331393
2018-01-18 00:00:00+00:00,153.98199462890625,152.42446417550877,151.94920384373003,2.61379969630903,1.6719967177934052,150.39178312781118,152.1482856387184,153.9047881496256,2.3089350018416765,0.47526033177874183,0.02654294858821682,0.448717383190525,152.5504321015087,151.05143379537623,40.48447254331393
2018-01-19 00:00:00+00:00,154.23500061035156,152.70300824240766,152.11852212273902,2.217476412417227,0.9874806848781645,150.34955667498423,152.28290448869978,154.21625230241534,2.5391527961814275,0.5844861196686395,0.10861498918249157,0.47587113048614793,152.5504321015087,151.05143379537623,40.48447254331393
2018-01-22 00:00:00+00:00,153.74400329589844,152.86316132756008,152.23892813556566,2.7240693009577797,1.2490784562312172,150.38018023305287,152.38447643461683,154.3887726361808,2.6305779282234667,0.6242331919944206,0.11868964920661818,0.5055435427878024,152.99362302860996,151.4555153792957,41.90262746000815
2018-01-23 00:00:00+00:00,155.16200256347656,153.21682921000877,152.45545216726276,2.906547344455987,1.280540264377862,150.31200650706788,152.57081022716704,154.8296139472662,2.9609906596628397,0.7613770427460054,0.20466679996656234,0.556710242779443,152.99362302860996,151.4555153792957,41.90262746000815
2018-01-24 00:00:00+00:00,154.29200744628906,153.38224124635957,152.5914932990425,3.0155013298637527,1.5185073113090652,150.38063547157702,152.70238167898995,155.02412788640288,3.040877531686035,0.7907479473170724,0.18723016363010347,0.603517783686969,152.99362302860996,151.4555153792957,41.90262746000815
2018-01-25 00:00:00+00:00,155.44700622558594,153.69989739700978,152.80301277508275,3.2599907649563136,2.2339897883938136,150.37929533946726,152.89652506510416,155.41375479074105,3.292723264397337,0.896884621927029,0.23469347059204804,0.662191151334981,152.99362302860996,151.4555153792957,41.90262746000815
2018-01-26 00:00:00+00:00,155.22999572753906,153.93529714016813,152.98278929007952,2.829207169881414,0.4742114423423516,150.4163865125501,153.06304858979723,155.70971066704436,3.4582639005709024,0.9525078500886082,0.23225335900290178,0.7202544910857064,152.99362302860996,151.4555153792957,41.90262746000815
2018-01-29 00:00:00+00:00,153.7050018310547,153.89986709261223,153.03628651533694,0.9707172688427477,-0.19328419600100233,150.57237935022843,153.1588105701265,155.74524179002455,3.377450125487644,0.863580577275286,0.11466086895166372,0.7489197083236223,153.82575051679467,152.0318711098483,37.78054602754971
2018-01-30 00:00:00+00:00,153.2989959716797,153.80742538169952,153.05574647506603,0.7522521821605324,-1.0457519682300926,150.65414585424995,153.20876275925409,155.76337966425822,3.3348182688719414,0.7516789066334866,0.0022073586478914553,0.7494715479855951,153.82575051679467,152.0318711098483,37.78054602754971
2018-01-31 00:00:00+00:00,153.90699768066406,153.82274419692484,153.11880211992514,2.1701993449186148,0.47619910077798977,150.74206452677396,153.28295317150298,155.823841816232,3.3152918731753696,0.7039420769997093,-0.03642357678870867,0.740365653788418,153.82575051679467,152.0318711098483,37.78054602754971
2018-02-01 00:00:00+00:00,155.0540008544922,154.01216829808905,153.2621501743375,3.1598468959749937,1.7118488490999937,150.77205649774308,153.4002387637184,156.0284210296937,3.4265686770194503,0.7500181237515449,0.0077219759705015045,0.7422961477810434,153.82575051679467,152.0318711098483,37.78054602754971
2018-02-02 00:00:00+00:00,156.07699584960938,154.32983407524603,153.47065726139468,3.12533578059751,2.259338466144385,150.7902637594282,153.58790515718005,156.3855465549319,3.6430490993268942,0.8591768138513487,0.09350453285624427,0.7656722809951044,153.82575051679467,152.0318711098483,37.78054602754971
2018-02-05 00:00:00+00:00,155.25799560546875,154.47262815681876,153.60305269428906,1.7939504795390633,0.3719534092265633,150.8403774574258,153.70333353678384,156.5662896161419,3.7253012195378155,0.8695754625296956,0.08312254522767293,0.7864529173020227,152.6838316433579,151.79874579365347,34.60229052142446
2018-02-06 00:00:00+00:00,152.11099243164062,154.10929958371443,153.49252971187065,-0.6395328856987703,-2.2685306884331453,150.68984584984898,153.63219052269346,156.57453519553795,3.83037521346786,0.6167698718437862,-0.13574643636658923,0.7525163082103754,152.6838316433579,151.79874579365347,34.60229052142446
2018-02-07 00:00:00+00:00,152.98599243164062,153.93648309878,153.4550084318536,-0.4450139250176619,-2.112006112517662,150.65198804951427,153.60695175897507,156.56191546843587,3.847434866225895,0.4814746669264025,-0.21683331302717834,0.6983079799535808,152.6838316433579,151.79874579365347,34.60229052142446
2018-02-08 00:00:00+00:00,151.53799438476562,153.56748483508548,153.31300739132857,0.692989312772994,-1.8560066589066935,150.50286321072224,153.5578082856678,156.61275336061334,3.9788860091860028,0.2544774437569117,-0.35506442895733525,0.609541872714247,152.6838316433579,151.79874579365347,34.60229052142446
2018-02-09 00:00:00+00:00,151.23500061035156,153.20864110820335,153.15908096310804,-0.4150776672096015,-3.641075592014289,150.6459088047761,153.58918907528832,156.53246934580054,3.8326659424830267,0.049560145095313146,-0.44798538209514704,0.4975455271904602,152.6838316433579,151.79874579365347,34.60229052142446
2018-02-12 00:00:00+00:00,150.39999389648438,152.77654153716966,152.95470414335813,-2.1606977957018785,-3.2747114675768785,150.57402161797899,153.57504563104538,156.57606964411178,3.9082182925423634,-0.17816260618846513,-0.5405665067031402,0.3624039005146751,151.49588613463445,151.4160671255869,34.45044632151657
2018-02-13 00:00:00+00:00,150.5330047607422,152.4313820331039,152.77531900390508,-2.245320224608207,-3.779316806639457,150.23475356920383,153.47947474888392,156.724195928564,4.228215121258329,-0.34393697080119523,-0.5650726970526962,0.22113572625150102,151.49588613463445,151.4160671255869,34.45044632151657
2018-02-14 00:00:00+00:00,149.60000610351562,151.99578573624416,152.54011064091327,-2.7031050256788944,-4.554118209272644,149.7106488978816,153.33799888974144,156.96534888160127,4.731182118097285,-0.5443249046691108,-0.6123685047364894,0.06804360006737864,151.49588613463445,151.4160671255869,34.45044632151657
2018-02-15 00:00:00+00:00,149.3679962158203,151.59151042540972,152.3051392020175,-2.1381317557284376,-3.2761322440096876,149.21357025270774,153.19823710123697,157.1829039497662,5.201974805879873,-0.7136287766077771,-0.6253379013401246,-0.08829087526765253,151.49588613463445,151.4160671255869,34.45044632151657
2018-02-16 00:00:00+00:00,149.6529998779297,151.2932780334897,152.10868443727026,-2.165691273207756,-3.285686390395256,148.75126612067484,152.99209449404762,157.2329228674204,5.543852951876247,-0.8154064037805426,-0.5816924228103121,-0.23371398097023055,151.49588613463445,151.4160671255869,34.45044632151657
2018-02-19 00:00:00+00:00,149.07000732421875,150.95123638590957,151.88359724371088,-2.4276035913671308,-2.9836033472265058,148.2318921033549,152.7461424328032,157.26039276225148,5.910788000992193,-0.9323608578013136,-0.5589175014648664,-0.3734433563364472,150.7405893322693,151.10377121158007,33.956971105704426
2018-02-20 00:00:00+00:00,149.2989959716797,150.69704555295112,151.69214529763448,-1.3421391941188574,-2.586142490017295,147.81505000475323,152.5344754173642,157.25390082997518,6.188011463897197,-0.9950997446833583,-0.4973251106775288,-0.49777463400582944,150.7405893322693,151.10377121158007,33.956971105704426
2018-02-21 00:00:00+00:00,150.3260040283203,150.63996224146945,151.59094964805564,-0.6809459859462663,-2.1159435445400163,147.648565194707,152.30418977283296,156.9598143509589,6.113587006463813,-0.9509874065861936,-0.36257021806429135,-0.5884171885219023,150.7405893322693,151.10377121158007,33.956971105704426
2018-02-22 00:00:00+00:00,149.5959930419922,150.47935159539603,151.44317508464354,-1.6691730094482295,-2.9071796012451045,147.37746670607422,152.08057003929503,156.78367337251584,6.185015392835005,-0.9638234892475168,-0.3003250405804916,-0.6634984486670252,150.7405893322693,151.10377121158007,33.956971105704426
2018-02-23 00:00:00+00:00,149.0189971923828,150.25468168724015,151.26360635188348,-1.7556107464147317,-2.430613798172544,147.15158205777146,151.77447437104723,156.397366684323,6.091791564336514,-1.008924664643331,-0.27634097278104464,-0.7325836918622863,150.7405893322693,151.10377121158007,33.956971105704426
2018-02-26 00:00:00+00:00,149.55599975585938,150.14719215933542,151.13711697440021,-1.139115875767402,-2.1411147771345895,147.06106789367072,151.50428408668154,155.94750027969235,5.865466075492194,-0.9899248150647963,-0.20587289856200797,-0.7840519165027884,149.14706179280194,150.3689477119068,37.824673339018126
2018-02-27 00:00:00+00:00,149.52999877929688,150.05223933163717,151.01807118217033,-1.2390642241625187,-2.1540727690843937,146.90047712263856,151.30547441755022,155.71047171246187,5.822654219047488,-0.9658318505331636,-0.1454239472243002,-0.8204079033088634,149.14706179280194,150.3689477119068,37.824673339018126
2018-02-28 00:00:00+00:00,149.38699340820312,149.949893804955,150.8972506063209,-1.390246822141222,-3.9442476766334096,146.73634982597466,151.1191885811942,155.50202733641376,5.800505940203239,-0.9473568013659133,-0.10155911844563992,-0.8457976829202734,149.14706179280194,150.3689477119068,37.824673339018126
2018-03-01 00:00:00+00:00,146.66600036621094,149.4446794297636,150.58382466260906,-3.152824906749686,-4.100822953624686,146.188459981506,150.77437918526786,155.3602983890297,6.083154483596688,-1.1391452328454648,-0.23467803994015313,-0.9044671929053116,149.14706179280194,150.3689477119068,37.824673339018126
2018-03-02 00:00:00+00:00,146.23699951171875,148.95119021160286,150.26183761439498,-3.83283675990279,-5.243832243301227,145.7983809720975,150.3545219784691,154.9106629848407,6.0605307328555735,-1.3106474027921138,-0.3249441679094417,-0.9857032348826721,149.14706179280194,150.3689477119068,37.824673339018126
2018-03-05 00:00:00+00:00,145.59300231933594,148.43454592048488,149.91599796290913,-2.9559912490419435,-4.826001625018506,145.63124716732872,149.85528419131325,154.07932121529777,5.637488256459333,-1.4814520424242517,-0.39659904603326357,-1.084852996390988,148.70137371473254,150.00338340429064,41.04775853344621
2018-03-06 00:00:00+00:00,147.13999938964844,148.2353849157408,149.71036843896388,-1.7173722231435704,-3.159373565917008,145.85081133873288,149.46871294294084,153.0866145471488,4.8410152639624044,-1.4749835232230737,-0.3121044214656685,-1.1628791017574052,148.70137371473254,150.00338340429064,41.04775853344621
2018-03-07 00:00:00+00:00,146.6719970703125,147.99486370875184,149.48530389313785,-2.013303771067541,-3.2273082876691035,145.6068137157874,149.20971316382997,152.81261261187254,4.8293095290473955,-1.490440184386017,-0.26204886610288947,-1.2283913182831276,148.70137371473254,150.00338340429064,41.04775853344621
2018-03-08 00:00:00+00:00,147.63299560546875,147.93919169286212,149.34809587182903,-1.715100266360281,-2.826092698000906,145.71779367749062,148.9548085530599,152.1918234286292,4.346304636974796,-1.4089041789669068,-0.1444102885470233,-1.2644938904198835,148.70137371473254,150.00338340429064,41.04775853344621
2018-03-09 00:00:00+00:00,146.8699951171875,147.7746999119891,149.1645328529667,-0.6315280922244995,-2.3615390785526245,145.59604436660507,148.73252287365142,151.86900138069777,4.2176094998547065,-1.389832940977584,-0.10027124044616054,-1.2895617005314235,148.70137371473254,150.00338340429064,41.04775853344621
2018-03-12 00:00:00+00:00,148.09800720214844,147.82443949509053,149.08553095290608,-0.8835351032967083,-1.6665246052498333,145.64510042799574,148.58314223516555,151.52118404233536,3.9547444790469055,-1.261091457815553,0.022776194172696496,-1.2838676519882495,148.3809176408764,149.68004370270114,40.835701168765
2018-03-13 00:00:00+00:00,147.77000427246094,147.8160648454552,148.98808453213238,0.3559096084926239,-1.2080857528355011,145.61773896098182,148.4579046340216,151.29807030706135,3.826223575014533,-1.1720196866771744,0.08947837224886013,-1.2614980589260345,148.3809176408764,149.68004370270114,40.835701168765
2018-03-14 00:00:00+00:00,148.74000549316406,147.95820956048735,148.9697083070236,0.167285101179516,-1.1867035462814215,145.68322241053215,148.37252371651786,151.06182502250357,3.6250664727168975,-1.0114987465362617,0.19999944991181828,-1.21149819644808,148.3809176408764,149.68004370270114,40.835701168765
2018-03-15 00:00:00+00:00,148.30799865722656,148.012023267678,148.92069277740902,-0.5026935098308911,-1.4376910684246411,145.67832017326106,148.31099955240884,150.94367893155663,3.5502145991774197,-0.9086695097310269,0.24226294937364257,-1.1509324591046695,148.3809176408764,149.68004370270114,40.835701168765
2018-03-16 00:00:00+00:00,148.16299438476562,148.03524959338378,148.86456697054655,-0.687565017421548,-1.602573562343423,145.66340715648215,148.25361851283483,150.84382986918752,3.4942976533533163,-0.8293173771627664,0.25729206555352246,-1.086609442716289,148.3809176408764,149.68004370270114,40.835701168765
2018-03-19 00:00:00+00:00,147.76100158691406,147.99305759238845,148.78282138657377,0.8861849610824777,-1.7388150389175223,145.643613440158,148.16352335611978,150.68343327208157,3.4015253672188095,-0.7897637941853191,0.23747651882477583,-1.0272403130100949,148.2372774099983,149.43289416634985,38.493541086949755
2018-03-20 00:00:00+00:00,148.6529998779297,148.0945871747794,148.77320497852605,0.9837988056536346,-0.12820070606511536,145.64616959715767,148.14366585867745,150.64116212019724,3.3717219660303086,-0.678617803746647,0.2788980074107583,-0.9575158111574054,148.2372774099983,149.43289416634985,38.493541086949755
2018-03-21 00:00:00+00:00,149.07000732421875,148.2446518131547,148.79519033746627,0.8268036810884212,0.16681527776810867,145.65360534181005,148.13276163736978,150.61191793292952,3.347208636572547,-0.5505385243115768,0.3255818294766628,-0.8761203537882396,148.2372774099983,149.43289416634985,38.493541086949755
2018-03-22 00:00:00+00:00,149.82200622558594,148.4873217227595,148.87125077362327,1.0987504470798513,-0.5582472335842112,145.70643061727972,148.1087617420015,150.51109286672326,3.244009465026137,-0.38392905086377027,0.3937530423395754,-0.7776820932033457,148.2372774099983,149.43289416634985,38.493541086949755
2018-03-23 00:00:00+00:00,148.1300048828125,148.4323499012292,148.81634367060025,0.12965547490756535,-1.0853408629830597,145.7301692188018,148.03895278204055,150.34773634527932,3.119156843318138,-0.38399376937104535,0.3149506590658403,-0.6989444284368856,148.2372774099983,149.43289416634985,38.493541086949755
2018-03-26 00:00:00+01:00,148.33900451660156,148.41798907282495,148.78098521474848,0.8240105127905792,-0.5409797215844208,145.73490178321,148.00657217843192,150.27824257365384,3.0696885439428536,-0.36299614192353147,0.2687586292106834,-0.6317547711342149,148.35151888368378,149.31105240416483,34.77832322461527
2018-03-27 00:00:00+01:00,150.2050018310547,148.69291411255261,148.88646792706746,1.5945348805497304,0.08153439226848036,145.66682861188877,148.0374770391555,150.40812546642223,3.2027679404988776,-0.19355381451484277,0.3505607652954976,-0.5441145798103404,148.35151888368378,149.31105240416483,34.77832322461527
2018-03-28 00:00:00+01:00,149.49400329589844,148.81615860229812,148.93147054698088,1.4525321385659993,0.20852884266756178,145.66938541892213,148.03576296851747,150.40214051811282,3.1970349625564403,-0.11531194468275885,0.34304210810206526,-0.4583540527848241,148.35151888368378,149.31105240416483,34.77832322461527
2018-03-29 00:00:00+01:00,150.36700439453125,149.05475026264168,149.03780638754017,1.3662005704676403,0.0031939786707653184,145.5767498405249,148.08243015834265,150.58811047616038,3.384169634626394,0.016943875101503636,0.38023834230906217,-0.36329446720755854,148.35151888368378,149.31105240416483,34.77832322461527
2018-03-30 00:00:00+01:00,149.3300018310547,149.09709665778215,149.05945049446717,0.2955452330718913,-0.2164481751312337,145.7337309962913,148.20928737095423,150.68484374561714,3.34062246513179,0.0376461633149745,0.32075250441802644,-0.28310634110305194,148.35151888368378,149.31105240416483,34.77832322461527
2018-04-02 00:00:00+01:00,149.23500061035156,149.11831265048514,149.0724542067549,0.5885412766435252,-0.3854577467939748,146.005495242234,148.352049328032,150.69860341383,3.1634939947602185,0.04585844373022496,0.2631718278666215,-0.21731338413639656,149.0443434810496,149.47090101439574,29.33716027018957
2018-04-03 00:00:00+01:00,148.5970001220703,149.0381107230367,149.03723538566717,0.8227652246843888,-0.5432320897687362,146.498618729863,148.4950968424479,150.4915749550328,2.6889481943005067,0.0008753373695356004,0.17455097720474572,-0.17367563983521012,149.0443434810496,149.47090101439574,29.33716027018957
2018-04-04 00:00:00+01:00,149.7270050048828,149.14409445870535,149.088329431535,1.0606726436603253,-0.2593346805584247,146.65244987765655,148.6182875860305,150.58412529440446,2.6454856132506457,0.055765027170366466,0.18355253360446128,-0.1277875064340948,149.0443434810496,149.47090101439574,29.33716027018957
2018-04-05 00:00:00+01:00,150.41900634765625,149.3402347493132,149.1868980919884,1.493094583792839,0.8501044714881516,146.89060187369822,148.79671659923736,150.7028313247765,2.562038691583481,0.15333665732478607,0.2248993310071047,-0.07156267368231864,149.0443434810496,149.47090101439574,29.33716027018957
2018-04-06 00:00:00+01:00,149.9429931640625,149.43296681312077,149.24290513436426,1.9411006029404234,0.6830897386826109,147.01536831074202,148.9067164829799,150.7980646552178,2.540312776897562,0.19006167875650704,0.20929948195106055,-0.01923780319455351,149.0443434810496,149.47090101439574,29.33716027018957
2018-04-09 00:00:00+01:00,150.72000122070312,149.63097210659498,149.35231965927827,2.1256771668936096,1.2456875428701721,147.2792769983489,149.09005010695685,150.9008232155648,2.4290998726057205,0.27865244731671623,0.2383122004090158,0.04034024690770044,150.29956150689765,149.94791480642402,30.12521402071793
2018-04-10 00:00:00+01:00,150.87899780273438,149.8229760598472,149.4654069291639,2.652589286656422,1.2545942915392345,147.3169911948075,149.22247823079428,151.12796526678105,2.5538874016549347,0.3575691306833164,0.2537831070204928,0.10378602366282363,150.29956150689765,149.94791480642402,30.12521402071793
2018-04-11 00:00:00+01:00,151.88999938964844,150.1409796490474,149.64500637068127,2.5919931410374772,1.6149881361546647,147.31380742849268,149.41866847446985,151.52352952044703,2.8174003522683204,0.4959732783661366,0.3137498037626504,0.18222347460348623,150.29956150689765,149.94791480642402,30.12521402071793
2018-04-12 00:00:00+01:00,151.55999755859375,150.35929009666992,149.7868575697859,3.072135960487543,1.3871384018937931,147.28492200879435,149.5529538109189,151.82098561304343,3.0330819209255235,0.5724325268840289,0.3121672418244341,0.2602652850595948,150.29956150689765,149.94791480642402,30.12521402071793
2018-04-13 00:00:00+01:00,152.64599609375,150.71109101929764,149.99864560859805,3.8413507292925715,2.701351339644134,147.20995093181392,149.75952511742003,152.30909930302613,3.4048908523275467,0.712445410699587,0.3617441005119938,0.3507013101875932,150.29956150689765,149.94791480642402,30.12521402071793
2018-04-16 00:00:00+01:00,153.1219940185547,151.0819991730295,150.23000475007632,3.499990977462744,2.4299989120330565,147.17692189187855,149.99566795712425,152.81441402236996,3.758436631718502,0.8519944229531689,0.4010344902124605,0.45095993274070834,150.71970685746302,150.17821234244826,30.781925479491562
2018-04-17 00:00:00+01:00,153.50999450683594,151.455536916692,150.47296695428074,3.2730352429848892,2.6070348767739517,147.26163383624277,150.2694295247396,153.27722521323642,4.003203709509843,0.9825699624112758,0.425288023736454,0.5572819386748218,150.71970685746302,150.17821234244826,30.781925479491562
2018-04-18 00:00:00+01:00,152.98199462890625,151.69037656472497,150.65882085610485,2.962181341160772,1.4021837825670218,147.34816159127297,150.47557213192894,153.60298267258491,4.156701976735501,1.0315557086201181,0.37941901595623706,0.6521366926638811,150.71970685746302,150.17821234244826,30.781925479491562
2018-04-19 00:00:00+01:00,152.4199981689453,151.80262604229733,150.7892784348338,2.1437202223927727,1.2627235182912102,147.46922284417101,150.63509550548736,153.8009681668037,4.203366620099518,1.013347607463544,0.28896873183973026,0.7243788756238136,150.71970685746302,150.17821234244826,30.781925479491562
2018-04-20 00:00:00+01:00,151.32000732421875,151.72837700874678,150.82859168589934,0.8394075816787847,0.05141319691315971,147.54955978220008,150.70642889113654,153.863298000073,4.1894285892964005,0.8997853228474355,0.14032515777889754,0.759460165068538,150.71970685746302,150.17821234244826,30.781925479491562
2018-04-23 00:00:00+01:00,151.03599548339844,151.6218567740778,150.84395493015853,0.7282496596852184,0.059044947771155876,147.9044793360809,150.84480939592635,153.7851394557718,3.898483576094274,0.7779018439192669,0.01475334308058307,0.7631485008386838,150.53313912567847,150.17561110239984,29.053966620648243
2018-04-24 00:00:00+01:00,151.57699584960938,151.61495509339034,150.89825425752525,1.6497498928653727,0.5037385403263102,148.26833192057816,150.9989994594029,153.72966699822766,3.6168021623996327,0.7167008358650833,-0.037158131978880404,0.7538589678439637,150.53313912567847,150.17561110239984,29.053966620648243
2018-04-25 00:00:00+01:00,152.26600646972656,151.71511684359592,150.99956923620684,1.5584294210197243,1.0904271016837868,148.33966047234992,151.0971425374349,153.8546246025199,3.649946013243512,0.7155476073890839,-0.030649088363903898,0.7461966957529877,150.53313912567847,150.17561110239984,29.053966620648243
2018-04-26 00:00:00+01:00,152.41700744628906,151.82310001324103,151.10456465917588,1.6004371718788093,0.8754310683631843,148.521836096958,151.23633321126303,153.95083032556806,3.589742037071388,0.7185353540651533,-0.02212907335026748,0.7406644274154208,150.53313912567847,150.17561110239984,29.053966620648243
2018-04-27 00:00:00+01:00,152.14300537109375,151.87231622214145,151.181486193392,1.0855120976236208,-0.8714886347982542,148.6093519996922,151.32090468633743,154.03245737298266,3.5838441387405435,0.6908300287494455,-0.03986751893278018,0.7306975476822257,150.53313912567847,150.17561110239984,29.053966620648243
2018-04-30 00:00:00+01:00,150.23300170898438,151.62011398934806,151.1112280834359,-0.30222234613120236,-1.2402258861702649,148.75324050395432,151.36390468052454,153.97456885709477,3.449520124471432,0.508885905912166,-0.17744931341604775,0.6863352193282137,149.73209437805647,149.8833816424588,28.394789279475983
2018-05-01 00:00:00+01:00,150.5760040283203,151.45948168765148,151.07158185713104,-0.4605894254904115,-1.9375791715841615,148.96722967410957,151.42776198614212,153.88829429817466,3.249777028676837,0.3878998305204391,-0.23874831104621974,0.6266481415666588,149.73209437805647,149.8833816424588,28.394789279475983
2018-05-02 00:00:00+01:00,149.5489959716797,151.1655608082712,150.95879771746797,-0.8558008912960986,-1.8077967409054736,149.19449725905352,151.4730951218378,153.75169298462205,3.008584278219799,0.20676309080323563,-0.33590804061073853,0.5426711314139742,149.73209437805647,149.8833816424588,28.394789279475983
2018-05-03 00:00:00+01:00,149.06199645996094,150.8419355239158,150.8182939206156,-1.388301244834338,-3.185298315146838,149.05090906327032,151.4414280482701,153.83194703326987,3.1570211874095957,0.023641603300205816,-0.4152236224910147,0.4388652257912205,149.73209437805647,149.8833816424588,28.394789279475983
2018-05-04 00:00:00+01:00,148.05999755859375,150.4139450677124,150.61397567157692,-2.363975671576924,-3.487968591498799,148.56451286568563,151.32909429640998,154.09367572713433,3.6537341924604823,-0.2000306038645192,-0.5111166637245917,0.31108605986007254,149.73209437805647,149.8833816424588,28.394789279475983
2018-05-07 00:00:00+01:00,147.69500732421875,149.99564695332876,150.39775579399483,-2.1437579912604576,-3.0617572588385826,148.10008362855922,151.2220473516555,154.3440110747518,4.128979573773914,-0.4021088406660738,-0.5705559204209171,0.16844707975484327,149.20806413940744,149.63718478812316,28.0242977519995
2018-05-08 00:00:00+01:00,147.8179931640625,149.66062329344163,150.2066622658517,-2.157666294172003,-3.174664585187628,147.64446409200136,151.08385649181548,154.5232488916296,4.5529581778983035,-0.5460389724100594,-0.5715888417319221,0.025549869321862734,149.20806413940744,149.63718478812316,28.0242977519995
2018-05-09 00:00:00+01:00,147.74000549316406,149.36514363186046,150.02394694935631,-0.8409482921297524,-2.28594035755944,147.21123237418593,150.93438066755022,154.6575289609145,4.9334661551564425,-0.6588033174958525,-0.5474825494541722,-0.11132076804168034,149.20806413940744,149.63718478812316,28.0242977519995
2018-05-10 00:00:00+01:00,148.74000549316406,149.2689685335995,149.92884017482356,-0.6388468886907503,-2.4388346816595003,146.97451403212307,150.78438095819382,154.59424788426458,5.053397310596871,-0.6598716412240719,-0.4388406985459133,-0.22103094267815865,149.20806413940744,149.63718478812316,28.0242977519995
2018-05-11 00:00:00+01:00,147.95599365234375,149.06697239802168,149.78270339538062,-1.3127021746774972,-2.183704371943122,146.63702869905273,150.61276172456286,154.58849475007298,5.279410562540314,-0.7157309973589463,-0.39576004374463014,-0.31997095361431616,149.20806413940744,149.63718478812316,28.0242977519995
2018-05-14 00:00:00+01:00,148.1529998779297,148.92636124108444,149.66198461631018,-0.6149875459976784,-1.6119815645523659,146.40026267736545,150.39880952380952,154.3973563702536,5.317258639352547,-0.7356233752257424,-0.332521937289141,-0.4031014379366014,149.19537548258674,149.57044384252632,25.30827048911104
2018-05-15 00:00:00+01:00,148.81199645996094,148.90876665937313,149.59902253065468,-0.5760275355374915,-1.1910177699124915,146.33520659737388,150.19357154482887,154.05193649228386,5.137856311384627,-0.6902558712815505,-0.2297235466759593,-0.46053232460559124,149.19537548258674,149.57044384252632,25.30827048911104
2018-05-16 00:00:00+01:00,148.88499450683594,148.90510940513664,149.54613156592737,-0.5091290024508055,-1.351124241708618,146.37831687855348,149.97333344959077,153.56835002062806,4.79420772793005,-0.641022160790726,-0.14439186894810785,-0.4966302918426182,149.19537548258674,149.57044384252632,25.30827048911104
2018-05-17 00:00:00+01:00,149.4739990234375,148.99263088487524,149.54078841463183,0.2842085336103537,-0.4747941519365213,146.46924863217833,149.80628603980654,153.14332344743474,4.455136691315455,-0.5481575297565939,-0.04122179033118056,-0.5069357394254134,149.19537548258674,149.57044384252632,25.30827048911104
2018-05-18 00:00:00+01:00,149.72999572753906,149.10607162990044,149.55480377114347,0.4421902474112187,-0.4388064566903438,146.55248161492744,149.67819068545387,152.8038997559803,4.176572493577304,-0.4487321412430276,0.04656287854590857,-0.4952950197889362,149.19537548258674,149.57044384252632,25.30827048911104
2018-05-21 00:00:00+01:00,149.41000366210938,149.15283040408644,149.54407783714095,0.06392387184342851,-0.554072343976884,146.54795742083172,149.58723813011534,152.62651883939895,4.0635561526177275,-0.3912474330545024,0.08323806938754708,-0.47448550244204946,147.9869194297974,148.99895291133953,28.154984734833636
2018-05-22 00:00:00+01:00,149.0500030517578,149.1370108114205,149.50747970489036,0.19451614471901735,-0.7574797048903577,146.516656655159,149.49266706194197,152.46867746872493,3.9814801157435475,-0.3704688934698481,0.08321328717776105,-0.4536821806476092,147.9869194297974,148.99895291133953,28.154984734833636
2018-05-23 00:00:00+01:00,148.81100463867188,149.08685601561302,149.45588895924453,-0.521883221939845,-3.49188444264297,146.52401094558624,149.36095319475447,152.1978954439227,3.79877362655699,-0.3690329436315096,0.06771938961287965,-0.4367523332443893,147.9869194297974,148.99895291133953,28.154984734833636
2018-05-24 00:00:00+01:00,146.89100646972656,148.74903300855357,149.26589766372467,-2.03590193618561,-3.5368937574746724,146.39562291285458,149.1050008138021,151.8143787147496,3.634187835632564,-0.5168646551711049,-0.06408985754137253,-0.4527747976297324,147.9869194297974,148.99895291133953,28.154984734833636
2018-05-25 00:00:00+01:00,146.2830047607422,148.3696440473518,149.04494263387411,-2.3579461739131773,-3.73393799520224,146.27776629567802,148.81290544782365,151.34804459996928,3.407149594340116,-0.6752985865223025,-0.17801903111405604,-0.4972795554082464,147.9869194297974,148.99895291133953,28.154984734833636
2018-05-28 00:00:00+01:00,145.88400268554688,147.9872376839972,148.81079893399803,-2.6577990560683418,-3.4897997884902168,146.14984246980208,148.51485770089286,150.87987293198364,3.184887044572863,-0.8235612500008358,-0.2610253556740715,-0.5625358943267643,147.394615191154,148.60053202598633,32.81295831893587
2018-05-29 00:00:00+01:00,145.62899780273438,147.6244315484183,148.57510996131182,-2.9591126468586992,-5.317114355843074,145.76084774425954,148.29561941964286,150.8303910950262,3.4185388419471763,-0.9506784128935237,-0.31051401485340757,-0.6401643980401162,147.394615191154,148.60053202598633,32.81295831893587
2018-05-30 00:00:00+01:00,143.64599609375,147.0123645553924,148.2099904155665,-3.167982969277432,-4.5759877300196194,144.94620434085644,147.96561904180618,150.98503374275592,4.0812382234505895,-1.1976258601740994,-0.4459691697071866,-0.7516566904669129,147.394615191154,148.60053202598633,32.81295831893587
2018-05-31 00:00:00+01:00,144.3939971923828,146.60953880723707,147.92732425088622,-2.618318513581528,-3.7943286454174654,144.42953541202542,147.7201429094587,151.010750406892,4.45519132681882,-1.317785443649143,-0.4529030025457841,-0.8648824411033589,147.394615191154,148.60053202598633,32.81295831893587
2018-06-01 00:00:00+01:00,144.51800537109375,146.28776443244578,147.67478211164232,-1.4307788157438779,-3.1747821116423154,144.00362917010963,147.5037623814174,151.00389559272517,4.745822282494833,-1.387017679196532,-0.41770819047453855,-0.9693094887219935,147.394615191154,148.60053202598633,32.81295831893587
2018-06-04 00:00:00+01:00,146.35000610351562,146.29734007414885,147.57665055548478,-0.7006434754066504,-1.699651654117588,143.8982697312462,147.42233421688988,150.94639870253357,4.780909899932851,-1.2793104813359264,-0.2480007940911464,-1.03130968724478,147.26974488492297,148.37474234691126,31.33881032992802
2018-06-05 00:00:00+01:00,146.4149932861328,146.31544056830023,147.49060186886612,-0.551606507537997,-1.4106000378114345,143.81408777972064,147.3613811674572,150.90867455519378,4.8144138710338655,-1.1751613005658896,-0.11508129065688766,-1.060080009909002,147.26974488492297,148.37474234691126,31.33881032992802
2018-06-06 00:00:00+01:00,147.27000427246094,146.4622965227865,147.47426130616944,0.509732224103999,-0.274264357927251,143.79375517535587,147.33528645833334,150.87681774131082,4.807444799014966,-1.0119647833829504,0.03849218122084119,-1.0504569646037916,147.26974488492297,148.37474234691126,31.33881032992802
2018-06-07 00:00:00+01:00,147.79600524902344,146.6674824806691,147.4980941908253,0.6089004380809513,-0.4320999281299862,143.79512279275457,147.33795311337425,150.88078343399394,4.80912113376997,-0.8306117101562052,0.1758762035580692,-1.0064879137142744,147.26974488492297,148.37474234691126,31.33881032992802
2018-06-08 00:00:00+01:00,147.16400146484375,146.74387001669595,147.47334658149333,-0.05934511664958109,-1.3593481684073936,143.77572120936995,147.26290530250185,150.75008939563375,4.735997956808825,-0.7294765647973804,0.22160907913351513,-0.9510856439308956,147.26974488492297,148.37474234691126,31.33881032992802
2018-06-11 00:00:00+01:00,146.7790069580078,146.7492756999747,147.4219140167907,0.416083419732729,-0.721917068548521,143.72821059641151,147.20685831705728,150.68550603770305,4.726203331034186,-0.6726383168160055,0.22275786169191203,-0.8953961785079175,147.0864969968497,148.13835075745297,30.11035367242148
2018-06-12 00:00:00+01:00,147.61300659179688,146.88215737563965,147.43606902234671,0.5159268272626605,-0.3370699989092145,143.72292888745082,147.18114435105096,150.6393598146511,4.6992642690040975,-0.5539116467070642,0.27318762544068265,-0.8270992721477468,147.0864969968497,148.13835075745297,30.11035367242148
2018-06-13 00:00:00+01:00,147.697998046875,147.00767132506047,147.45547117231177,0.4315222358913502,-0.1884728812961498,143.73807085531388,147.12809680757067,150.51812275982746,4.608264533851231,-0.4477998472513036,0.30343953991715455,-0.7512393871684582,147.0864969968497,148.13835075745297,30.11035367242148
2018-06-14 00:00:00+01:00,147.5,147.08341419812808,147.45876960399238,0.36923332569512013,-0.6297748530158174,143.75861907052172,147.06214468819755,150.36567030587338,4.492693377592167,-0.3753554058642976,0.3007071850433285,-0.6760625909076261,147.0864969968497,148.13835075745297,30.11035367242148
2018-06-15 00:00:00+01:00,146.65899658203125,147.01811918026704,147.3995271579212,-0.33652361788213625,-1.1055208102649488,143.80329996081565,146.92809695289247,150.0528939449693,4.253505023043598,-0.38140797765416323,0.23572369060277032,-0.6171316682569336,147.0864969968497,148.13835075745297,30.11035367242148
2018-06-18 00:00:00+01:00,146.84300231933594,146.99117812473918,147.35830309580376,-0.5093040723662625,-1.252300288186575,143.92796887041513,146.7906210763114,149.65327328220766,3.900320313254991,-0.36712497106458386,0.20000535775387973,-0.5671303288184636,146.65099759099874,147.8014433320021,32.009267751364334
2018-06-19 00:00:00+01:00,146.00900268554688,146.84007421101728,147.25835491726622,-1.1113517434380924,-2.8483512551568424,144.0020088294299,146.62866864885603,149.25532846828216,3.582737050851094,-0.418280706248936,0.11907969805562213,-0.5373604043045581,146.65099759099874,147.8014433320021,32.009267751364334
2018-06-20 00:00:00+01:00,144.98699951171875,146.55498579574058,147.09010636870715,-1.5881074673399667,-2.5011018521055917,143.95603472858326,146.43519228980654,148.9143498510298,3.3860133243337174,-0.5351205729665764,0.0017918650703853123,-0.5369124380369618,146.65099759099874,147.8014433320021,32.009267751364334
2018-06-21 00:00:00+01:00,145.33999633789062,146.36806434068674,146.96046858864668,-0.7834666355216768,-2.347461996849802,143.99168937472805,146.26990618024553,148.548122985763,3.1150861650380386,-0.5924042479599336,-0.04439344793837752,-0.5480108000215561,146.65099759099874,147.8014433320021,32.009267751364334
2018-06-22 00:00:00+01:00,145.65199279785156,146.25789948794286,146.8635444559952,-0.23753737591707136,-1.2755470194717589,143.93591203750373,146.21090552920387,148.48589902090401,3.1119340701241214,-0.6056449680523315,-0.04610733442462034,-0.5595376336277111,146.65099759099874,147.8014433320021,32.009267751364334
2018-06-25 00:00:00+01:00,145.78700256347656,146.18545380725575,146.78380061210493,-0.9938073259721136,-2.1138024431596136,143.90548858711506,146.18728637695312,148.4690841667912,3.1217458732414074,-0.5983468048491716,-0.031047336977168327,-0.5672994678720032,146.5106636365122,147.5769508170788,34.39349166561015
2018-06-26 00:00:00+01:00,145.572998046875,146.09122984412025,146.694111533199,-1.0201155615193045,-1.703114218745867,143.8789902318001,146.17247663225447,148.46596303270886,3.1380550611103244,-0.6028816890787425,-0.02846577696539143,-0.5744159121133511,146.5106636365122,147.5769508170788,34.39349166561015
2018-06-27 00:00:00+01:00,145.55499267578125,146.00873181822195,146.60973235857546,-0.9837252784973316,-1.8027255226379566,143.87191200996276,146.16895257859002,148.4659931472173,3.1429938138090265,-0.6010005403535104,-0.021267702592127402,-0.579732837761383,146.5106636365122,147.5769508170788,34.39349166561015
2018-06-28 00:00:00+01:00,144.60000610351562,145.79200478519022,146.46086374708955,-1.8238703388864224,-2.660860695331735,144.08727675033012,146.2143816266741,148.3414865030181,2.9095699789300906,-0.6688589618993319,-0.07130089931035921,-0.5975580625889727,146.5106636365122,147.5769508170788,34.39349166561015
2018-06-29 00:00:00+01:00,144.44700622558594,145.58508192986648,146.31168911586707,-0.002683378562380767,-1.9646889937967558,144.0983393215115,146.21690586635046,148.33547241118941,2.897840755535384,-0.7266071860005923,-0.1032392987292956,-0.6233678872712967,146.5106636365122,147.5769508170788,34.39349166561015
2018-07-02 00:00:00+01:00,146.21499633789062,145.68199183879327,146.30452668786882,0.17447721838118468,-1.1125253450953778,144.31972605699576,146.29771496000745,148.27570386301915,2.704059873460639,-0.6225348490755493,0.0006664305565978745,-0.6232012796321472,146.63377738527896,147.4773871121836,34.31811548156157
2018-07-03 00:00:00+01:00,145.7030029296875,145.68522431431546,146.25996937244798,0.11202464610670404,-0.943975109752671,144.2730420999364,146.26690528506325,148.2607684701901,2.726335367855039,-0.5747450581325211,0.038764977199700956,-0.613510035332222,146.63377738527896,147.4773871121836,34.31811548156157
2018-07-04 00:00:00+01:00,145.66799926757812,145.6825743071251,146.21611973505023,-0.09441563348772775,-0.6421146080971027,144.22270933171083,146.23133414132255,148.23995895093427,2.747187969536706,-0.5335454279251337,0.06397168592567071,-0.5975171138508044,146.63377738527896,147.4773871121836,34.31811548156157
2018-07-05 00:00:00+01:00,146.18099975585938,145.7592551453919,146.21351825511016,0.6394785710617157,-0.3795186213210968,144.2252999844757,146.17947678338913,148.13365358230257,2.673667797852587,-0.454263109718255,0.11460320330603957,-0.5688663130242946,146.63377738527896,147.4773871121836,34.31811548156157
2018-07-06 00:00:00+01:00,146.1959991455078,145.82644653002512,146.21222054328777,0.4437853160872294,-0.08221566047527062,144.28727576045938,146.10328601655505,147.9192962726507,2.4859266421836574,-0.3857740132626475,0.14647383980931772,-0.5322478530719652,146.63377738527896,147.4773871121836,34.31811548156157
2018-07-09 00:00:00+01:00,146.80299377441406,145.9766845676234,146.2559815233712,1.3420256787772473,0.06701652350380982,144.30405743090137,146.08609517415366,147.86813291740594,2.4397089142917645,-0.2792969557477818,0.20236071785934673,-0.4816576736071285,147.3025180534021,147.64347458039288,28.78696974258771
2018-07-10 00:00:00+01:00,147.05099487304688,146.1419630761501,146.31487140112495,1.4431242043438033,0.5951322609844283,144.29325791977539,146.0990469796317,147.90483603948803,2.472006624530653,-0.17290832497485553,0.24699947890581841,-0.41990780388067395,147.3025180534021,147.64347458039288,28.78696974258771
2018-07-11 00:00:00+01:00,146.90899658203125,146.25996823090105,146.35888067378468,1.3331206689887551,0.43912347660594264,144.34949558777973,146.06552269345238,147.78154979912503,2.3496675656637693,-0.09891244288363055,0.2567962887976347,-0.35570873168126527,147.3025180534021,147.64347458039288,28.78696974258771
2018-07-12 00:00:00+01:00,147.85000610351562,146.50458944207253,146.4693344093203,2.406672670757814,1.401667787945314,144.32820570444494,146.07276117234002,147.8173166402351,2.38861161231397,0.035255032752218085,0.31277101154678666,-0.2775159787945686,147.3025180534021,147.64347458039288,28.78696974258771
2018-07-13 00:00:00+01:00,148.4770050048828,146.8080379901972,146.61805074973236,2.0429447336660758,1.0419529123770133,144.183351294934,146.11928522019159,148.05521914544917,2.6497993366724577,0.18998724046483062,0.37400257540751936,-0.18401533494268874,147.3025180534021,147.64347458039288,28.78696974258771
2018-07-16 00:00:00+01:00,148.64999389648438,147.09141582193368,146.76856505689918,2.52243530931176,1.784428717514885,144.00585922265202,146.21409461611793,148.42233000958385,3.0205506511032176,0.3228507650345023,0.4054928799817528,-0.08264211494725053,146.93834760689046,147.4386934566035,25.188183339925192
2018-07-17 00:00:00+01:00,148.7270050048828,147.34304492700278,146.91363468267573,2.161362265566453,1.1863714208398903,143.86012854324954,146.3038090297154,148.74748951618128,3.3405562065298455,0.42941024432704467,0.4096418874194362,0.019768356907608503,146.93834760689046,147.4386934566035,25.188183339925192
2018-07-18 00:00:00+01:00,148.0989990234375,147.45934555722351,147.0014394486581,1.2165628706778477,-0.13144433147058976,143.84809313718793,146.40333266485305,148.95857219251818,3.4906849197409797,0.4579061085654246,0.3505102013262529,0.10739590723917172,146.93834760689046,147.4386934566035,25.188183339925192
2018-07-19 00:00:00+01:00,147.49400329589844,147.46467751701965,147.0379256595648,0.48807531699770834,-0.48293298378354166,144.00940327511756,146.52271379743303,149.0360243197485,3.4306087529747837,0.42675185745486033,0.2554847601725509,0.17126709728230943,146.93834760689046,147.4386934566035,25.188183339925192
2018-07-20 00:00:00+01:00,146.3179931640625,147.28826453964163,146.98459732656463,-0.33860123281462506,-0.9986048949240001,144.10969259060434,146.56928507486978,149.02887755913522,3.356218164002159,0.3036672130770057,0.10592009263575702,0.1977471204412487,146.93834760689046,147.4386934566035,25.188183339925192
2018-07-23 00:00:00+01:00,145.99200439453125,147.08883990193235,146.9110719241918,-0.7510682620824127,-1.2270661868871002,144.1458548420678,146.5854761032831,149.0250973644984,3.328598884512089,0.17776797774055808,-0.015983314160552486,0.19375129190111057,146.40556385055717,147.13887958250166,21.90301738156827
2018-07-24 00:00:00+01:00,146.03399658203125,146.92655631425527,146.84610338032803,-0.6461064320858441,-1.3710972768124066,144.17078186825765,146.59723772321428,149.0236935781709,3.310370498982996,0.08045293392723352,-0.09063868637910164,0.17109162030633515,146.40556385055717,147.13887958250166,21.90301738156827
2018-07-25 00:00:00+01:00,146.27000427246094,146.82554830782536,146.8034293723379,-0.311424977806638,-1.0134360862050755,144.24215385560396,146.63042849586122,149.0187031361185,3.2575430144428394,0.02211893548746957,-0.11917814785509245,0.14129708334256202,146.40556385055717,147.13887958250166,21.90301738156827
2018-07-26 00:00:00+01:00,146.29400634765625,146.7437726216455,146.7656943334726,-0.3706900610116577,-0.9446951879647827,144.32037707658853,146.6656196230934,149.01086216959825,3.198080848847538,-0.021921711827104673,-0.13057503613573335,0.10865332430862867,146.40556385055717,147.13887958250166,21.90301738156827
2018-07-27 00:00:00+01:00,145.68899536132812,146.58149919698127,146.68593885405448,-0.9819441030779217,-1.3599348257341717,144.51330626347078,146.7174762544178,148.9216462453648,3.004645454948846,-0.10443965707321468,-0.1704743851054747,0.06603472803226,146.40556385055717,147.13887958250166,21.90301738156827
2018-07-30 00:00:00+01:00,145.447998046875,146.40711440465722,146.59423953500416,-0.6762402674260386,-1.1942456385197886,144.72202421949044,146.76514253162202,148.8082608437536,2.784201039686753,-0.18712513034694211,-0.2025278867033617,0.015402756356419571,145.81371086130895,146.78046891111748,21.02197501182198
2018-07-31 00:00:00+01:00,145.7790069580078,146.3104824897881,146.53385193670815,0.4641491619246665,-1.054848030458146,144.6706912498185,146.74438113257997,148.81807101534145,2.8262613760835484,-0.22336944692006,-0.19101776262118364,-0.032351684298876346,145.81371086130895,146.78046891111748,21.02197501182198
2018-08-01 00:00:00+01:00,146.64999389648438,146.3627150138952,146.54245504483973,0.587549837972773,-0.005452481363164452,144.76779667177126,146.7894759405227,148.81115520927412,2.754528900383277,-0.17974003094451518,-0.11791067731651107,-0.06182935362800411,145.81371086130895,146.78046891111748,21.02197501182198
2018-08-02 00:00:00+01:00,146.5050048828125,146.3846057629594,146.53968095876363,0.04431867502543696,-1.5256733904042505,144.8654894488455,146.82933335077195,148.7931772526984,2.6750021363032057,-0.15507519580421558,-0.07459667374096918,-0.0804785220632464,145.81371086130895,146.78046891111748,21.02197501182198
2018-08-03 00:00:00+01:00,145.3800048828125,146.23005178139834,146.45377902721168,-0.9547861072898058,-1.9357736561179308,144.7489114511586,146.7911907377697,148.83347002438083,2.7825638259989076,-0.22372724581333614,-0.1145989790000718,-0.10912826681326435,145.81371086130895,146.78046891111748,21.02197501182198
2018-08-06 00:00:00+01:00,144.6269989013672,145.98342826139356,146.31846198085282,-1.6004596615168794,-2.270457830462192,144.48640080147527,146.7164764404297,148.9465520793841,3.039979821025596,-0.3350337194592612,-0.1807243621167975,-0.1543093573424637,144.38913833625023,146.03182953611966,26.006155352892563
2018-08-07 00:00:00+01:00,144.09100341796875,145.69228597778974,146.1534650502688,-1.7274701772219316,-2.353461998510994,144.0937274931386,146.58733404250373,149.08094059186885,3.4022128387191923,-0.4611790724790694,-0.24549577210928458,-0.21568330036978484,144.38913833625023,146.03182953611966,26.006155352892563
2018-08-08 00:00:00+01:00,144.12100219726562,145.45055001155526,146.00291224634265,-1.7429177395067086,-3.2509133449754586,143.7537644051786,146.44781058175224,149.14185675832587,3.679189420274366,-0.5523622347873811,-0.269343147534077,-0.2830190872533041,144.38913833625023,146.03182953611966,26.006155352892563
2018-08-09 00:00:00+01:00,142.8000030517578,145.0427735562018,145.76565971341043,-2.2926525112619913,-3.398655318879179,143.15395087387432,146.2521442231678,149.35033757246126,4.236783488884647,-0.7228861572086203,-0.3518936559642529,-0.37099250124436733,144.38913833625023,146.03182953611966,26.006155352892563
2018-08-10 00:00:00+01:00,142.49099731445312,144.6501925959328,145.5230921283025,-3.0380915179509316,-4.525091029669682,142.59893699148637,145.99695332845053,149.3949696654147,4.6549140368972175,-0.8728995323697006,-0.40152562490026666,-0.471373907469434,144.38913833625023,146.03182953611966,26.006155352892563
2018-08-13 00:00:00+01:00,141.14300537109375,144.11062533057293,145.19864125739815,-3.3866447974372136,-4.925646262280964,141.8562952023643,145.64771525065103,149.43913529893777,5.206288394928723,-1.0880159268252214,-0.49331361548462993,-0.5947023113405915,143.1994279989064,145.2872835058481,31.242608645905253
2018-08-14 00:00:00+01:00,141.21800231933594,143.66560640576725,144.903779113838,-2.505784118720811,-3.805771911689561,141.30701096134993,145.29381088983445,149.28061081831896,5.4879143221143964,-1.2381727080707492,-0.5147763173841262,-0.723396390686623,143.1994279989064,145.2872835058481,31.242608645905253
2018-08-15 00:00:00+01:00,141.4720001220703,143.32812851596773,144.64957326259594,-2.901572163963124,-4.739569600486561,140.95406489672823,144.9483344668434,148.94260403695856,5.511301091947138,-1.3214447466282024,-0.47843868475326357,-0.8430060618749389,143.1994279989064,145.2872835058481,31.242608645905253
2018-08-16 00:00:00+01:00,140.34800720214844,142.86964831384168,144.33093873959982,-3.192938251318566,-4.120932025732628,140.39002519055668,144.57923961821058,148.76845404586447,5.795042827333059,-1.4612904257581363,-0.4946274911065579,-0.9666629346515784,143.1994279989064,145.2872835058481,31.242608645905253
2018-08-17 00:00:00+01:00,141.0800018310547,142.5943180857206,144.0901285982261,-2.938135800374539,-3.830134091390164,140.04410277979778,144.27381097702752,148.50351917425726,5.863445581129384,-1.4958105125055,-0.4233180622831372,-1.0724924502223627,143.1994279989064,145.2872835058481,31.242608645905253
2018-08-20 00:00:00+01:00,140.8000030517578,142.3182696189571,143.84641559478402,-2.6474104678308947,-3.1164198672449572,139.63876647989582,144.01104954310827,148.38333260632072,6.072149431705448,-1.5281459758269307,-0.36452282048365436,-1.1636231553432763,143.08295403377613,144.9391010198006,32.843155744591854
2018-08-21 00:00:00+01:00,140.77200317382812,142.08038247355265,143.61868134137987,-1.4596847593486189,-2.9516738950908064,139.27687767687405,143.7624780564081,148.24807843594215,6.240293629014983,-1.5382988678272227,-0.29974056998715715,-1.2385582978400655,143.08295403377613,144.9391010198006,32.843155744591854
2018-08-22 00:00:00+01:00,142.11000061035156,142.08493910998325,143.50692721315556,-0.729934415304001,-1.5029294104211885,139.15767359895403,143.57562110537575,147.99356861179746,6.154175022762685,-1.4219881031723105,-0.146743844265796,-1.2752442589065145,143.08295403377613,144.9391010198006,32.843155744591854
2018-08-23 00:00:00+01:00,142.6909942626953,142.17817836424663,143.44648773534368,-0.45149261815618047,-1.0024874912030555,139.14275898013338,143.40519205729166,147.66762513444993,5.944600772132989,-1.2683093710970468,0.005547910247574173,-1.273857281344621,143.08295403377613,144.9391010198006,32.843155744591854
2018-08-24 00:00:00+01:00,142.63699340820312,142.2487652940861,143.38652519259253,-0.18253044161596677,-0.8765306857565918,139.1604385011125,143.23104858398438,147.30165866685624,5.683977214598188,-1.137759898506431,0.10887790627055205,-1.246637804776983,143.08295403377613,144.9391010198006,32.843155744591854
2018-08-27 00:00:00+01:00,143.10000610351562,142.37972541861373,143.3653015563646,-0.1573090026536761,-0.8353027770677386,139.1883784792596,143.1077633812314,147.0271482832032,5.477529393748912,-0.9855761377508827,0.20884933362088032,-1.194425471371763,143.33863805702262,144.7835160317599,27.639010833307637
2018-08-28 00:00:00+01:00,143.3249969482422,142.52515180778735,143.36231602983702,0.27869043988954445,-0.30631627397764305,139.22691875997285,143.0066680908203,146.78641742166778,5.286116208856823,-0.8371642220496653,0.28580899945767824,-1.1229732215073436,143.33863805702262,144.7835160317599,27.639010833307637
2018-08-29 00:00:00+01:00,143.02499389648438,142.60205059066382,143.33732920514424,2.138668719660444,-0.5023224912770559,139.30427823843388,142.87552461170014,146.4467709849664,4.999101676752565,-0.7352786144804213,0.3101556856215377,-1.045434300101959,143.33863805702262,144.7835160317599,27.639010833307637
2018-08-30 00:00:00+01:00,145.61500549316406,143.0655821141254,143.5060459672198,2.1599543989911467,0.8689540327802092,139.44098906136563,142.82623944963728,146.21148983790894,4.740375999979119,-0.44046385309439984,0.4839763576060474,-0.9244402107004472,143.33863805702262,144.7835160317599,27.639010833307637
2018-08-31 00:00:00+01:00,144.4080047607422,143.27210867514336,143.57285772970292,1.06714165994552,-0.052853457241980095,139.67370675510773,142.72638230096726,145.7790578468268,4.277661209715733,-0.30074905455956014,0.4989529249127097,-0.7997019794722698,143.33863805702262,144.7835160317599,27.639010833307637
2018-09-03 00:00:00+01:00,143.61700439453125,143.3251695550492,143.57612785302354,0.04786506689833914,-0.7291277309532234,139.79630190996124,142.6424298967634,145.48855788356553,3.9905769817045504,-0.25095829797433566,0.43899494519834736,-0.689953243172683,143.35909000350986,144.5858700124348,23.302223407237452
2018-09-04 00:00:00+01:00,142.94700622558594,143.26699058128563,143.52952625099113,-0.2945256406395629,-0.9355321103661254,139.85275841534656,142.56243024553572,145.2721020757249,3.801382770372656,-0.2625356697054997,0.3419340587737467,-0.6044697284792464,143.35909000350986,144.5858700124348,23.302223407237452
2018-09-05 00:00:00+01:00,143.30499267578125,143.27283705736187,143.5128941343089,1.4211116029957793,-0.7798924253245332,139.87987515597817,142.5250011625744,145.17012716917063,3.711806328742289,-0.24005707694703915,0.2915301212257658,-0.531587198172805,143.35909000350986,144.5858700124348,23.302223407237452
2018-09-06 00:00:00+01:00,143.9149932861328,143.37163032332663,143.54267925666625,0.6713252599353154,-0.28268474983030956,139.8923803370991,142.51519121442522,145.13800209175133,3.6807456874964206,-0.17104893333961968,0.2884306118665482,-0.4594795452061679,143.35909000350986,144.5858700124348,23.302223407237452
2018-09-07 00:00:00+01:00,142.80599975585938,143.28461023602398,143.48811040475462,0.8638946001281909,-0.8781097944030591,139.89254061879717,142.5154767717634,145.1384129247296,3.680914118775767,-0.20350016873064192,0.20478350118042077,-0.4082836699110627,143.35909000350986,144.5858700124348,23.302223407237452
2018-09-10 00:00:00+01:00,143.3800048828125,143.2992863355299,143.48010258831445,1.5348968013339856,-0.40809636272851435,139.9092495457227,142.55781046549478,145.20637138526686,3.7157710421108745,-0.1808162527845525,0.18197393370120818,-0.36279018648576067,144.38272422760033,144.84931610719858,23.388705813170425
2018-09-11 00:00:00+01:00,144.7779998779297,143.52678072666833,143.57624312828594,2.260762486948437,0.8807576041359368,140.00094951185227,142.7309054420108,145.46086137216932,3.825318590538418,-0.04946240161760329,0.2506622278945259,-0.3001246295121292,144.38272422760033,144.84931610719858,23.388705813170425
2018-09-12 00:00:00+01:00,145.24899291992188,143.79173644870735,143.70015052025897,1.6658467941941524,0.9978475266160274,140.08083951419775,142.92285737537202,145.7648752365463,3.9769955812036497,0.09158592844838154,0.3133684463684086,-0.22178251792002707,144.38272422760033,144.84931610719858,23.388705813170425
2018-09-13 00:00:00+01:00,145.0850067138672,143.9907011048858,143.80273246052624,2.901262290450319,1.1972675394737564,140.1883319150901,143.09490530831474,146.00147870153938,4.062441478209297,0.1879686443595574,0.3278009298236676,-0.13983228546411017,144.38272422760033,144.84931610719858,23.388705813170425
2018-09-14 00:00:00+01:00,146.85699462890625,144.4316693393505,144.02897410262847,2.95501942764497,2.3210320008871577,140.3515752879827,143.4048570905413,146.45813889309989,4.258268324385751,0.4026952367220247,0.43402201774890786,-0.03132678102688319,144.38272422760033,144.84931610719858,23.388705813170425
2018-09-17 00:00:00+01:00,146.34800720214844,144.72649054901171,144.20075433222254,3.1352442029337055,2.089238953910268,140.54264086639301,143.6557144891648,146.7687881119366,4.334075583198044,0.5257362167891699,0.4456503982528425,0.08008581853632743,145.28514826436376,145.16941328301172,27.08210183693821
2018-09-18 00:00:00+01:00,146.8249969482422,145.04933768735486,144.39514267414992,3.5108631852250767,2.396864772139139,140.8246339715284,143.94261896042596,147.0606039493235,4.332261023755268,0.6541950132049408,0.45928735573489066,0.1949076574700501,145.28514826436376,145.16941328301172,27.08210183693821
2018-09-19 00:00:00+01:00,147.83799743652344,145.47836226415004,144.65016895284427,3.8228382493041693,2.6838306809447943,141.07840323644368,144.27909487769716,147.47978651895065,4.436805822723874,0.8281933113057676,0.506628523068574,0.3215647882371936,145.28514826436376,145.16941328301172,27.08210183693821
2018-09-20 00:00:00+01:00,147.593994140625,145.80384409130002,144.86823007786506,4.261774804947436,2.4877727297521233,141.19830400316076,144.5402374267578,147.88217085035487,4.6242257285491135,0.9356140134349573,0.491239380158211,0.4443746332767463,145.28514826436376,145.16941328301172,27.08210183693821
2018-09-21 00:00:00+01:00,149.28399658203125,146.33925216679714,145.19532389298848,4.511676839433392,1.8186836753708917,141.05824255713412,144.85418991815476,148.6501372791754,5.2410598038833625,1.1439282738086547,0.5596429124255267,0.584285361383128,145.28514826436376,145.16941328301172,27.08210183693821
2018-09-24 00:00:00+01:00,147.17100524902344,146.46721417944732,145.34167066010218,2.9333232363821935,1.6193278750540685,141.28739926552916,145.0700952439081,148.85279122228704,5.214990687114455,1.1255435193451433,0.43300652636961223,0.6925369929755311,146.22009762220605,145.5866394337087,30.159931856744702
2018-09-25 00:00:00+01:00,147.93600463867188,146.69318194240495,145.53384354740365,3.1481632885338513,2.256149738729164,141.4375009872291,145.30038088843935,149.1632607896496,5.317095354589803,1.1593383950012992,0.3734411216206145,0.7858972733806847,146.22009762220605,145.5866394337087,30.159931856744702
2018-09-26 00:00:00+01:00,148.8699951171875,147.02807627698687,145.78096588590617,3.267038264484455,2.559030451984455,141.5237889874242,145.5644284202939,149.60506785316358,5.551685225188375,1.247110391080696,0.36897049416000904,0.878139896920687,146.22009762220605,145.5866394337087,30.159931856744702
2018-09-27 00:00:00+01:00,148.43899536132812,147.2451407515009,145.97785695815963,2.744143163910678,1.6361414549263031,141.77174356386604,145.82223801385788,149.87273246384973,5.555386483105431,1.267283793341278,0.31131511713647275,0.9559686762048052,146.22009762220605,145.5866394337087,30.159931856744702
2018-09-28 00:00:00+01:00,148.21099853515625,147.39373425667867,146.14327485275197,2.4617208747870905,1.412724903107403,141.77163947354697,145.94585673014322,150.12007398673947,5.720227144665657,1.2504594039266976,0.235592582177514,1.0148668217491836,146.22009762220605,145.5866394337087,30.159931856744702
2018-10-01 00:00:00+01:00,148.36099243164062,147.5425432066728,146.30755022896594,2.8574430571668756,1.9654447661512506,141.898187359937,146.13409423828125,150.3700011166255,5.797287621925282,1.2349929777068667,0.17610092476614647,1.0588920529407202,147.22673357919206,146.10854887077377,32.98021189016466
2018-10-02 00:00:00+01:00,148.61500549316406,147.70753740459455,146.47847284112876,2.202526914730612,0.7155274030118619,142.16711046682073,146.3720942905971,150.57707811437345,5.745608606826481,1.2290645634657835,0.13613800842005075,1.0929265550457328,147.22673357919206,146.10854887077377,32.98021189016466
2018-10-03 00:00:00+01:00,147.41200256347656,147.662070505961,146.5476231909323,1.9573816918801867,0.7003779077004992,142.65120012104313,146.58471316382997,150.51822620661682,5.366880294523703,1.1144473150286842,0.017216607986361154,1.097230707042323,147.22673357919206,146.10854887077377,32.98021189016466
2018-10-04 00:00:00+01:00,148.14300537109375,147.7360604852122,146.66579964872204,1.9322075534263945,1.0442070651451445,143.11727361895638,146.81509472074964,150.5129158225429,5.037385438911067,1.0702608364901494,-0.021575896441738962,1.0918367329318883,147.22673357919206,146.10854887077377,32.98021189016466
2018-10-05 00:00:00+01:00,148.33200073242188,147.82774360016754,146.78922195121834,2.2887809784691626,1.3107841522972876,143.51356430507556,147.02542840866815,150.53729251226073,4.77722002459479,1.0385216489491995,-0.042652067186151,1.0811737161353505,147.22673357919206,146.10854887077377,32.98021189016466
2018-10-08 00:00:00+01:00,149.26499938964844,148.0488598754723,146.97261287258354,2.5193915219477105,0.550382122533648,144.24771242338977,147.33299981980096,150.41828721621215,4.188182416953054,1.0762470028887492,-0.0039413705972810575,1.0801883734860303,147.32115388840668,146.30875539021122,35.704812469866475
2018-10-09 00:00:00+01:00,148.06900024414062,148.05195839372897,147.05382675195813,1.6591706845653107,0.3021760556590607,145.01732098809202,147.55628531319755,150.09524963830307,3.4413502884223637,0.9981316417708399,-0.06564538537215237,1.0637770271429923,147.32115388840668,146.30875539021122,35.704812469866475
2018-10-10 00:00:00+01:00,148.65699768066406,148.14504136094976,147.1725801540845,2.1184202121264377,1.3674131320483127,145.48924986617294,147.74099949428015,149.99274912238735,3.048239332094654,0.9724612068652618,-0.07305265622218426,1.045513863087446,147.32115388840668,146.30875539021122,35.704812469866475
2018-10-11 00:00:00+01:00,148.03399658203125,148.12795754880844,147.23638877837686,1.5186161044356368,0.6446079257246993,145.9156858149015,147.87361871628534,149.83155161766916,2.6481165719496933,0.8915687704315758,-0.1231560741246962,1.014724844556272,147.32115388840668,146.30875539021122,35.704812469866475
2018-10-12 00:00:00+01:00,148.32200622558594,148.15781119138958,147.31680488557754,1.6582012179380854,0.007200241375585392,146.51265566208443,148.0277615501767,149.54286743826898,2.0470564064818424,0.8410063058120443,-0.13897483099538221,0.9799811368074265,147.32115388840668,146.30875539021122,35.704812469866475
2018-10-15 00:00:00+01:00,147.0070037841797,147.98076389797268,147.29385665584437,0.11913772892125962,-0.7778501861178029,146.54067496378906,148.03490484328498,149.5291347227809,2.018753456933368,0.6869072421283136,-0.23445911574329037,0.9213663578716039,147.23410177846904,146.41607569998015,32.91064746985945
2018-10-16 00:00:00+01:00,147.11099243164062,147.84695290315236,147.2803111577552,1.111687133260432,-0.2003093267005056,146.71182130797044,148.0712374732608,149.43065363855115,1.8361650628277395,0.5666417453971633,-0.2837796899795525,0.8504214353767158,147.23410177846904,146.41607569998015,32.91064746985945
2018-10-17 00:00:00+01:00,148.13900756835938,147.8918843901073,147.34391829928143,0.8960871938826358,-0.2809147592423642,146.89389222266934,148.1338094075521,149.37372659243485,1.6740502250521931,0.5479660908258666,-0.24196427564067935,0.7899303664665459,147.23410177846904,146.41607569998015,32.91064746985945
2018-10-18 00:00:00+01:00,147.55499267578125,147.84005489559559,147.3595534382814,0.3544510783201531,-0.9345503865235969,146.8618356263768,148.1203329903739,149.378830354371,1.6992904871188506,0.48050145731417615,-0.24754312732189576,0.7280445846360719,147.23410177846904,146.41607569998015,32.91064746985945
2018-10-19 00:00:00+01:00,146.0570068359375,147.56573980949435,147.26306850477445,-0.2550728993057021,-1.203070946180702,146.5238120374817,148.0471431187221,149.5704741999625,2.05790000286437,0.3026713047198939,-0.3402986239329424,0.6429699286528363,147.23410177846904,146.41607569998015,32.91064746985945
2018-10-22 00:00:00+01:00,146.9510040283203,147.47116507392911,147.2399526176297,0.33005470658903846,-1.1789479789578365,146.44989928472185,147.93604823521204,149.42219718570223,2.009177571280363,0.2312124562994029,-0.3294059778827467,0.5606184341821496,145.8993997614924,145.96092141820284,31.972352470252115
2018-10-23 00:00:00+01:00,146.18600463867188,147.27344808388955,147.16188239696618,-0.7918872797786776,-1.8338794672786776,146.25460469979382,147.88914344424293,149.52368218869205,2.2104918675999627,0.11156568692337032,-0.35924219780702343,0.47080788473039376,145.8993997614924,145.96092141820284,31.972352470252115
2018-10-24 00:00:00+01:00,145.93899536132812,147.06814766503393,147.0712981721041,-0.7763000031587808,-2.081292678940031,145.96114798631638,147.79404776436942,149.62694754242247,2.48034316101183,-0.003150507070159847,-0.3791667134404429,0.37601620637028305,145.8993997614924,145.96092141820284,31.972352470252115
2018-10-25 00:00:00+01:00,144.33700561523438,146.64797196506478,146.86875798270634,-1.8507526116125916,-2.772764940714154,145.29148043742887,147.57819112141928,149.8649018054097,3.0989818571621144,-0.22078601764155792,-0.4774417792094728,0.25665576156791486,145.8993997614924,145.96092141820284,31.972352470252115
2018-10-26 00:00:00+01:00,144.072998046875,146.25182213149714,146.66166465412624,-2.536664654126241,-3.8916603816653037,144.67672542879885,147.3702864873977,150.06384754599654,3.655500878501969,-0.4098425226291056,-0.5331986273576164,0.12335610472851077,145.8993997614924,145.96092141820284,31.972352470252115
2018-10-29 00:00:00+00:00,143.58200073242188,145.84108037779325,146.43354140066666,-2.0625392034010304,-3.0765467717604054,144.04183084042387,147.14985802060082,150.25788520077776,4.224301976209622,-0.5924610228734082,-0.5726537020815352,-0.01980732079187303,146.22626813526577,146.0922190560042,31.190439970579337
2018-10-30 00:00:00+00:00,143.79200744628906,145.52583838833107,146.2378722188609,-1.8628722188609004,-2.705874538196838,143.56498346549034,146.93228730701264,150.29959114853494,4.58347706040453,-0.7120338305298333,-0.5537812077903682,-0.15825262273946508,146.22626813526577,146.0922190560042,31.190439970579337
2018-10-31 00:00:00+00:00,143.6699981689453,145.24032450842557,146.04765932627456,-0.9416565186573678,-2.4276642090870553,143.1464944488996,146.69681076776413,150.24712708662867,4.840345608446854,-0.8073348178489823,-0.5192657560876137,-0.28806906176136854,146.22626813526577,146.0922190560042,31.190439970579337
2018-11-01 00:00:00+00:00,144.0970001220703,145.0644284489863,145.90316605188906,0.41684127232969104,-1.872160192514059,142.83826798140802,146.53895350864954,150.23963903589106,5.0507874372435495,-0.8387376029027678,-0.4405348329131194,-0.3982027699896484,146.22626813526577,146.0922190560042,31.190439970579337
2018-11-02 00:00:00+00:00,146.5399932861328,145.2914384239319,145.95033843961082,1.2786654666391826,0.36966888460793257,142.83196205147993,146.4626195998419,150.09327714820387,4.957794088732639,-0.6589000156789098,-0.2085577965514091,-0.45034221912750066,146.22626813526577,146.0922190560042,31.190439970579337
2018-11-05 00:00:00+00:00,147.13600158691406,145.57521737208302,146.03816533941105,1.4628417406670735,0.8378417406670735,142.85750791765918,146.40566725957962,149.95382660150005,4.847024583590053,-0.46294796732803434,-0.010084598560426927,-0.4528633687676074,146.72084766146625,146.32333157855606,27.309089314008496
2018-11-06 00:00:00+00:00,147.85400390625,145.925799915801,146.17267189991765,2.1813320063323545,1.1333278559417295,142.96006864077776,146.3384769984654,149.71688535615306,4.6172523139257144,-0.24687198411663758,0.16479310772077588,-0.41166509183741345,146.72084766146625,146.32333157855606,27.309089314008496
2018-11-07 00:00:00+00:00,148.63900756835938,146.34321647773305,146.35536343091334,2.864637789789782,2.0036300993600946,142.9234756821576,146.36562020438058,149.80776472660355,4.703487769076464,-0.012146953180291575,0.3196145109256975,-0.33176146410598906,146.72084766146625,146.32333157855606,27.309089314008496
2018-11-08 00:00:00+00:00,149.06500244140625,146.76195277983663,146.5560774316906,2.9189286718250287,2.2119279394031537,142.88723442036954,146.38504900251115,149.88286358465277,4.778923265697184,0.20587534814603714,0.43010944980162097,-0.22423410165558383,146.72084766146625,146.32333157855606,27.309089314008496
2018-11-09 00:00:00+00:00,148.88400268554688,147.08842199609975,146.72851633938365,2.231490374483542,0.8854820737022919,142.83390701036495,146.42552548363096,150.01714395689697,4.905727278632877,0.3599056567161085,0.4673118066973539,-0.10740614998124537,146.72084766146625,146.32333157855606,27.309089314008496
2018-11-12 00:00:00+00:00,147.28599548339844,147.11881791722263,146.76981109079216,0.7951913506140897,-0.6858114570030978,142.86251208255393,146.37619163876488,149.88987119497583,4.800889429999921,0.3490068264304682,0.36513038112937085,-0.016123554698902642,146.07389803407645,146.10285546437618,26.198651346001217
2018-11-13 00:00:00+00:00,146.1580047607422,146.97100050853334,146.72449210338104,1.9135083849002115,-0.7244921033810385,142.8325247780131,146.33576311383928,149.83900144966546,4.787945559283278,0.24650840515229788,0.2101055678809604,0.03640283727133747,146.07389803407645,146.10285546437618,26.198651346001217
2018-11-14 00:00:00+00:00,148.08200073242188,147.1419236199008,146.8250482981248,1.5749455983595624,0.024957805390812382,142.8140214831007,146.38200160435267,149.94998172560463,4.874889101319503,0.31687532177599564,0.22437798760372654,0.0924973341722691,146.07389803407645,146.10285546437618,26.198651346001217
2018-11-15 00:00:00+00:00,147.46299743652344,147.1913195916889,146.87230378985805,1.025691205259136,-2.4323013484518015,142.83400275555013,146.34981064569382,149.8656185358375,4.804663394686995,0.319015801830858,0.1812147741268711,0.1378010277039869,146.07389803407645,146.10285546437618,26.198651346001217
2018-11-16 00:00:00+00:00,144.92999267578125,146.84342314308773,146.72842889251902,-1.2954302352924572,-2.0084276718158947,142.70263474288913,146.22481064569382,149.7469865484985,4.817480545540259,0.1149942505687136,-0.018245421708218634,0.13323967227693223,146.07389803407645,146.10285546437618,26.198651346001217
2018-11-19 00:00:00+00:00,144.65199279785156,146.5062800130514,146.57461881143254,-1.3076205204169185,-2.162616247955981,142.57270704667167,146.15790521530877,149.74310338394588,4.905924401907188,-0.06833879838114854,-0.16126277652646462,0.09292397814531608,145.64259828248325,145.91387593793627,26.00599656086972
2018-11-20 00:00:00+00:00,144.6020050048828,146.2133146271793,146.42849927020663,-1.5764942653238165,-2.4384937770425665,142.4204589439361,146.04604811895462,149.67163729397313,4.964994563995972,-0.2151846430273281,-0.24648689693811535,0.03130225391078725,145.64259828248325,145.91387593793627,26.00599656086972
2018-11-21 00:00:00+00:00,144.1479949951172,145.8955731453236,146.25957302760742,-1.3755703420605414,-2.179571196552729,142.23555108649958,145.9490000406901,149.6624489948806,5.088693931654501,-0.36399988228382085,-0.3162417089556865,-0.04775817332813437,145.64259828248325,145.91387593793627,26.00599656086972
2018-11-22 00:00:00+00:00,144.39700317382812,145.66502391893968,146.12160489029043,-0.26560208267324015,-1.8295974440013651,142.10371338986738,145.87557184128534,149.6474302927033,5.171336645071445,-0.45658097135074627,-0.3270582384180895,-0.12952273293265676,145.64259828248325,145.91387593793627,26.00599656086972
2018-11-23 00:00:00+00:00,145.4499969482422,145.63194284652468,146.07185615384242,-0.5548578628267933,-1.6958490737642933,142.21383245015045,145.92857142857142,149.64331040699238,5.091174321869168,-0.43991330731773814,-0.2483124595080651,-0.19160084780967304,145.64259828248325,145.91387593793627,26.00599656086972
2018-11-26 00:00:00+00:00,144.6649932861328,145.48318137569515,145.96764408956764,-0.23564946066139214,-1.3046497048020171,142.29010267039789,145.9567616780599,149.62342068572192,5.0243085219301475,-0.48446271387248885,-0.23428949285025263,-0.2501732210222362,145.3317344262779,145.74189462021212,25.84545090659347
2018-11-27 00:00:00+00:00,145.4250030517578,145.4742308643202,145.92744845713727,-0.42345065440289886,-1.3234445508872739,142.5241186691624,146.04452369326637,149.56492871737035,4.82100243826711,-0.45321759281708296,-0.16243549743587737,-0.2907820953812056,145.3317344262779,145.74189462021212,25.84545090659347
2018-11-28 00:00:00+00:00,144.9550018310547,145.39434947458705,145.85541537372376,-0.16642001239563342,-0.9954147633721959,142.68806528274322,146.09990437825522,149.5117434737672,4.670556233464304,-0.46106589913671314,-0.13622704300440602,-0.3248388561323071,145.3317344262779,145.74189462021212,25.84545090659347
2018-11-29 00:00:00+00:00,145.60400390625,145.42660400253519,145.83679230205902,-0.176788639949649,-1.2867892503012115,142.9471724624414,146.19199988955543,149.43682731666948,4.43913131986078,-0.4101882995238384,-0.068279554713225,-0.3419087448106134,145.3317344262779,145.74189462021212,25.84545090659347
2018-11-30 00:00:00+00:00,144.9600067138672,145.35481980427858,145.77184522145222,-0.5178474187178495,-1.105844855241287,143.07473333306416,146.23309544154577,149.39145755002738,4.319626961249841,-0.4170254171736474,-0.0600933378904272,-0.3569320792832202,145.3317344262779,145.74189462021212,25.84545090659347
2018-12-03 00:00:00+00:00,145.0399932861328,145.30638495533307,145.71763396698412,-0.21462798553881157,-1.5256326242106866,142.96666385342007,146.1616668701172,149.3566698868143,4.371875451497515,-0.41124901165105143,-0.04345354589426498,-0.36779546575678645,144.72115628418527,145.42162396018182,28.05160968413902
2018-12-04 00:00:00+00:00,144.53500366210938,145.18771091022174,145.6300317221786,-0.9430352622176486,-2.010036604991086,142.80209291603748,146.03780982607887,149.27352673612026,4.431341327146592,-0.44232081195684714,-0.05962027696004857,-0.38270053499679857,144.72115628418527,145.42162396018182,28.05160968413902
2018-12-05 00:00:00+00:00,143.34100341796875,144.90360206525975,145.4604740700149,-1.002481516303959,-2.1884708961867716,142.4999366589226,145.82290504092262,149.14587342292265,4.557539682901661,-0.5568720047551494,-0.1393371758066807,-0.4175348289484687,144.72115628418527,145.42162396018182,28.05160968413902
2018-12-06 00:00:00+00:00,143.87899780273438,144.74597064025585,145.34332767984597,-1.2873279239865951,-2.09332767984597,142.4267245561378,145.5962379092262,148.7657512623146,4.353839630203189,-0.597357039590122,-0.1438577685133226,-0.4534992710767994,144.72115628418527,145.42162396018182,28.05160968413902
2018-12-07 00:00:00+00:00,143.99000549316406,144.62966830993403,145.2430815919436,-1.054086230615468,-1.781075976709218,142.52406658560938,145.35457138788132,148.18507619015327,3.894620960655847,-0.6134132820095601,-0.1279312087462086,-0.4854820732633515,144.72115628418527,145.42162396018182,28.05160968413902
2018-12-10 00:00:00+00:00,143.0800018310547,144.39125808241414,145.08285346150737,-1.4228497993979943,-3.8198529732261193,142.5644418222665,145.07819039481026,147.59193896735403,3.4653707296774816,-0.6915953790932292,-0.16489064466390213,-0.5267047344293271,144.0741037825558,145.0442489343411,32.486159590040764
2018-12-11 00:00:00+00:00,142.13999938964844,144.0449105912194,144.8648642709993,-2.0288657358430555,-3.052867811038368,142.2264869268998,144.83314296177454,147.43979899664927,3.5995297506768877,-0.8199536797798999,-0.23459915628045824,-0.5853545234994416,144.0741037825558,145.0442489343411,32.486159590040764
2018-12-12 00:00:00+00:00,141.63699340820312,143.67446179383228,144.625762725607,-1.2077634580288645,-3.0957639463101145,141.75067810625103,144.61785670689173,147.48503530753243,3.9651792191220663,-0.9513009317747105,-0.29275712662021514,-0.6585438051544954,144.0741037825558,145.0442489343411,32.486159590040764
2018-12-13 00:00:00+00:00,143.05099487304688,143.57854380601913,144.50911325504697,-0.615116062664157,-1.519107761882907,141.89373389741496,144.37828499930245,146.86283610118994,3.4417240818444323,-0.9305694490278427,-0.21762051509867786,-0.7129489339291648,144.0741037825558,145.0442489343411,32.486159590040764
2018-12-14 00:00:00+00:00,143.68800354003906,143.59538376509911,144.44829031319452,-0.7442955622179568,-2.0432915338976443,142.11957410339167,144.19852338518416,146.27747266697665,2.8834543280851563,-0.8529065480954046,-0.11196609133299185,-0.7409404567624127,144.0741037825558,145.0442489343411,32.486159590040764
2018-12-17 00:00:00+00:00,142.69200134277344,143.4564018539721,144.31819483390407,-1.111194101482198,-2.0571932469900105,141.94556162507283,144.09195236932663,146.23834311358044,2.979195866195671,-0.8617929799319768,-0.09668201853565128,-0.7651109613963255,142.90940313205542,144.40649934815733,37.206453573493704
2018-12-18 00:00:00+00:00,142.3249969482422,143.28233956078287,144.17055054607727,-1.530551156428828,-2.2095520109210156,141.724413518326,143.98114304315476,146.23787256798352,3.1347570621138323,-0.8882109852943927,-0.09848001911845372,-0.789730966175939,142.90940313205542,144.40649934815733,37.206453573493704
2018-12-19 00:00:00+00:00,142.3699951171875,143.1419788771528,144.03717606986322,-1.5251826616600965,-2.3941706987694715,141.5363410883703,143.87485685802642,146.21337262768253,3.2507636438015366,-0.8951971927104125,-0.08437298122757886,-0.8108242114828337,142.90940313205542,144.40649934815733,37.206453573493704
2018-12-20 00:00:00+00:00,141.94500732421875,142.95782940747065,143.8822006072229,-1.8092025603478987,-3.0651992644494612,141.2961256421345,143.76995268322173,146.24377972430895,3.4413686516792183,-0.9243711997522439,-0.09083759061552821,-0.8335336091367157,142.90940313205542,144.40649934815733,37.206453573493704
2018-12-21 00:00:00+00:00,140.82000732421875,142.62893370235497,143.6553714751485,-2.499365615773513,-3.4083774565938256,140.84527196814037,143.59961954752603,146.3539671269117,3.8361488534084605,-1.0264377727935425,-0.15432333092546147,-0.8721144418680811,142.90940313205542,144.40649934815733,37.206453573493704
2018-12-24 00:00:00+00:00,140.45700073242188,142.2947901685191,143.41845512383543,-2.5714550017651163,-3.1184520720776163,140.43110873333958,143.36185782296317,146.29260691258676,4.088603669244795,-1.1236649553163147,-0.2012404107585869,-0.9224245445577278,141.92293440411768,143.76985614816945,41.85056295138871
2018-12-25 00:00:00+00:00,140.1699981689453,141.9678990916616,143.17782868273247,-2.2578305137871553,-3.6378353965996553,139.98187755664208,143.14781043643043,146.3137433162188,4.423306050069548,-1.2099295910708747,-0.23000403721051754,-0.9799255538603572,141.92293440411768,143.76985614816945,41.85056295138871
2018-12-26 00:00:00+00:00,140.05299377441406,141.67329827362352,142.94635943026444,-2.465356622647249,-3.189355646084749,139.6365432737142,142.89200047084265,146.14745766797108,4.556528268064548,-1.273061156640921,-0.23450848222445098,-1.03855267441647,141.92293440411768,143.76985614816945,41.85056295138871
2018-12-27 00:00:00+00:00,140.6959991455078,141.52294456160573,142.779666075838,-2.013659606111446,-2.949664244783321,139.44244333136123,142.68919081914993,145.93593830693862,4.550796691956513,-1.2567215142322823,-0.17453507185264994,-1.0821864423796324,141.92293440411768,143.76985614816945,41.85056295138871
2018-12-28 00:00:00+00:00,140.20599365234375,141.32033672941157,142.5890236740977,-2.284030998316439,-3.1040230637461264,139.29633498335065,142.43214271182106,145.56795044029147,4.403230434881546,-1.2686869446861238,-0.14920040184519312,-1.1194865428409306,141.92293440411768,143.76985614816945,41.85056295138871
2018-12-31 00:00:00+00:00,140.02699279785156,141.1213607399408,142.39924360919056,-1.5392429988390006,-2.744244829893688,139.1154743086772,142.1972372872489,145.2790002658206,4.334490651666199,-1.2778828692497655,-0.12671706112706782,-1.1511658081226976,140.63528878894303,142.95416206394435,48.56468310778812
2019-01-01 00:00:00+00:00,139.60000610351562,140.88730618049078,142.19189268284427,-2.4118939035473943,-4.161893903547394,138.94245468114798,141.93819027855284,144.9339258759577,4.221183307361812,-1.3045865023534873,-0.1227365553846318,-1.1818499469688555,140.63528878894303,142.95416206394435,48.56468310778812
2019-01-02 00:00:00+00:00,139.85800170898438,140.72895164641287,142.01901186996577,-2.170012846528266,-4.5730127244579535,138.8317654612352,141.7154758998326,144.59918633843,4.069718455640893,-1.2900602235528993,-0.08656822126723496,-1.2034920022856643,140.63528878894303,142.95416206394435,48.56468310778812
2019-01-03 00:00:00+00:00,134.48399353027344,139.7681888593145,141.4608623633219,-4.7268688330484565,-7.551865781290644,137.16312334479204,141.29371352422805,145.42430370366407,5.846813812742954,-1.692673504007388,-0.3913452013773788,-1.301328302630009,140.63528878894303,142.95416206394435,48.56468310778812
2019-01-04 00:00:00+00:00,136.14100646972656,139.2101607993779,141.06679896379632,-3.1168020155541285,-5.234798231374441,136.41937378356238,140.92523774646577,145.43110170936916,6.394687048191823,-1.8566381644184276,-0.4442478894307347,-1.4123902749876929,140.63528878894303,142.95416206394435,48.56468310778812
2019-01-07 00:00:00+00:00,138.18299865722656,139.05213585443153,140.85318412627262,-2.1781810745148107,-3.190189741506998,136.21698710462746,140.64871361142113,145.0804401182148,6.3018372411673385,-1.801048271841097,-0.3109263974827232,-1.4901218743583737,140.24685959952973,142.45642480062418,54.15978323812096
2019-01-08 00:00:00+00:00,138.8560028076172,139.02196153953702,140.7052447693352,-1.31825136113207,-2.5822436707023826,136.09273612136957,140.44757080078125,144.80240548019293,6.201367036228521,-1.6832832297981781,-0.15452908435184343,-1.5287541454463347,140.24685959952973,142.45642480062418,54.15978323812096
2019-01-09 00:00:00+00:00,138.54200744628906,138.9481224482681,140.54500496762807,-1.4840003289561992,-2.7840033807140117,135.9181151820239,140.27623785109748,144.63436052017104,6.21362924446219,-1.5968825193599798,-0.0545026991309161,-1.5423798202290637,140.24685959952973,142.45642480062418,54.15978323812096
2019-01-10 00:00:00+00:00,138.46299743652344,138.8734878310766,140.39078218754625,-1.9157760840306253,-2.9717758398900003,135.74612089411335,140.1250951857794,144.50406947744546,6.250092870032112,-1.5172943564696482,0.02006837100753245,-1.5373627274771806,140.24685959952973,142.45642480062418,54.15978323812096
2019-01-11 00:00:00+00:00,138.08999633789062,138.75295067827875,140.22035360609027,-1.1283583668324582,-2.5173506764027707,135.6332234703781,139.88885716029577,144.14449085021343,6.084306893780989,-1.46740292781152,0.0559678397325285,-1.5233707675440484,140.24685959952973,142.45642480062418,54.15978323812096
2019-01-14 00:00:00+00:00,139.35800170898438,138.84603545223345,140.15647568778613,-0.16647019462206458,-1.5474821575126896,135.7782080022155,139.6826665969122,143.58712519160892,5.590469726589565,-1.3104402355526759,0.17034442559309815,-1.480784661145774,140.63457428705627,142.30693606655063,51.33083385004062
2019-01-15 00:00:00+00:00,139.343994140625,138.92264448121676,140.0962918694779,0.32671228091271587,-1.5842984612747841,135.85717665675566,139.52323768252418,143.1892987082927,5.255126080302702,-1.173647388261145,0.24570981830770333,-1.4193572065688482,140.63457428705627,142.30693606655063,51.33083385004062
2019-01-16 00:00:00+00:00,139.83900451660156,139.06362294819905,140.07723354704262,0.2417666970980008,-1.0862362325894992,135.9540993120892,139.4048570905413,142.8556148689934,4.950699495658013,-1.0136105988435702,0.32459728618022243,-1.3382078850237926,140.63457428705627,142.30693606655063,51.33083385004062
2019-01-17 00:00:00+00:00,140.49000549316406,139.2830664166552,140.10780924675532,0.9871919739478017,-0.5538083922631358,136.08651181173747,139.3153337751116,142.54415573848576,4.635271474978108,-0.8247428301001207,0.4107720439389375,-1.2355148740390582,140.63457428705627,142.30693606655063,51.33083385004062
2019-01-18 00:00:00+00:00,141.70799255371094,139.65613197620223,140.22634134356684,1.8406599992065935,0.9966658585815935,136.1106095269319,139.3040473574684,142.49748518800487,4.584845725755253,-0.5702093673646118,0.5322444053395572,-1.102453772704169,140.63457428705627,142.30693606655063,51.33083385004062
2019-01-21 00:00:00+00:00,140.91900634765625,139.8504203410413,140.27764986238827,1.2413473299945395,0.41935636319766445,136.1061070906545,139.3087615966797,142.51141610270489,4.597922584793878,-0.427229521346959,0.540179401085768,-0.967408922432727,141.92971761552448,142.62308866739497,43.83346312605179
2019-01-22 00:00:00+00:00,141.34500122070312,140.08035586098927,140.35671292596714,1.5122903699312928,0.29228914922816784,136.0664658262211,139.3510473342169,142.6356288422127,4.7141109748793175,-0.2763570649778728,0.5528414859638834,-0.8291985509417562,141.92971761552448,142.62308866739497,43.83346312605179
2019-01-23 00:00:00+00:00,141.68899536132812,140.3278388610414,140.45540051377165,3.0935954579080374,1.2046031483377249,136.0056412667304,139.42338053385416,142.8411198009779,4.902677375971199,-0.12756165273023612,0.5613095185692161,-0.6888711712994522,141.92971761552448,142.62308866739497,43.83346312605179
2019-01-24 00:00:00+00:00,143.2310028076172,140.77447946820692,140.66100068368613,2.8720040770560615,2.070993945220124,135.7964411116661,139.57471429734002,143.35298748301395,5.413979465685971,0.11347878452079385,0.6418799646561968,-0.5284011801354029,141.92971761552448,142.62308866739497,43.83346312605179
2019-01-25 00:00:00+00:00,143.78199768066406,141.23717457781572,140.89218564642522,3.584819358457594,2.5208087383404063,135.55979803703497,139.72166660853796,143.88353518004095,5.957370352822107,0.34498893139050324,0.6987120892207249,-0.3537231578302217,141.92971761552448,142.62308866739497,43.83346312605179
2019-01-28 00:00:00+00:00,144.48800659179688,141.73730257996667,141.1585427534898,3.339458345143015,2.451457856861765,135.2955182747419,139.92557198660714,144.55562569847237,6.6178807006176,0.578759826476869,0.7459863874456725,-0.16722656096880353,142.39314751842258,142.72264847551264,37.58565418939443
2019-01-29 00:00:00+00:00,143.74000549316406,142.04541072045856,141.3497622156879,3.0832364415386735,2.076232657358986,135.195060961119,140.10238211495536,145.00970326879172,7.005335783384267,0.6956485047706735,0.6903000525915817,0.005348452179091884,142.39314751842258,142.72264847551264,37.58565418939443
2019-01-30 00:00:00+00:00,143.05999755859375,142.20150100324858,141.4764463151624,2.0975588117907193,1.3445528303454068,135.20835608930886,140.26714361281623,145.3259311363236,7.2130755545593646,0.7250546880861748,0.5757649887256663,0.14928969936050848,142.39314751842258,142.72264847551264,37.58565418939443
2019-01-31 00:00:00+00:00,142.91000366210938,142.3105014123041,141.58263574826958,1.5773679138397938,0.6683713318085438,135.23508583943098,140.4124770391555,145.58986823888003,7.374545779547432,0.7278656640345105,0.4628607717392016,0.2650048922953089,142.39314751842258,142.72264847551264,37.58565418939443
2019-02-01 00:00:00+00:00,142.6820068359375,142.3676560928631,141.6640706436524,1.7879252059569808,0.4339365584960433,136.27712819883433,140.80285862513952,145.3285890514447,6.428463840146986,0.7035854492106921,0.35086444553230656,0.35272100367838555,142.39314751842258,142.72264847551264,37.58565418939443
2019-02-04 00:00:00+00:00,143.10499572753906,142.48109295973632,141.77080583505142,2.369193554597018,1.3791880614329557,137.02202637466954,141.13447716122582,145.2469279477821,5.827705418653158,0.7102871246848963,0.2860528968052086,0.4242342278796877,142.3087648088312,142.63941289181776,34.115093298471045
2019-02-05 00:00:00+00:00,143.2899932861328,142.60553916379732,141.88333823883522,1.5966574887038405,0.1696555355788405,137.39001086774022,141.37766738164993,145.36532389555964,5.641140623921893,0.7222009249620953,0.2383733576659261,0.4838275672961692,142.3087648088312,142.63941289181776,34.115093298471045
2019-02-06 00:00:00+00:00,142.43899536132812,142.57991704034052,141.92449802568655,0.5814986784150165,-0.13450473955373354,137.70272777519014,141.54828607468377,145.3938443741774,5.43356391820193,0.6554190146539725,0.1372731578862426,0.5181458567677298,142.3087648088312,142.63941289181776,34.115093298471045
2019-02-07 00:00:00+00:00,142.21800231933594,142.52423785249366,141.9462390844754,0.6637615258761684,-0.8312335913113316,138.11366367873487,141.72333344959077,145.33300322044667,5.093966791487891,0.5779987680182614,0.04788232900042533,0.5301164390178361,142.3087648088312,142.63941289181776,34.115093298471045
2019-02-08 00:00:00+00:00,142.1230010986328,142.46250912113044,141.95933256700556,0.5496701185413144,-0.10532866075556058,138.59399752900782,141.89761933826264,145.20124114751746,4.656345645066084,0.5031765541248774,-0.021551907914367008,0.5247284620392444,142.3087648088312,142.63941289181776,34.115093298471045
2019-02-11 00:00:00+00:00,142.00999450683594,142.39289148816206,141.9630853032893,0.5359076166325849,-0.0880853032892901,139.253133799118,142.08428591773622,144.91543803635446,3.9851727449401566,0.4298061848727741,-0.0759378217331762,0.5057440066059503,142.37250987255413,142.61949676441523,31.39412060037398
2019-02-12 00:00:00+00:00,142.0,142.33244664382943,141.96581972526786,0.5241857678961992,-0.0858148424553633,139.65319778430631,142.21009536016555,144.7669929360248,3.5959438313905396,0.3666269185615647,-0.11129367043550847,0.4779205889970732,142.37250987255413,142.61949676441523,31.39412060037398
2019-02-13 00:00:00+00:00,142.47000122070312,142.35360888642538,142.0031665027075,1.2958294689721868,0.42282837033937426,140.14597197223,142.35895284016928,144.57193370810856,3.1090153780828387,0.3504423837178763,-0.1019825642233575,0.4524249479412338,142.37250987255413,142.61949676441523,31.39412060037398
2019-02-14 00:00:00+00:00,142.59100341796875,142.39013112204742,142.04670997791203,0.9792909986504696,-0.7457151048651554,140.58492908727854,142.49000040690103,144.39507172652353,2.6739719477609425,0.34342114413539093,-0.0872030430446743,0.43062418718006523,142.37250987255413,142.61949676441523,31.39412060037398
2019-02-15 00:00:00+00:00,141.4550018310547,142.2462650772793,142.00287974481148,0.15712391729789488,-0.9798847496942926,140.78581212749512,142.53595261346726,144.2860930994394,2.4557179488858027,0.2433853324678239,-0.14979108376979305,0.39317641623761695,142.37250987255413,142.61949676441523,31.39412060037398
2019-02-18 00:00:00+00:00,142.677001953125,142.31253228894786,142.05281472320507,0.9431874740605508,0.4471852767949258,140.87104665543688,142.58209591820128,144.29314518096567,2.4000899295883715,0.2597175657427897,-0.1067670803958618,0.3664846461386515,142.93500576790066,142.82528259215502,27.454369135526242
2019-02-19 00:00:00+00:00,142.89999389648438,142.40291099779964,142.1155687360406,2.1644300432562886,0.3614362688422261,141.13224198635976,142.67642865862166,144.22061533088356,2.1645995582867275,0.28734226175905064,-0.06331390750368071,0.35065616926273135,142.93500576790066,142.82528259215502,27.454369135526242
2019-02-20 00:00:00+00:00,144.41000366210938,142.71169448461652,142.28552687871235,2.734477393748591,1.8564714123032786,141.23050122354647,142.82238115583147,144.41426108811646,2.2291743344456902,0.426167605904169,0.06040914931315011,0.3657584565910189,142.93500576790066,142.82528259215502,27.454369135526242
2019-02-21 00:00:00+00:00,144.48800659179688,142.98497327033658,142.448673524126,2.465327940717742,1.6633259875927422,141.29832564060226,142.95566740490142,144.61300916920058,2.3186793421837257,0.5362997462105739,0.13643303169564397,0.3998667145149299,142.93500576790066,142.82528259215502,27.454369135526242
2019-02-22 00:00:00+00:00,144.3679962158203,143.19774603118023,142.59084557536264,2.1461539363561144,1.1891532039342394,141.24897100195227,143.00980994814918,144.7706488943461,2.462542879870041,0.6069004558175948,0.1656269930421319,0.44127346277546287,142.93500576790066,142.82528259215502,27.454369135526242
2019-02-25 00:00:00+00:00,144.71400451660156,143.4310165673989,142.748116608047,2.3188847347264243,1.7018803401951743,141.17475113722273,143.05419122605096,144.9336313148792,2.6275917856309214,0.6828999593518859,0.19330119726113837,0.4895987620907475,144.56667112228533,143.5402424834264,29.534563039127956
2019-02-26 00:00:00+00:00,145.76100158691406,143.78947580117045,142.97129327314826,4.037709412398613,2.4097034309533,140.98840563062345,143.11481003534226,145.24121444006107,2.9716063686122993,0.8181825280221915,0.2628670127451552,0.5553155152770363,144.56667112228533,143.5402424834264,29.534563039127956
2019-02-27 00:00:00+00:00,146.56100463867188,144.21586485309376,143.2371978187426,4.786804256452712,2.9208069419995866,140.67288501629034,143.24914332798548,145.82540163968062,3.5968917535464775,0.9786670343511616,0.3386812152593003,0.6399858190918614,144.56667112228533,143.5402424834264,29.534563039127956
2019-02-28 00:00:00+00:00,147.63600158691406,144.74203973521998,143.56303513490346,4.659972067244979,3.4229572967371666,140.28805693282337,143.46704828171502,146.64603963060668,4.431667601677174,1.1790046003165173,0.43121502497972475,0.7477895753367926,144.56667112228533,143.5402424834264,29.534563039127956
2019-03-01 00:00:00+00:00,147.70399475097656,145.19772512225944,143.8697728842422,4.693230655796867,3.8202295571640548,140.05420748969067,143.69533357166108,147.3364596536315,5.067841789245825,1.3279522380172466,0.4641301301443632,0.8638221078728834,144.56667112228533,143.5402424834264,29.534563039127956
2019-03-04 00:00:00+00:00,148.14999389648438,145.65192031829406,144.18682629255642,4.110170777756082,2.930178101974832,139.88498548968312,143.9557139078776,148.02644232607207,5.655528784080751,1.465094025737642,0.4810175342918068,0.9840764914458351,144.61111306427094,143.7059216926858,31.26805795879605
2019-03-05 00:00:00+00:00,147.2969970703125,145.90500904937383,144.41720931313094,3.303783728861248,2.1997950814003104,139.86579969144924,144.15533301943825,148.44486634742725,5.951265538557071,1.4877997362428914,0.40297859583764506,1.0848211404052464,144.61111306427094,143.7059216926858,31.26805795879605
2019-03-06 00:00:00+00:00,147.13999938964844,146.09500756326224,144.61889746694706,2.544096917818564,2.0511007019982515,139.88672025647878,144.33866664341517,148.79061303035155,6.168750883551945,1.4761100963151819,0.31303116472794845,1.1630789315872334,144.61111306427094,143.7059216926858,31.26805795879605
2019-03-07 00:00:00+00:00,147.1269989013672,146.25377546143224,144.80468275838558,2.469319316809731,1.2203111380987934,140.04371745251674,144.56190490722656,149.08009236193638,6.25086873005636,1.4490927030466594,0.22881101716754082,1.2202816858791186,144.61111306427094,143.7059216926858,31.26805795879605
2019-03-08 00:00:00+00:00,146.12899780273438,146.23457889855564,144.90278016907808,1.2382263006484777,-0.3827758966171473,140.3100582768959,144.7481427873884,149.1862272978809,6.132147086697105,1.3317987294775548,0.08921363487874912,1.2425850945988057,144.61111306427094,143.7059216926858,31.26805795879605
2019-03-11 00:00:00+00:00,144.25900268554688,145.9306440965543,144.85509294807576,0.8079014366898605,-1.132085745927327,140.56171744194805,144.84985714867003,149.137996855392,5.9208062626126665,1.0755511484785245,-0.13362715689622506,1.2091783053747496,145.85074265319886,144.36650456959563,30.34468303948856
2019-03-12 00:00:00+00:00,147.4739990234375,146.16808331607479,145.04908599069515,2.395921333523603,-0.4160903852263971,140.8800559700765,145.11004783993675,149.340039709797,5.830046826979374,1.1189973253796381,-0.07214478399608915,1.1911421093757273,145.85074265319886,144.36650456959563,30.34468303948856
2019-03-13 00:00:00+00:00,145.40499877929688,146.05068569503203,145.07544990096193,2.0915575453271344,0.34254936661619695,141.27695856732078,145.2721906389509,149.267422710581,5.5003398159797525,0.9752357940701017,-0.17272505224450052,1.1479608463146023,145.85074265319886,144.36650456959563,30.34468303948856
2019-03-14 00:00:00+00:00,147.71299743652344,146.3064259629538,145.270823792485,3.587177916499371,2.1321760854446836,141.60373954530246,145.52185712541853,149.4399747055346,5.3849197055521785,1.0356021704687919,-0.08988694067664826,1.1254891111454401,145.85074265319886,144.36650456959563,30.34468303948856
2019-03-15 00:00:00+00:00,148.156005859375,146.59097671624937,145.484540982625,2.7814654871015705,1.9614581628828205,141.94547237222082,145.78685724167596,149.6282421111311,5.269864433783826,1.1064357336243802,-0.015242702016847964,1.1216784356412282,145.85074265319886,144.36650456959563,30.34468303948856
2019-03-18 00:00:00+00:00,148.32899475097656,146.8583641062074,145.69524126176213,2.68076581831599,1.3207652079644276,142.65235325992145,146.11419023786272,149.57602721580398,4.738536308219831,1.1631228444452688,0.033155527043232436,1.1299673174020364,145.67716237915081,144.50414703551834,29.57520394006566
2019-03-19 00:00:00+00:00,147.69700622558594,146.9873859707272,145.8435201479713,2.175477044411508,1.6754770444115081,143.19371196025665,146.35323806036087,149.51276416046508,4.317671603276894,1.1438658227558847,0.011118804283078543,1.1327470184728061,145.67716237915081,144.50414703551834,29.57520394006566
2019-03-20 00:00:00+00:00,147.83799743652344,147.11824927315737,145.99125920638258,2.0707372535783577,0.5737432350236702,143.77592053865,146.58838108607702,149.40084163350403,3.8372216496142695,1.1269900667747947,-0.0046055613584090604,1.1315956281332038,145.67716237915081,144.50414703551834,29.57520394006566
2019-03-21 00:00:00+00:00,146.1199951171875,146.96467171070046,146.00079519977552,0.3822004056932258,-1.1308000825880242,144.02003042835534,146.66980925060454,149.31958807285375,3.6132573374002415,0.9638765109249334,-0.1341752937666163,1.0980518046915497,145.67716237915081,144.50414703551834,29.57520394006566
2019-03-22 00:00:00+00:00,145.48199462890625,146.73656754427057,145.96236552785928,-0.22837199758583893,-1.4183591802030264,144.19238597632543,146.71714201427642,149.2418980522274,3.441664693421196,0.7742020164112944,-0.25907983062420437,1.0332818470354987,145.67716237915081,144.50414703551834,29.57520394006566
2019-03-25 00:00:00+00:00,145.36500549316406,146.5255579979465,145.91811663640038,-0.13212115300194682,-1.2481184674550718,144.38502219954609,146.7646186465309,149.1442150935157,3.2427385686407777,0.6074413615461083,-0.34067238839151237,0.9481137499376207,145.3047741056318,144.51212568167196,26.65562346717003
2019-03-26 00:00:00+00:00,145.447998046875,146.3597795439355,145.8832930371763,0.546699638604963,-0.8592909619809745,144.52211043953503,146.79957071940103,149.07703099926704,3.1028159942228175,0.47648650675921544,-0.37730179454272417,0.8537883013019396,145.3047741056318,144.51212568167196,26.65562346717003
2019-03-27 00:00:00+00:00,146.02000427246094,146.3075064252471,145.89341979534552,0.483579106021665,-0.3634210160486475,144.55435656191713,146.81190418061755,149.06945179931796,3.075428564597912,0.41408662990158973,-0.3517613371202799,0.7658479670218696,145.3047741056318,144.51212568167196,26.65562346717003
2019-03-28 00:00:00+00:00,145.322998046875,146.15604359780525,145.85116633249586,-0.3541723139411772,-1.3511663324958647,144.40926112607346,146.7529514857701,149.09664184546673,3.194062314888288,0.3048772653093863,-0.3687765613699867,0.673653826679373,145.3047741056318,144.51212568167196,26.65562346717003
2019-03-29 00:00:00+00:00,144.42100524902344,145.88911462106958,145.74522847446087,-0.36122578891399826,-1.8662306717264983,144.09258549677912,146.599856422061,149.1071273473429,3.4205639575300175,0.14388614660870758,-0.4238141440565324,0.56770029066524,145.3047741056318,144.51212568167196,26.65562346717003
2019-04-01 00:00:00+01:00,144.53399658203125,145.68063492275598,145.65550759354016,0.6044869132957729,-1.2365012458839146,143.84583720925517,146.4489041283017,149.05197104734825,3.554914848343327,0.025127329215820282,-0.4340583691595358,0.45918569837535606,145.3998481830514,144.6661072039889,26.08307483161105
2019-04-02 00:00:00+01:00,145.63299560546875,145.67330579701948,145.6538400388682,-0.008835766407258916,-0.7098397947275714,143.82023985372334,146.32904706682478,148.83785427992623,3.4289941243938253,0.019465758151284263,-0.35177595217925745,0.3712417103305417,145.3998481830514,144.6661072039889,26.08307483161105
2019-04-03 00:00:00+01:00,146.10400390625,145.7395670445934,145.68718551052612,1.483819738497317,0.3128144894738796,143.79991330976975,146.27223786853608,148.7445624273024,3.3804426524032025,0.052381534067279745,-0.25508814101060956,0.3074696750778893,145.3998481830514,144.6661072039889,26.08307483161105
2019-04-04 00:00:00+01:00,146.76300048828125,145.8970183436223,145.76687550887834,1.1791236366294697,-0.02587819442521777,143.80203251622203,146.25428553989954,148.70653856357706,3.3534101440173067,0.13014283474396393,-0.1418614722671403,0.27200430701110423,145.3998481830514,144.6661072039889,26.08307483161105
2019-04-05 00:00:00+01:00,145.96400451660156,145.90732390869604,145.78147765759857,0.7235272252139282,-0.4924761927548218,143.7756312831423,146.19890485491072,148.62217842667914,3.315036558137423,0.12584625109747094,-0.11692644473090663,0.24277269582837757,145.3998481830514,144.6661072039889,26.08307483161105
2019-04-08 00:00:00+01:00,145.63099670410156,145.86481203106612,145.77033092030248,-0.1483369017477969,-0.6653351927634219,143.73992733076545,146.17519051688058,148.6104537029957,3.3319788091316274,0.0944811107636383,-0.11863326805179142,0.21311437881542972,145.81990000940405,144.95094955514898,25.60595096864523
2019-04-09 00:00:00+01:00,145.5760040283203,145.8203800306437,145.75593633571123,0.2270653732731489,-0.9429327956721636,143.93925870660553,146.23790486653647,148.5365510264674,3.1437077302615775,0.06444369493246427,-0.11893654710637236,0.18338024203883663,145.81990000940405,144.95094955514898,25.60595096864523
2019-04-10 00:00:00+01:00,145.05799865722656,145.70309058857953,145.70423724841606,-0.06323077868950122,-0.7452376146270012,143.84141620042567,146.12285723005022,148.40429825967476,3.1226340257400422,-0.001146659836535946,-0.14762152150029806,0.1464748616637621,145.81990000940405,144.95094955514898,25.60595096864523
2019-04-11 00:00:00+01:00,145.3300018310547,145.6456923181911,145.6765161063893,0.23948425982163712,-0.4995141532643004,143.83313133618262,146.1192859468006,148.4054405574186,3.129162034709548,-0.030823788198205193,-0.14183891988957384,0.11101513169136865,145.81990000940405,144.95094955514898,25.60595096864523
2019-04-12 00:00:00+01:00,145.72000122070312,145.6571244570391,145.6797372259681,1.286266192000653,0.010265215438153064,143.84790506252727,146.02438136509485,148.20085766766243,2.9809765769537937,-0.022612768929008098,-0.1069023204963014,0.0842895515672933,145.81990000940405,144.95094955514898,25.60595096864523
2019-04-15 00:00:00+01:00,146.5679931640625,145.79725810427345,145.74553396212323,1.2204694558455174,0.6154584695173924,143.97266100277693,145.94876171293714,147.92486242309735,2.7079376172398804,0.05172414215022059,-0.026052327533658173,0.07777646968387876,145.6932674867381,145.02081425318573,25.20834774950705
2019-04-16 00:00:00+01:00,146.61000061035156,145.92229541290087,145.80956852865867,0.9294298844272646,0.1904314713413271,144.1691679979575,145.86690484909784,147.56464170023818,2.327788956510307,0.11272688424219268,0.02796033164665114,0.08476655259554154,145.6932674867381,145.02081425318573,25.20834774950705
2019-04-17 00:00:00+01:00,146.03199768066406,145.93917268486445,145.82604476214055,0.5099537730156953,0.026952064031320333,144.2961763319112,145.78761872791108,147.27906112391096,2.0460480924424975,0.1131279227238906,0.022689096102679246,0.09043882662121136,145.6932674867381,145.02081425318573,25.20834774950705
2019-04-18 00:00:00+01:00,146.02000427246094,145.95160831372544,145.8404121332754,0.2175865239511552,-0.4314155512441573,144.51616935286475,145.70104762486048,146.8859258968562,1.6264512730841294,0.11119618045003676,0.016605883063060323,0.09459029738697644,145.6932674867381,145.02081425318573,25.20834774950705
2019-04-19 00:00:00+01:00,145.48899841308594,145.88043755978092,145.81438148733545,-0.2713822197573279,-0.4843796562807654,144.49820092735152,145.6710001627604,146.8437993981693,1.6102027638974155,0.06605607244546263,-0.022827379953211047,0.08888345239867368,145.6932674867381,145.02081425318573,25.20834774950705
2019-04-22 00:00:00+01:00,145.39199829101562,145.80529305689396,145.7830938431636,-0.28509274453080025,-0.5830968949214252,144.49053128647503,145.66671462286087,146.8428979592467,1.6148964977085345,0.022199213730345946,-0.05334739093466219,0.07554660466500814,145.25551328542957,144.92927005741814,23.709076942697322
2019-04-23 00:00:00+01:00,145.28900146484375,145.72586358119392,145.7464944077325,-0.13348781593563785,-1.0424996567559504,144.48276034073876,145.66309538341704,146.84343042609532,1.6206370454662942,-0.020630826538592828,-0.07694194496288077,0.056311118424287945,145.25551328542957,144.92927005741814,23.709076942697322
2019-04-24 00:00:00+01:00,144.73699951171875,145.5737306474285,145.6717170080278,-0.7897132238481106,-1.271723111543423,144.38700022729662,145.62923831031435,146.87147639333207,1.7060284012070421,-0.09798636059929322,-0.12343798321886493,0.025451622619571714,145.25551328542957,144.92927005741814,23.709076942697322
2019-04-25 00:00:00+01:00,144.6999969482422,145.4393100783229,145.59973774433996,-0.7527376222696489,-1.777731518754024,144.27690803896587,145.5663808186849,146.85585359840394,1.771662896977813,-0.16042766601705694,-0.14870343090930294,-0.011724235107754014,145.25551328542957,144.92927005741814,23.709076942697322
2019-04-26 00:00:00+01:00,143.88800048828125,145.20064706447033,145.47294239203933,-1.0589409271955788,-1.7329368988752663,144.02517851158976,145.49804760160902,146.97091669162828,2.024589490097008,-0.27229532756899744,-0.20845687396899473,-0.0638384536000027,145.25551328542957,144.92927005741814,23.709076942697322
2019-04-29 00:00:00+01:00,144.1999969482422,145.04670089274293,145.37865013694324,-0.6646456203416733,-1.2066530666307358,143.98124182232687,145.4875233968099,146.99380497129295,2.07066769619101,-0.3319492442003025,-0.2144886324802398,-0.11746061172006265,145.57367776157545,145.11223243691086,20.479094096026238
2019-04-30 00:00:00+01:00,144.46499633789062,144.95720788430413,145.31097207775414,0.04303182849585596,-1.263975007441644,143.96937395315626,145.48423767089844,146.9991013886406,2.082512500314933,-0.35376419345001864,-0.18904286538396478,-0.16472132806605386,145.57367776157545,145.11223243691086,20.479094096026238
2019-05-01 00:00:00+01:00,145.29800415039062,145.00963807908667,145.31001149054202,0.37799204949703835,-0.04101429815921165,143.95296874658953,145.4682856968471,146.98360264710465,2.0833640033614556,-0.3003734114553538,-0.10852166671143995,-0.19185174474391384,145.57367776157545,145.11223243691086,20.479094096026238
2019-05-02 00:00:00+01:00,145.4770050048828,145.0815406830553,145.3223813804932,0.5296236243896146,-0.21038186877444787,143.9499207766012,145.4384286063058,146.92693643601038,2.046925071961415,-0.24084069743790337,-0.03919116215519164,-0.20164953528271173,145.57367776157545,145.11223243691086,20.479094096026238
2019-05-03 00:00:00+01:00,145.30799865722656,145.11638037138934,145.32131599358456,1.180682907782625,-0.5213129418267499,144.00330784176822,145.36914280482702,146.73497776788582,1.879126390519583,-0.20493562219522232,-0.0026288695300084597,-0.20230675266521386,145.57367776157545,145.11223243691086,20.479094096026238
2019-05-06 00:00:00+01:00,145.47900390625,145.17216860752174,145.33299657970792,0.20800378650301354,-0.34299108654386146,144.00505218558155,145.3460475376674,146.68704288975326,1.8452450201486588,-0.1608279721861834,0.033183024383224374,-0.19401099656940776,144.70245407900603,144.8047716193332,21.50940108485478
2019-05-07 00:00:00+01:00,145.11500549316406,145.16337428223594,145.31684909181578,0.03614773435609209,-1.351852753925158,143.9833601700418,145.32147652762276,146.65959288520372,1.841594772575282,-0.15347480957984772,0.03242894959164805,-0.18590375917149576,144.70245407900603,144.8047716193332,21.50940108485478
2019-05-08 00:00:00+01:00,144.05999755859375,144.99362401706023,145.22374897824378,-1.1587465368375263,-2.1647432409390888,143.81384859252515,145.24928574335007,146.684722894175,1.9765152626792077,-0.23012496118354875,-0.03537696160964238,-0.19474799957390637,144.70245407900603,144.8047716193332,21.50940108485478
2019-05-09 00:00:00+01:00,143.1580047607422,144.71122105454975,145.07073088805848,-1.8897311321991026,-2.7947299114959776,143.46948871952102,145.15880984351747,146.84813096751392,2.32754887673377,-0.35950983350872434,-0.13180946714785438,-0.22770036636086996,144.70245407900603,144.8047716193332,21.50940108485478
2019-05-10 00:00:00+01:00,142.83900451660156,144.42318774101926,144.90541782350613,-1.6874155041701897,-2.4154123303420647,143.08647936869076,145.0401909237816,146.99390247887246,2.694027831385744,-0.48223008248686483,-0.20362377290079592,-0.2786063095860689,144.70245407900603,144.8047716193332,21.50940108485478
2019-05-13 00:00:00+01:00,142.62600708007812,144.14669840856678,144.7365725832522,-1.8695681887209616,-3.4055789309084616,142.71288471991156,144.89285786946616,147.07283101902075,3.0090829618648756,-0.5898741746854341,-0.24901429207949216,-0.34085988260594197,143.0783033296889,144.0940902210077,26.68508627071677
2019-05-14 00:00:00+01:00,141.48300170898438,143.73689891632333,144.49556733330644,-2.3315658684626897,-3.135566722954877,142.16114732179173,144.65071541922433,147.14028351665692,3.442178754826577,-0.758668416983113,-0.33424682750173684,-0.4244215894813762,143.0783033296889,144.0940902210077,26.68508627071677
2019-05-15 00:00:00+01:00,141.54100036621094,143.39906837015218,144.276710520929,-2.6427078353821116,-4.064704905694612,141.74932360769574,144.40933445521765,147.06934530273955,3.683987406432915,-0.8776421507768077,-0.3625764490363452,-0.5150657017404625,143.0783033296889,144.0940902210077,26.68508627071677
2019-05-16 00:00:00+01:00,140.63600158691406,142.97398117273093,144.00702837766863,-3.216028011457695,-3.80303362669207,141.14871165112132,144.15238226027716,147.156052869433,4.167354797831243,-1.0330472049377022,-0.41438520255779177,-0.6186620023799104,143.0783033296889,144.0940902210077,26.68508627071677
2019-05-17 00:00:00+01:00,140.60000610351562,142.6087542390055,143.754656357361,-3.11165098626725,-4.191652817321938,140.65470500648846,143.894287109375,147.13386921226154,4.502725115729044,-1.145902118355508,-0.42179209278047813,-0.7241100255750299,143.0783033296889,144.0940902210077,26.68508627071677
2019-05-20 00:00:00+01:00,140.23599243164062,142.24371396094935,143.4940145850854,-2.987010800905722,-3.7490194678979094,140.135672683346,143.64414396740142,147.15261525145684,4.88494857799651,-1.2503006241360595,-0.4209524788488237,-0.8293481452872358,141.70220120254,143.35921975346977,32.09581021578472
2019-05-21 00:00:00+01:00,140.08999633789062,141.9123727881711,143.2418650852932,-1.7818583714260114,-3.590864108730699,139.66627125680358,143.39166768391928,147.11706411103498,5.196112838756647,-1.3294922971221013,-0.4001153214678924,-0.9293769756542088,141.70220120254,143.35921975346977,32.09581021578472
2019-05-22 00:00:00+01:00,140.4929962158203,141.6940071616556,143.03824516903595,-2.357245413176571,-3.6952428497000085,139.3442953236223,143.16328648158483,146.98227763954736,5.335154356705506,-1.3442380073803406,-0.33188882538090536,-1.0123491819994352,141.70220120254,143.35921975346977,32.09581021578472
2019-05-23 00:00:00+01:00,139.572998046875,141.36769806707397,142.78156019702402,-3.212559952883396,-4.050557389406833,138.8767926753781,142.9173816499256,146.9579706244731,5.654440247785764,-1.4138621299500471,-0.3212103583604895,-1.0926517715895576,141.70220120254,143.35921975346977,32.09581021578472
2019-05-24 00:00:00+01:00,138.7220001220703,140.9606676139965,142.48085204332375,-3.003847038440938,-3.9498461839487504,138.30263959436104,142.6327151343936,146.96279067442617,6.071644273128526,-1.5201844293272586,-0.3420261261901607,-1.178158303137098,141.70220120254,143.35921975346977,32.09581021578472
2019-05-27 00:00:00+01:00,139.19200134277344,140.68856511073142,142.2372334729126,-2.6042378674438567,-3.5642293225219817,137.8809236827374,142.40909612746466,146.93726857219193,6.359386539009103,-1.5486683621811892,-0.29640804723527303,-1.2522603149459162,140.07813474537824,142.4264743359819,38.20355033668711
2019-05-28 00:00:00+01:00,138.86000061035156,140.40724749528837,141.98706807568587,-2.991065878420244,-3.7270735688499315,137.4607680764213,142.1548105875651,146.8488530987089,6.604127558880395,-1.5798205803974952,-0.2620482123612633,-1.3177723680362319,140.07813474537824,142.4264743359819,38.20355033668711
2019-05-29 00:00:00+01:00,138.39100646972656,140.09705656827887,141.7206931419111,-3.1626944846845504,-3.8486991233564254,137.03016544948156,141.86557297479538,146.7009805001092,6.8168864706491,-1.6236365736322398,-0.24469136447680628,-1.3789452091554335,140.07813474537824,142.4264743359819,38.20355033668711
2019-05-30 00:00:00+01:00,138.3350067138672,139.82597197529245,141.4699015546486,-2.750907414023601,-3.283896915976726,136.73071498889647,141.53400166829428,146.3372883476921,6.787466789294946,-1.6439295793561541,-0.21198749616057655,-1.4319420831955776,140.07813474537824,142.4264743359819,38.20355033668711
2019-05-31 00:00:00+01:00,137.87899780273438,139.52643748720658,141.20390868413642,-3.2599084399957974,-4.573903801323922,136.4678179638331,141.1721918015253,145.87656563921746,6.664731598565924,-1.6774711969298437,-0.19642329098741285,-1.4810479059424309,140.07813474537824,142.4264743359819,38.20355033668711
2019-06-03 00:00:00+01:00,136.76100158691406,139.1009858102385,140.87480445471255,-3.763812023071921,-4.258807140259421,136.08364715179744,140.76519194103423,145.44673673027103,6.651565951329601,-1.7738186444740336,-0.23421659082528223,-1.5396020536487514,139.30208983025216,141.75840657369878,43.36192927818548
2019-06-04 00:00:00+01:00,136.79100036621094,138.74560343423428,140.57230044815688,-3.1143078944459432,-4.032307162024068,135.8784185300469,140.35147748674666,144.82453644344642,6.3740817507562735,-1.8266970139225975,-0.229675968219077,-1.5970210457035205,139.30208983025216,141.75840657369878,43.36192927818548
2019-06-05 00:00:00+01:00,137.49000549316406,138.55243452022347,140.34398230334259,-2.5859866978738353,-3.143985355100398,135.89956898573448,139.98838224865142,144.07719551156836,5.841646567004789,-1.791547783119114,-0.15562138993247476,-1.6359263931866392,139.30208983025216,141.75840657369878,43.36192927818548
2019-06-06 00:00:00+01:00,137.43699645996094,138.38082866479846,140.12865001864765,-2.3956483096632724,-3.1586487979445224,135.87790873765354,139.67300124395462,143.4680937502557,5.434253538624144,-1.74782135384919,-0.08951596853004062,-1.6583053853191494,139.30208983025216,141.75840657369878,43.36192927818548
2019-06-07 00:00:00+01:00,137.68899536132812,138.27439277195685,139.9479348588462,-1.7829415727133835,-2.4549386430258835,135.8674600024625,139.4125722249349,142.9576844474073,5.085785544150988,-1.6735420868893414,-0.012189361256153664,-1.6613527256331877,139.30208983025216,141.75840657369878,43.36192927818548
2019-06-10 00:00:00+01:00,137.94000244140625,138.2229481057183,139.79919912422102,-1.550206204299144,-2.3152055939475815,135.93476827011412,139.17928641183036,142.4238045535466,4.662357776595778,-1.5762510185027168,0.06808136570437684,-1.6443323842070936,138.49805968338424,141.06291983312016,47.79246745955439
2019-06-11 00:00:00+01:00,137.50799560546875,138.11295541337222,139.6294803450542,-1.317483885093253,-2.149484617515128,136.0100774451405,138.9355715797061,141.86106571427172,4.211296072420562,-1.5165249316819711,0.10224596202009795,-1.618770893702069,138.49805968338424,141.06291983312016,47.79246745955439
2019-06-12 00:00:00+01:00,138.00999450683594,138.0971152739051,139.5095184311121,-1.2785156234949113,-1.9575164779870988,136.054271397008,138.7701902843657,141.4861091717234,3.9142684488538695,-1.4124031572069953,0.16509418919605912,-1.5774973464030544,138.49805968338424,141.06291983312016,47.79246745955439
2019-06-13 00:00:00+01:00,137.69700622558594,138.03556003570216,139.37525826773978,-1.603255093911656,-2.2432544835600936,136.13781520465042,138.58714294433594,141.03647068402145,3.534711355828003,-1.3396982320376196,0.19023929149234786,-1.5299375235299675,138.49805968338424,141.06291983312016,47.79246745955439
2019-06-14 00:00:00+01:00,137.33700561523438,137.92809012486097,139.22427658977642,-1.8292723173154855,-2.693270730401423,136.10656122598155,138.43004789806548,140.7535345701494,3.3569108836758565,-1.2961864649154506,0.18700084689161356,-1.4831873118070642,138.49805968338424,141.06291983312016,47.79246745955439
2019-06-17 00:00:00+01:00,136.73800659179688,137.74500035054342,139.04010844177793,-2.1141135687310566,-2.6871116156060566,136.02989818784968,138.2461431594122,140.46238813097474,3.2062304537595234,-1.2951080912345105,0.15046337645804297,-1.4455714676925535,137.90204202687855,140.4410751017983,52.32837334217446
2019-06-18 00:00:00+01:00,136.125,137.4957695273829,138.8241744831277,-2.7061782673073935,-3.4211746051980185,135.84555495032532,138.05038161504837,140.2552082797714,3.194234798815947,-1.3284049557448157,0.0937332095581902,-1.4221381653030059,137.90204202687855,140.4410751017983,52.32837334217446
2019-06-19 00:00:00+01:00,136.427001953125,137.33134374672784,138.64660614757196,-1.6726071241344584,-2.842605293079771,135.7666531935666,137.8759533110119,139.98525342845718,3.0597070290963067,-1.3152624008441194,0.08550061156710909,-1.4007630124112285,137.90204202687855,140.4410751017983,52.32837334217446
2019-06-20 00:00:00+01:00,136.79800415039062,137.2492915011375,138.50967266629928,-1.3546738870024058,-2.1196732766508433,135.89942249908137,137.7000013078962,139.50058011671103,2.615219741049606,-1.2603811651617889,0.11230547779955158,-1.3726866429613405,137.90204202687855,140.4410751017983,52.32837334217446
2019-06-21 00:00:00+01:00,136.32200622558594,137.10663222797572,138.34762330032052,-1.5956243989533334,-2.417630624539271,135.86005198277854,137.5451921735491,139.23033236431968,2.4503076612729937,-1.2409910723447979,0.10535645649323411,-1.346347528838032,137.90204202687855,140.4410751017983,52.32837334217446
2019-06-24 00:00:00+01:00,136.8179931640625,137.0622262181429,138.2343173643014,-1.109317364301404,-1.733310284223279,135.82856186926972,137.45452517554872,139.08048848182773,2.365819974573294,-1.1720911461584933,0.139405106143631,-1.3114962523021243,137.58469366733308,139.9423496512903,55.267067319538796
2019-06-25 00:00:00+01:00,136.71499633789062,137.00880623656565,138.12177506604874,-1.2927803150721786,-2.307779704720616,135.88149063896802,137.3365725562686,138.7916544735692,2.119001355890723,-1.1129688294830942,0.15882193825522406,-1.2717907677383182,137.58469366733308,139.9423496512903,55.267067319538796
2019-06-26 00:00:00+01:00,135.97999572753906,136.8505276967154,137.96312474467766,-1.1551260874510945,-1.9531302378417195,135.8028262632353,137.19942946661087,138.59603266998644,2.0358731939413155,-1.1125970479622538,0.12735497582085165,-1.2399520237831054,137.58469366733308,139.9423496512903,55.267067319538796
2019-06-27 00:00:00+01:00,136.7550048828125,136.8358318791919,137.87363438453949,-0.5736313327816731,-1.4076309665707356,135.82021886120157,137.12152462913878,138.42283039707598,1.8980328164476614,-1.0378025053475994,0.1617196147484048,-1.1995221200960042,137.58469366733308,139.9423496512903,55.267067319538796
2019-06-28 00:00:00+01:00,136.54600524902344,136.79124316685827,137.77529148561237,-0.6052933166670584,-1.5152969787764334,135.8334320003853,137.03633408319382,138.23923616600234,1.755595829173666,-0.9840483187541054,0.1723790410735191,-1.1564273598276245,137.58469366733308,139.9423496512903,55.267067319538796
2019-07-01 00:00:00+01:00,137.57000732421875,136.91105303722142,137.76008525143507,-0.217085983856947,-1.0200797582710095,135.85324416912573,137.02162025088356,138.18999633264139,1.7053893825201552,-0.8490322142136506,0.24591611649117917,-1.0949483307048298,136.95979801617779,139.33772923165841,58.37940438469848
2019-07-02 00:00:00+01:00,137.01800537109375,136.92750724243254,137.7051163714098,-0.5901108782457243,-1.7171097796129118,135.87128873687155,137.03385852632067,138.1964283157698,1.6967628321227235,-0.7776091289772467,0.25387136138206645,-1.031480490359313,136.95979801617779,139.33772923165841,58.37940438469848
2019-07-03 00:00:00+01:00,135.77999877929688,136.7509674788732,137.5625150682903,-1.7445219042278097,-2.3885190966106222,135.70879621267864,136.98571559361048,138.26263497454232,1.8643102682618742,-0.8115475894171027,0.17594632075376837,-0.9874939101708711,136.95979801617779,139.33772923165841,58.37940438469848
2019-07-04 00:00:00+01:00,135.57000732421875,136.56928130123407,137.4149219020628,-1.7159167751096618,-1.9619189723752868,135.50489701486907,136.894287109375,138.28367720388093,2.0298730120064694,-0.8456406008287161,0.11348264747372405,-0.9591232483024401,136.95979801617779,139.33772923165841,58.37940438469848
2019-07-05 00:00:00+01:00,135.63699340820312,136.4258523946139,137.2832234951102,-1.4472249599539566,-1.8132222744070816,135.34364341584737,136.80857267833892,138.27350194083047,2.141575244609647,-0.8573711004962945,0.08140171824491649,-0.938772818741211,136.95979801617779,139.33772923165841,58.37940438469848
2019-07-08 00:00:00+01:00,135.86300659179688,136.33926073264206,137.17802224301292,-1.1660288348097936,-1.658017970551981,135.2592827704677,136.72162083217077,138.18395889387384,2.139146760844975,-0.8387615103708583,0.08000904669628217,-0.9187705570671405,136.43653180733466,138.773767825657,61.07522724463481
2019-07-09 00:00:00+01:00,136.0500030517578,136.29475955096757,137.09446526588292,-0.827466974867292,-1.6874675852188545,135.24988365292054,136.63162086123512,138.0133580695497,2.0225731051202067,-0.7997057149153477,0.09525187372143429,-0.894957588636782,136.43653180733466,138.773767825657,61.07522724463481
2019-07-10 00:00:00+01:00,135.7010040283203,136.20341254748337,136.99124591495234,-0.9492384686632818,-1.5022475018664068,135.16780343701015,136.54557364327567,137.9233438495412,2.018037157125193,-0.787833367468977,0.08569937693424401,-0.873532744403221,136.43653180733466,138.773767825657,61.07522724463481
2019-07-11 00:00:00+01:00,135.5050048828125,136.09596521445707,136.8811539866457,-0.8431596018800747,-1.8041581370363247,135.14601590504063,136.4262884230841,137.70656094112755,1.876870701155616,-0.7851887721886328,0.07067517777167054,-0.8558639499603033,136.43653180733466,138.773767825657,61.07522724463481
2019-07-12 00:00:00+01:00,135.98199462890625,136.0784312782185,136.8145495897761,-0.8045550829401691,-1.3015491014948566,135.18597864482987,136.34462120419457,137.50326376355926,1.6995794174079948,-0.7361183115576182,0.09579651072214812,-0.8319148222797663,136.43653180733466,138.773767825657,61.07522724463481
2019-07-15 00:00:00+01:00,135.55999755859375,135.99867224443005,136.72161980968852,-0.8936168800010194,-1.6546184669150819,135.14488366414443,136.26000177292596,137.3751198817075,1.6367504686222565,-0.7229475652584654,0.0871738056170408,-0.8101213708755062,135.90768990606165,138.21323043677964,64.44465033812187
2019-07-16 00:00:00+01:00,135.05499267578125,135.85349077233025,136.5981659479176,-1.3541626520191699,-2.6281647272144824,134.9753437498485,136.1798582531157,137.3843727563829,1.7690053708653304,-0.7446751755873606,0.052356956230516394,-0.797032131817877,135.90768990606165,138.21323043677964,64.44465033812187
2019-07-17 00:00:00+01:00,134.27999877929688,135.61141508109435,136.42644986135312,-1.9424563310796827,-2.4554568193609327,134.64047642252834,136.09200105212983,137.54352568173132,2.1331520124323684,-0.8150347802587703,-0.014402118752714577,-0.8006326615060557,135.90768990606165,138.21323043677964,64.44465033812187
2019-07-18 00:00:00+01:00,134.1840057373047,135.39181364358825,136.26034288920138,-1.4593480161545074,-2.4203465513107574,134.3319122977175,135.98519170851935,137.6384711193212,2.431558010148052,-0.8685292456131322,-0.05431726728566111,-0.814211978327471,135.90768990606165,138.21323043677964,64.44465033812187
2019-07-19 00:00:00+01:00,134.6929931640625,135.2843028005843,136.14424290956146,-1.1552444964755182,-1.5782486468661432,134.18632020155763,135.88495309012276,137.5835859786879,2.500104463278649,-0.8599401089771561,-0.036582504519748094,-0.823357604457408,135.90768990606165,138.21323043677964,64.44465033812187
2019-07-22 00:00:00+01:00,134.86000061035156,135.2190255405485,136.04911385036073,-0.9731098220404135,-1.643107990985726,134.07473534566472,135.8153337751116,137.5559322045585,2.563183966147802,-0.8300883098122256,-0.005384564283854032,-0.8247037455283716,135.42512884199684,137.6770556192207,67.25250291602775
2019-07-23 00:00:00+01:00,134.57000732421875,135.1191765841901,135.93955040397984,-0.9795436901126493,-1.6085567516360868,133.95108628136617,135.70828683035714,137.4654873793481,2.589673173293483,-0.8203738197897508,0.003463940590896608,-0.8238377603806474,135.42512884199684,137.6770556192207,67.25250291602775
2019-07-24 00:00:00+01:00,134.58999633789062,135.03776423860555,135.8395834361214,-0.5865774546760747,-1.5785818492073247,133.84869951286493,135.60709635416666,137.3654931954684,2.5933699468194584,-0.8018191975158402,0.01761485029184573,-0.8194340478076859,135.42512884199684,137.6770556192207,67.25250291602775
2019-07-25 00:00:00+01:00,135.06300354003906,135.04164720805684,135.78205899937456,-0.1410525296479932,-1.0700533841401807,133.79871081747623,135.5634300595238,137.32814930157136,2.603532886815716,-0.7404117913177117,0.06321780519197939,-0.8036295965096911,135.42512884199684,137.6770556192207,67.25250291602775
2019-07-26 00:00:00+01:00,135.2899932861328,135.0798542969916,135.74560968728258,-0.36360590310289354,-1.215610907985706,133.8088647841755,135.49366760253906,137.1784704209026,2.486910050004401,-0.6657553902909683,0.11029936497497828,-0.7760547552659466,135.42512884199684,137.6770556192207,67.25250291602775
2019-07-29 00:00:00+01:00,134.4409942626953,134.98156813786912,135.6489715076835,-1.198974559441325,-2.7099761463553875,133.7205560026913,135.39342898414247,137.06630196559365,2.4711287600923497,-0.6674033698143944,0.08692110836124178,-0.7543244781756362,133.48008467396144,136.52176143617356,71.50833109936382
2019-07-30 00:00:00+01:00,132.98199462890625,134.67394144418253,135.45141766481112,-2.41841290406893,-3.849412659928305,133.4978064202224,135.1749521891276,136.8520979580328,2.4814445897619515,-0.7774762206285857,-0.018521393962359634,-0.758954826666226,133.48008467396144,136.52176143617356,71.50833109936382
2019-07-31 00:00:00+01:00,132.01800537109375,134.26533589447658,135.19709082823945,-2.2360922930832032,-3.3570944903488282,132.97793177814467,134.93685695103235,136.89578212392004,2.9034693962059146,-0.9317549337628748,-0.13824008567731894,-0.7935148480855558,133.48008467396144,136.52176143617356,71.50833109936382
2019-08-01 00:00:00+01:00,132.24400329589844,133.9543616485415,134.9783436036216,-2.444347021590346,-3.969340918074721,132.53917073734218,134.76847621372767,136.99778169011316,3.308348567880315,-1.023981955080103,-0.18437368559563772,-0.8396082694844653,133.48008467396144,136.52176143617356,71.50833109936382
2019-08-02 00:00:00+01:00,130.24000549316406,133.38292224002188,134.62735559543955,-4.228353520244241,-5.537359257548928,131.59990108846188,134.51466660272507,137.42943211698827,4.333751237508767,-1.2444333554176694,-0.32386006874656326,-0.9205732866711062,133.48008467396144,136.52176143617356,71.50833109936382
2019-08-05 00:00:00+01:00,129.4810028076172,132.78262694272885,134.24614427782308,-4.690144521963703,-6.074147207510578,130.652428633671,134.22152419317337,137.79061975267572,5.318216405240145,-1.4635173350942239,-0.43435523873849413,-1.0291620963557297,131.38339059644304,135.18865300834966,75.31111118478228
2019-08-06 00:00:00+01:00,128.36700439453125,132.1033003968523,133.8106524346163,-3.7566515801240996,-5.4286486504366,129.5932487869729,133.86457170758928,138.13589462820565,6.381558415540373,-1.7073520377639966,-0.5425519531266134,-1.1648000846373832,131.38339059644304,135.18865300834966,75.31111118478228
2019-08-07 00:00:00+01:00,129.38800048828125,131.68556194937983,133.4830485867396,-3.9740459011927385,-5.2200480984583635,128.99222782032612,133.5473334902809,138.10243916023566,6.821709652909355,-1.797486637359782,-0.506149242177919,-1.291337395181863,131.38339059644304,135.18865300834966,75.31111118478228
2019-08-08 00:00:00+01:00,128.83999633789062,131.24778262453535,133.13911879052858,-3.822117447755147,-4.79912245263796,128.35653629325972,133.22061883835565,138.08470138345157,7.3022968779296855,-1.8913361659932377,-0.4799990166490997,-1.411337149344138,131.38339059644304,135.18865300834966,75.31111118478228
2019-08-09 00:00:00+01:00,128.55799865722656,130.83396970648784,132.79977655843214,-4.09578180745558,-5.5287728352876115,127.75477919480973,132.88980901808966,138.0248388413696,7.728252243301698,-1.9658068519443077,-0.4435757620801357,-1.522231089864172,131.38339059644304,135.18865300834966,75.31111118478228
2019-08-12 00:00:00+01:00,126.66600036621094,130.19274365413753,132.34542276641577,-4.868425390927484,-5.690423987118891,126.86601749370371,132.4461902436756,138.0263629936475,8.426324290197318,-2.1526791122782356,-0.5043584179312508,-1.6483206943469848,130.6589293022511,134.33456068056645,78.54364679519453
2019-08-13 00:00:00+01:00,127.2300033569336,129.73693745456768,131.96650281015783,-2.778499270118772,-5.154506350196897,126.23190197787982,132.04952385312035,137.86714572836087,8.811272779311963,-2.229565355590154,-0.46499572899453523,-1.7645696265956186,130.6589293022511,134.33456068056645,78.54364679519453
2019-08-14 00:00:00+01:00,128.5800018310547,129.5589473586426,131.71565088577984,-3.081648200232962,-4.1486495430064,125.90708613573894,131.74119095575242,137.57529577576588,8.85691829212772,-2.156703527137239,-0.3137071204332964,-1.8429964067039426,130.6589293022511,134.33456068056645,78.54364679519453
2019-08-15 00:00:00+01:00,127.69999694824219,129.27295498781177,131.4181950385548,-2.5001957709766884,-3.8531925971485634,125.46739958896615,131.427857535226,137.38831548148585,9.070311360226347,-2.145240050743041,-0.24179491523127883,-1.9034451355117623,130.6589293022511,134.33456068056645,78.54364679519453
2019-08-16 00:00:00+01:00,128.25799560546875,129.11680739052824,131.18410619165954,-1.640099844003288,-3.0441068020111004,125.17276802776982,131.14566657656715,137.11856512536448,9.108800473113853,-2.067298801131301,-0.13108293249563086,-1.93621586863567,130.6589293022511,134.33456068056645,78.54364679519453
2019-08-19 00:00:00+01:00,129.3699951171875,129.1557593484758,131.0497275935505,-1.5177299128864377,-2.0897208796833127,125.09372278197885,130.8921904790969,136.69065817621495,8.859913912196383,-1.8939682450746886,0.03379809884878515,-1.9277663439234738,130.74595225781584,133.84676603604916,75.66372465617106
2019-08-20 00:00:00+01:00,129.25399780273438,129.17087295682327,130.91671057200855,-1.5247122809929294,-2.646706299547617,125.07099777309934,130.62523796444847,136.17947815579763,8.504084322297366,-1.7458376151852804,0.1455429829905548,-1.8913805981758351,130.74595225781584,133.84676603604916,75.66372465617106
2019-08-21 00:00:00+01:00,129.24200439453125,129.1818162549322,130.7926582625658,-1.1306556990892318,-1.9026588729173568,125.080729105258,130.37152353922525,135.6623179731925,8.116487850010271,-1.6108420076336074,0.22443087243378224,-1.8352728800673896,130.74595225781584,133.84676603604916,75.66372465617106
2019-08-22 00:00:00+01:00,129.31399536132812,129.20215150207002,130.68312767728892,-0.05213097318736004,-1.9251320718201725,125.16413528713159,130.1202853974842,135.0764355078368,7.617797786429439,-1.480976175218899,0.2834373638787926,-1.7644135390976916,130.74595225781584,133.84676603604916,75.66372465617106
2019-08-23 00:00:00+01:00,130.4199981689453,129.38951252774314,130.6636366025968,-0.12162915630773341,-1.649629034237421,125.45716563096907,129.89918990362258,134.34121417627608,6.839187027954863,-1.2741240748536597,0.3922315713952256,-1.6663556462488853,130.74595225781584,133.84676603604916,75.66372465617106
2019-08-26 00:00:00+01:00,128.5540008544922,129.2609722703199,130.5073672879224,-0.49036899690676705,-1.9353610623364546,125.81952988236495,129.57842835925874,133.33732683615253,5.801734940745185,-1.246395017602481,0.33596850291712355,-1.5823635205196045,130.2373019121116,133.18579963385687,73.26378954031814
2019-08-27 00:00:00+01:00,129.51800537109375,129.30051582428513,130.43408122000915,-0.11308207450133523,-1.4440757268450852,126.27700441228575,129.34400031680153,132.4109962213173,4.742386035693658,-1.1335653957240197,0.35903849983646774,-1.4926038955604874,130.2373019121116,133.18579963385687,73.26378954031814
2019-08-28 00:00:00+01:00,129.875,129.38889800516435,130.39266779630478,-0.3306713363438405,-1.8566723129063405,126.57848091130705,129.19604819161552,131.81361547192398,4.052085674364051,-1.003769791140428,0.3910672835360476,-1.3948370746764756,130.2373019121116,133.18579963385687,73.26378954031814
2019-08-29 00:00:00+01:00,129.593994140625,129.42045125677367,130.33350678477294,-0.33851166758543627,-1.3305008033276238,126.77591068912554,129.0806190854027,131.38532748167987,3.5709596260183964,-0.913055527999262,0.3854252373417708,-1.2984807653410328,130.2373019121116,133.18579963385687,73.26378954031814
2019-08-30 00:00:00+01:00,129.69200134277344,129.46222819308133,130.28598786314333,-0.49198151548708324,-1.1029892059167707,127.1103899205128,128.95909518287294,130.80780044523308,2.867118848404681,-0.8237596700620031,0.37977687622322387,-1.203536546285227,130.2373019121116,133.18579963385687,73.26378954031814
2019-09-02 00:00:00+01:00,129.02000427246094,129.39419374375512,130.19221130087055,-0.8982049532143037,-2.23021331503071,127.14247854438227,128.900999886649,130.65952122891574,2.72848363288588,-0.7980175571154291,0.3244151913358384,-1.1224327484512675,131.0348695690119,133.10640038370767,63.38059300375101
2019-09-03 00:00:00+01:00,128.1179962158203,129.19785566253438,130.03856573901498,-1.808570011475922,-3.3185645183118595,127.06740892805763,128.83609481084915,130.60478069364066,2.7456372150804698,-0.8407100764806046,0.22537813757653025,-1.0660882140571348,131.0348695690119,133.10640038370767,63.38059300375101
2019-09-04 00:00:00+01:00,127.97000122070312,129.0089549791757,129.88533873765854,-0.0953454515257306,-1.9653405687132306,127.02058579028215,128.8171898978097,130.61379400533724,2.7893856541239312,-0.8763837584828309,0.15176356445944306,-1.028147322942274,131.0348695690119,133.10640038370767,63.38059300375101
2019-09-05 00:00:00+01:00,130.197998046875,129.19188468189867,129.9084986864894,2.1834965527684176,0.06049545413560509,126.97881120590392,128.8557612101237,130.73271121434345,2.9132574074961894,-0.7166140045907241,0.24922665468123983,-0.9658406592719639,131.0348695690119,133.10640038370767,63.38059300375101
2019-09-06 00:00:00+01:00,131.94000244140625,129.61467202951522,130.05898044611286,2.053019065605895,1.2780251691215199,126.71260748224007,129.00338054838636,131.29415361453266,3.551493079341552,-0.44430841659763587,0.4172257941394625,-0.8615342107370983,131.0348695690119,133.10640038370767,63.38059300375101
2019-09-09 00:00:00+01:00,131.3560028076172,129.88256907230013,130.15505617659466,2.360950293131907,0.6689489503584696,126.64802460498218,129.13661884126208,131.62521307754199,3.854203801539737,-0.2724871042945267,0.4712376851540573,-0.743724789448584,132.3932465827918,133.39262898751394,55.700307018873104
2019-09-10 00:00:00+01:00,132.49899291992188,130.28509581808808,130.32868112054481,2.5253227857051854,1.681313386291123,126.792305443397,129.4143803914388,132.03645533948063,4.052215743120418,-0.04358530245673364,0.5601115895934803,-0.6036968920502139,132.3932465827918,133.39262898751394,55.700307018873104
2019-09-11 00:00:00+01:00,132.9149932861328,130.6896954285565,130.52025979947726,2.833744106772741,2.1797371487649286,126.85535462444996,129.68509419759116,132.51483377073234,4.36401668310428,0.16943562907923138,0.6185060169035562,-0.44907038782432485,132.3932465827918,133.39262898751394,55.700307018873104
2019-09-12 00:00:00+01:00,133.23199462890625,131.08081838245644,130.72112904610162,2.8008741277265017,1.4768690007733767,126.74832593987928,129.9066176641555,133.06490938843172,4.8624031339824025,0.35968933635481903,0.6470077793433151,-0.28731844298849607,132.3932465827918,133.39262898751394,55.700307018873104
2019-09-13 00:00:00+01:00,133.36599731445312,131.4323843719944,130.91704521412765,3.8359607673176583,2.384956738997346,126.8544333590885,130.17642720540366,133.49842105171882,5.103833186439246,0.5153391578667481,0.6421260806841953,-0.12678692281744722,132.3932465827918,133.39262898751394,55.700307018873104
2019-09-16 00:00:00+01:00,134.65699768066406,131.92847872717434,131.19407873016738,3.458921147762311,2.695920659481061,126.76804019456239,130.48114158993675,134.19424298531112,5.691399308941571,0.7343999970069603,0.688949535859526,0.04545046114743431,133.36416430714766,133.66596766870614,50.34348798497861
2019-09-17 00:00:00+01:00,134.3979949951172,132.30840430685785,131.4314058609044,3.7395993881190464,2.5535947494471714,126.69007597174797,130.72057015555245,134.75106433935693,6.166579871872262,0.8769984459534612,0.6652383878448215,0.2117600581086397,133.36416430714766,133.66596766870614,50.34348798497861
2019-09-18 00:00:00+01:00,135.1179962158203,132.740649215929,131.7044866279352,3.5205194755804143,2.901516179681977,126.61727340411235,130.99980817522322,135.3823429463341,6.69090257788601,1.0361625879938003,0.6595220239081285,0.3766405640856718,133.36416430714766,133.66596766870614,50.34348798497861
2019-09-19 00:00:00+01:00,135.197998046875,133.1187028822284,131.9632652515604,3.254737067775551,2.3167335277364884,126.63010449306856,131.2834269205729,135.93674934807726,7.088971603886653,1.1554376306680183,0.6230376532658772,0.5323999774021411,133.36416430714766,133.66596766870614,50.34348798497861
2019-09-20 00:00:00+01:00,135.30599975585938,133.45521009355625,132.2108752148418,3.5161297900410204,2.370118437501958,126.7034681813875,131.56876046316964,136.43405274495177,7.395816855999164,1.2443348787144544,0.5695479210498506,0.6747869576646037,133.36416430714766,133.66596766870614,50.34348798497861
2019-09-23 00:00:00+01:00,134.24000549316406,133.57594784734206,132.3611811613842,2.16881761791268,0.9888249421314299,126.786141359764,131.75066557384673,136.71518978792946,7.536241570332098,1.2147666859578692,0.43198378263461235,0.7827829033232568,133.13944368523386,133.52654406480616,42.01310056524106
2019-09-24 00:00:00+01:00,133.77499389648438,133.6065703164409,132.46590803065087,1.9970894058725719,1.0640907486460094,127.17918091698355,131.99928429013207,136.81938766328057,7.303226527431776,1.1406622857900288,0.2863035059734176,0.8543587798166112,133.13944368523386,133.52654406480616,42.01310056524106
2019-09-25 00:00:00+01:00,133.7830047607422,133.63371407710264,132.56347075139837,1.4125271734063176,0.2955227788750676,127.45878141790377,132.20237949916296,136.94597758042215,7.176267324733331,1.0702433257042685,0.1727076367101258,0.8975356889941427,133.13944368523386,133.52654406480616,42.01310056524106
2019-09-26 00:00:00+01:00,133.08599853515625,133.54945014757243,132.6021765131582,0.6748162846933496,-0.22217163034571286,127.71576133003035,132.35528419131325,136.99480705259614,7.010710436882429,0.9472736344142163,0.039790356336058874,0.9074832780781574,133.13944368523386,133.52654406480616,42.01310056524106
2019-09-27 00:00:00+01:00,132.8459930419922,133.44122597748316,132.62023699677553,0.6457694729510308,-0.3002296725567817,128.03545837549012,132.51014128185454,136.98482418821897,6.7537214330586,0.8209889807076252,-0.0691954378964258,0.890184418604051,133.13944368523386,133.52654406480616,42.01310056524106
2019-09-30 00:00:00+01:00,132.67999267578125,133.32411316183672,132.62466334336855,0.7013406849517594,-0.16465662950136561,128.35887833667758,132.65242658342635,136.94597483017512,6.473380634388196,0.6994498184681675,-0.15258768010870682,0.8520374985768743,132.70629456945278,133.2856086752468,37.15919741556727
2019-10-01 00:00:00+01:00,132.7899932861328,133.24194087326688,132.63691000579553,0.6830973184232221,-0.8459096395845904,128.85753038399184,132.83194986979166,136.80636935559147,5.984131814214477,0.6050308674713563,-0.1976053048844144,0.8026361723557707,132.70629456945278,133.2856086752468,37.15919741556727
2019-10-02 00:00:00+01:00,132.41700744628906,133.11502803834722,132.62062092731358,-0.0846254439151437,-1.0416261763370187,129.6560532871913,133.03666469029017,136.41727609338903,5.082225130897476,0.4944071110336381,-0.246583249057706,0.7409903600913441,132.70629456945278,133.2856086752468,37.15919741556727
2019-10-03 00:00:00+01:00,131.8419952392578,132.91917683848732,132.56294495042056,-0.03694397385805814,-1.0829492228814956,130.6375063970638,133.2210453578404,135.80458431861703,3.8785748210233115,0.356231888066759,-0.3078067776196681,0.6640386656864271,132.70629456945278,133.2856086752468,37.15919741556727
2019-10-04 00:00:00+01:00,131.83799743652344,132.7528415458775,132.50924513457633,-0.5372450125060197,-1.2492506277403947,131.0026435817924,133.29914056687127,135.59563755195015,3.4456290945503985,0.24359641130115506,-0.33635380350821764,0.5799502148093727,132.70629456945278,133.2856086752468,37.15919741556727
2019-10-07 00:00:00+01:00,131.6719970703125,132.58655778040594,132.44722675944567,-0.5132210221409821,-1.1412270035862946,130.95706680562074,133.286378406343,135.61569000706527,3.495198276932721,0.13933102096027028,-0.3524953550792819,0.4918263760395522,134.16417155867165,133.82765394122717,36.36666762039933
2019-10-08 00:00:00+01:00,131.78199768066406,132.46277930352258,132.39795053138778,-0.29794442787215303,-1.957948089981528,131.03832881645488,133.3066638764881,135.57499893652133,3.403183297925588,0.06482877213480265,-0.34159808312379963,0.4064268552586023,134.16417155867165,133.82765394122717,36.36666762039933
2019-10-09 00:00:00+01:00,130.68699645996094,132.18958194297463,132.27121319276355,-0.5662113617088664,-1.612216610732304,130.71070062030495,133.22037833077567,135.7300560412464,3.767708427068709,-0.08163124978892711,-0.3904464840380235,0.3088152342490964,134.16417155867165,133.82765394122717,36.36666762039933
2019-10-10 00:00:00+01:00,130.8780059814453,131.98780102581628,132.16801265859183,1.462984045509728,-1.3060131468730845,130.42371781848186,133.12337893531435,135.82304005214684,4.055878296394916,-0.18021163277555274,-0.3912214936197193,0.21100986084416656,134.16417155867165,133.82765394122717,36.36666762039933
2019-10-11 00:00:00+01:00,134.11000061035156,132.31429326959093,132.31186361798143,5.497142119323257,1.7581437062373197,130.4330934739247,133.16518874395462,135.89728401398452,4.103317534859774,0.0024296516095034804,-0.16686416738773047,0.16929381899723395,134.16417155867165,133.82765394122717,36.36666762039933
2019-10-14 00:00:00+01:00,136.8419952392578,133.01086280338583,132.64742892326117,4.332566804277889,2.913575715410701,130.18077577167224,133.3307124546596,136.48064913764694,4.724997901827775,0.36343388012465994,0.15531204890194078,0.20812183122271916,136.3171096523957,134.79841564102955,38.80638861488543
2019-10-15 00:00:00+01:00,136.66700744628906,133.5733465946017,132.9451754805225,6.260818171821256,3.565826106391569,130.01020609631436,133.42642720540366,136.84264831449295,5.120756330873166,0.6281711140792083,0.33603942628519134,0.292131687794017,136.3171096523957,134.79841564102955,38.80638861488543
2019-10-16 00:00:00+01:00,138.83200073242188,134.38237030811248,133.38123661029283,6.429768028379044,4.213764610410294,129.5292617663577,133.6375703357515,137.74587890514528,6.148433496766001,1.001133697819654,0.5672016080205096,0.4339320897991444,136.3171096523957,134.79841564102955,38.80638861488543
2019-10-17 00:00:00+01:00,139.33399963378906,135.14415943513964,133.8221820194407,7.521812121184297,4.866813341887422,129.09698883780564,133.8383324032738,138.57967596874195,7.085180277324166,1.3219774156989388,0.7104362607198356,0.6115411549791032,136.3171096523957,134.79841564102955,38.80638861488543
2019-10-18 00:00:00+01:00,139.69000244140625,135.8435198976422,134.25683538403075,6.057159977297374,5.083160953859874,128.7167449263766,134.05223737444197,139.38772982250734,7.960318384186278,1.5866845136114591,0.7801146869058847,0.8065698267055744,136.3171096523957,134.79841564102955,38.80638861488543
2019-10-21 00:00:00+01:00,139.83599853515625,136.45774738033668,134.67010672855858,6.636900107378921,5.106886069292983,128.40674652359255,134.26795160202752,140.1291566804625,8.730609216125808,1.787640651778105,0.7848566600580245,1.0027839917200805,137.33165077900597,135.4501752683434,40.83948944362385
2019-10-22 00:00:00+01:00,140.85400390625,137.1340945381695,135.12817318616536,5.960831330436207,4.831833527701832,128.08529605424414,134.58290390741257,141.080511760581,9.655918641254042,2.005921352004151,0.8025098882272563,1.2034114637768947,137.33165077900597,135.4501752683434,40.83948944362385
2019-10-23 00:00:00+01:00,139.7429962158203,137.53546402703887,135.47001192910275,4.566990634373809,3.609989901951934,128.02288178428512,134.86709449404762,141.71130720381012,10.14956648311953,2.0654520979361166,0.6896325073273775,1.3758195906087392,137.33165077900597,135.4501752683434,40.83948944362385
2019-10-24 00:00:00+01:00,140.35699462890625,137.9695456580954,135.83201064760672,4.859990695166715,3.26498947446359,127.97124720084946,135.18014163062685,142.38903606040424,10.665611594749384,2.1375350104886763,0.6093723359039498,1.5281626745847265,137.33165077900597,135.4501752683434,40.83948944362385
2019-10-25 00:00:00+01:00,139.4199981689453,138.19269219822615,136.09778750103922,3.6462157948592164,2.9122070057967164,128.12017015515468,135.48176066080728,142.84335116645988,10.867279063612274,2.0949046971869336,0.4533936180817657,1.641511079105168,137.33165077900597,135.4501752683434,40.83948944362385
2019-10-28 00:00:00+00:00,139.4770050048828,138.39027878386565,136.34809990873134,3.845900335409283,2.961897649862408,128.34693403431655,135.79752313523065,143.24811223614475,10.973085412603018,2.0421788751343115,0.32053423682331483,1.7216446383109967,138.2199459376316,136.0996554092776,42.533740134239196
2019-10-29 00:00:00+00:00,140.08299255371094,138.6506962869188,136.62475862317427,3.8902407664741645,2.850247480341352,128.62269076567028,136.15004693894159,143.6774031122129,11.057441906938232,2.0259376637445143,0.24343442034681417,1.7825032433977002,138.2199459376316,136.0996554092776,42.533740134239196
2019-10-30 00:00:00+00:00,140.052001953125,138.86628177402744,136.8786284994669,3.570376627486212,3.061373941939337,128.95050516649843,136.49585687546502,144.04120858443162,11.055795951155877,1.9876532745605289,0.164120024930263,1.8235332496302659,138.2199459376316,136.0996554092776,42.533740134239196
2019-10-31 00:00:00+00:00,140.3419952392578,139.0933146148321,137.13517418389586,3.520831675479144,2.614825816104144,129.389161733764,136.87323724655877,144.35731275935353,10.935776289579827,1.958140430936254,0.10768574504479056,1.8504546858914634,138.2199459376316,136.0996554092776,42.533740134239196
2019-11-01 00:00:00+00:00,139.73199462890625,139.1915730785358,137.32753125389664,2.79946764747055,2.3524614218846125,130.02525385679365,137.2489515032087,144.47264914962375,10.52641578285014,1.8640418246391732,0.010869710998167914,1.8531721136410053,138.2199459376316,136.0996554092776,42.533740134239196
2019-11-04 00:00:00+00:00,139.9969940185547,139.31548399238486,137.5252692364639,2.6877282000595244,2.384734425645462,130.7498348600986,137.6374751499721,144.5251154398456,10.008379305663105,1.7902147559209425,-0.05036588617605031,1.8405806420969928,138.66537859058252,136.59345376459285,43.945615709751976
2019-11-05 00:00:00+00:00,140.08399963378906,139.4337171679855,137.71480482145097,2.8162010379240314,2.282189197103719,131.62248844744116,138.03804670061385,144.45360495378654,9.295347777685064,1.7189123465345233,-0.09733463644997564,1.816246982984499,138.66537859058252,136.59345376459285,43.945615709751976
2019-11-06 00:00:00+00:00,140.5749969482422,139.60929867264036,137.926670904917,2.647334222036136,2.133326653676761,132.6061932371617,138.4567609514509,144.30732866574007,8.45111163093098,1.6826277677233747,-0.10689537220889944,1.7895231399322742,138.66537859058252,136.59345376459285,43.945615709751976
2019-11-07 00:00:00+00:00,140.01400756835938,139.67156157967406,138.08128843554235,2.4417065595748397,1.4057110761764022,134.1677136283997,138.9009043375651,143.6340950467305,6.815205029425182,1.5902731441317144,-0.1593999966404478,1.7496731407721622,138.66537859058252,136.59345376459285,43.945615709751976
2019-11-08 00:00:00+00:00,140.08099365234375,139.73455112931555,138.229414747898,1.968583298976995,1.25859184389887,136.23434177107669,139.33914184570312,142.44394192032956,4.456465044207797,1.5051363814175431,-0.19562940748369528,1.7007657889012384,138.66537859058252,136.59345376459285,43.945615709751976
2019-11-11 00:00:00+00:00,139.74400329589844,139.73600530878983,138.34160649219433,2.1173931415947322,1.0183941181572322,137.56421196972116,139.60742768787202,141.65064340602288,2.927087407869144,1.3943988165954977,-0.24509357784459262,1.6394923944400903,139.21918488883887,137.1267885818441,44.61661150528036
2019-11-12 00:00:00+00:00,140.13400268554688,139.79723567444475,138.4743765805908,2.0976296449951235,1.473621466284186,138.12939349578593,139.7641899472191,141.39898639865228,2.3393638271012676,1.3228590938539355,-0.2533066404689239,1.5761657343228594,139.21918488883887,137.1267885818441,44.61661150528036
2019-11-13 00:00:00+00:00,140.0659942626953,139.8385831495602,138.59227418667263,1.647731306491437,0.857722761569562,139.05543252594018,139.92604646228608,140.79666039863199,1.24439153160889,1.246308962887582,-0.2638854171482219,1.510194380035804,139.21918488883887,137.1267885818441,44.61661150528036
2019-11-14 00:00:00+00:00,139.8300018310547,139.8372629467132,138.68395771588612,1.1620353261060643,0.7060416737623143,139.25058775394496,139.97357032412575,140.69655289430654,1.0330272615132072,1.1533052308270726,-0.28551131936698515,1.4388165501940577,139.21918488883887,137.1267885818441,44.61661150528036
2019-11-15 00:00:00+00:00,139.7449951171875,139.82306789601694,138.76255307894547,1.6764422823826521,0.8974505831639021,139.31993355162905,139.99314153762091,140.66634952361278,0.961772810578655,1.0605148170714642,-0.3026413864980748,1.363156203569539,139.21918488883887,137.1267885818441,44.61661150528036
2019-11-18 00:00:00+00:00,140.42999267578125,139.9164409390576,138.88606712315553,2.6429398348522852,1.5039322664929102,139.34494006152028,140.02837916782923,140.71181827413818,0.9761437079691188,1.0303738159020668,-0.2662259101339779,1.2965997260360447,139.26097616449934,137.44361288669785,46.50878426558871
2019-11-19 00:00:00+00:00,140.6909942626953,140.035602988848,139.0197654297881,1.8932289549775305,1.250238842672843,139.33626371715326,140.069093250093,140.80192278303275,1.0463829185090547,1.0158375590599178,-0.22460973358090142,1.2404472926408192,139.26097616449934,137.44361288669785,46.50878426558871
2019-11-20 00:00:00+00:00,140.197998046875,140.0605868439291,139.10704191994267,1.3319534413854512,0.6209549062292012,139.39059036748355,140.03785487583704,140.68511938419053,0.924413629339548,0.9535449239864136,-0.22952189492352448,1.183066818909938,139.26097616449934,137.44361288669785,46.50878426558871
2019-11-21 00:00:00+00:00,140.19000244140625,140.08049693584866,139.18726121782888,1.6657356083429988,0.7797340214289363,139.42275423743476,140.05914088657923,140.6955275357237,0.9087399010391183,0.8932357180197812,-0.23186488071212552,1.1251005987319067,139.26097616449934,137.44361288669785,46.50878426558871
2019-11-22 00:00:00+00:00,140.25,140.10657433033347,139.2659826091008,1.1780176350398222,0.06801702468825965,139.42561595717657,140.05404590425036,140.68247585132414,0.8974106288988142,0.8405917212326699,-0.2276071019993895,1.0681988232320594,139.26097616449934,137.44361288669785,46.50878426558871
2019-11-25 00:00:00+00:00,139.6999969482422,140.04402396385788,139.29813181940756,1.3088628094986916,0.3418675702408791,139.48298647500908,140.06737917945497,140.65177188390086,0.8344451190125615,0.7458921444503233,-0.25784534302538886,1.0037374874757121,140.01236810217924,138.0252613282466,48.37761295255332
2019-11-26 00:00:00+00:00,140.55499267578125,140.122634534923,139.3912326235834,1.4617642025884834,0.5987728695806709,139.5620480429189,140.11871192568825,140.6753758084576,0.7945603768675558,0.7314019113396171,-0.21786846090887602,0.9492703722484931,140.01236810217924,138.0252613282466,48.37761295255332
2019-11-27 00:00:00+00:00,140.29800415039062,140.14961447576417,139.45840088482836,1.513599237241948,0.5715978944685105,139.56740331238535,140.12895057314918,140.690497833913,0.8014721561347822,0.6912135909358028,-0.20644542505015218,0.897659015985955,140.01236810217924,138.0252613282466,48.37761295255332
2019-11-28 00:00:00+00:00,141.3699951171875,140.33736534367546,139.6000004575957,2.1440028383027254,1.6299952699433504,139.42241295373339,140.19171215239027,140.96101135104715,1.0974959743991755,0.7373648860797459,-0.1282353039249673,0.8656001900047132,140.01236810217924,138.0252613282466,48.37761295255332
2019-11-29 00:00:00+00:00,141.3939971923828,140.49992408963044,139.732889104617,1.9481106512423878,1.3961086981173878,139.31832901548043,140.24180748349144,141.16528595150245,1.3169802708364546,0.7670349850134528,-0.07885216399300832,0.8458871490064611,140.01236810217924,138.0252613282466,48.37761295255332
2019-12-02 00:00:00+00:00,141.4239959716797,140.6420889945611,139.85815627995495,1.940839691724733,1.113843842115358,139.30083962161547,140.32237897600447,141.34391833039348,1.4559892183180447,0.7839327146061521,-0.049563547520247164,0.8334962621263993,140.9168299961794,138.69676025052274,51.69850082395253
2019-12-03 00:00:00+00:00,141.0659942626953,140.70730518965868,139.94762576015793,1.748373385349879,0.9733794888655041,139.31576913995747,140.37328374953498,141.4307983591125,1.5067177761039061,0.7596794295007498,-0.059053466100519536,0.8187328956012694,140.9168299961794,138.69676025052274,51.69850082395253
2019-12-04 00:00:00+00:00,141.1999969482422,140.78310392174845,140.04039399631233,2.722606491968918,0.7796133279064179,139.32131003977014,140.42642647879464,141.53154291781914,1.5739436895681163,0.7427099254361167,-0.060818376132122154,0.8035283015682388,140.9168299961794,138.69676025052274,51.69850082395253
2019-12-05 00:00:00+00:00,142.66600036621094,141.0727802978196,140.23488335704556,3.0121106615091264,2.3751172533060014,139.065590704914,140.5259980701265,141.98640543533898,2.0784870917390026,0.8378969407740442,0.027494911364644326,0.8104020294093999,140.9168299961794,138.69676025052274,51.69850082395253
2019-12-06 00:00:00+00:00,143.07400512695312,141.38066104076321,140.445188673335,2.6848162094775034,1.944810716313441,138.8732225840914,140.67171223958334,142.4702018950753,2.5570025797779055,0.9354723674282184,0.10005627041505483,0.8354160970131635,140.9168299961794,138.69676025052274,51.69850082395253
2019-12-09 00:00:00+00:00,142.7169952392578,141.5862509174547,140.61347064118112,2.465524109795439,1.9465269174126263,138.8219208681448,140.79723612467447,142.77255138120415,2.805900614100922,0.9727802762735678,0.1098913434083234,0.8628889328652444,142.53408173247897,139.70702095831638,57.02024383024903
2019-12-10 00:00:00+00:00,142.70399475097656,141.7582115072273,140.76832427894374,2.5016799935172003,1.8686691292593878,138.86367005566777,140.93818809872582,143.01270614178387,2.9438693246217547,0.9898872282835498,0.10159863633464439,0.8882885919489054,142.53408173247897,139.70702095831638,57.02024383024903
2019-12-11 00:00:00+00:00,142.80599975585938,141.91940969932452,140.91926320315972,2.3917414355121593,1.6507441210590343,138.87905883067262,141.06542605445497,143.25179327823733,3.099791756115151,1.0001464961648026,0.08948632337271767,0.9106601727920849,142.53408173247897,139.70702095831638,57.02024383024903
2019-12-12 00:00:00+00:00,143.27200317382812,142.1275010030943,141.09354023802405,2.54304118287439,1.4024619592415775,138.88911522867204,141.2180931454613,143.54707106225055,3.2984129227553,1.0339607650702476,0.09864047382253016,0.9353202912477174,142.53408173247897,139.70702095831638,57.02024383024903
2019-12-13 00:00:00+00:00,147.41900634765625,142.94157874841153,141.56209328318198,6.36991355275552,3.9049019560758325,138.13581266949632,141.57947431291853,145.02313595634075,4.864634029945678,1.3794854652295498,0.355332139185466,1.0241533260440838,142.53408173247897,139.70702095831638,57.02024383024903
2019-12-16 00:00:00+00:00,146.0709991455078,143.4230280402725,141.89608631002093,4.836915398963441,3.9509138120493787,138.04698817101968,141.8807125999814,145.7144370289431,5.4041516407808325,1.5269417302515649,0.40223072336598475,1.1247110068855801,142.4413816367568,140.07115817074438,59.805453665573374
2019-12-17 00:00:00+00:00,145.42300415039062,143.73071667259836,142.15733948338166,3.5556579531417754,1.3506561220870879,138.06131990856076,142.11847505115327,146.17563019374577,5.709539370067401,1.5733771892167,0.35893294586489577,1.2144442433518041,142.4413816367568,140.07115817074438,59.805453665573374
2019-12-18 00:00:00+00:00,143.68800354003906,143.7241454214354,142.27072200609703,1.4282831208560935,0.8152765290592185,138.2040815630956,142.26118977864584,146.3182979941961,5.703745655245795,1.4534234153383636,0.19118333758924755,1.262240077749116,142.4413816367568,140.07115817074438,59.805453665573374
2019-12-19 00:00:00+00:00,143.3515625,143.6668249719838,142.35078426490466,1.4702148806031516,-0.31478878150622336,138.43825350294915,142.41135951450892,146.38446552606868,5.579759964520222,1.3160407070791393,0.043040503464018665,1.2730002036151207,142.4413816367568,140.07115817074438,59.805453665573374
2019-12-20 00:00:00+00:00,142.36000061035156,143.4657750701942,142.35146695716,0.6735269393243755,-0.17147428137874954,138.6671647409844,142.51469276064918,146.36222078031398,5.399482600894556,1.1143081130342125,-0.12695367246472644,1.241261785498939,142.4413816367568,140.07115817074438,59.805453665573374
2019-12-23 00:00:00+00:00,142.38099670410156,143.29888609079535,142.35365434582235,0.14735273425577589,-1.1886610596895366,138.90284597162935,142.61616879417784,146.32949161672633,5.207435950558341,0.9452317449730003,-0.2368240324207509,1.1820557773937512,142.70389696193942,140.5222680909673,57.361320858361886
2019-12-24 00:00:00+00:00,141.53811645507812,143.02799845453117,142.29324413169314,-0.5102393709509556,-0.9642493807165806,139.18806592715345,142.70369829450334,146.21933066185323,4.927177654631688,0.7347543228380289,-0.35784116364457796,1.0925954864826068,142.70389696193942,140.5222680909673,57.361320858361886
2019-12-25 00:00:00+00:00,141.39999389648438,142.77753621483166,142.2270774476036,0.19292072134172145,-1.5920829407676536,139.30918462402073,142.74393644787017,146.1786882717196,4.81246616749119,0.550458767228065,-0.4337093754036335,0.9841681426316985,142.70389696193942,140.5222680909673,57.361320858361886
2019-12-26 00:00:00+00:00,141.85899353027344,142.63622195566884,142.1998119722458,0.4861926664260636,-0.3658123384567489,139.53421003092998,142.81826927548363,146.10232852003728,4.5989343817337405,0.43640998342303305,-0.43820652736693233,0.8746165107899654,142.70389696193942,140.5222680909673,57.361320858361886
2019-12-27 00:00:00+00:00,142.46299743652344,142.60957202964647,142.21930719182194,1.4356915874749347,-0.19631219670475275,139.64561122608686,142.87031700497582,146.09502278386478,4.5141717978782845,0.3902648378245317,-0.387481338372347,0.7777461761968787,142.70389696193942,140.5222680909673,57.361320858361886
2019-12-30 00:00:00+00:00,143.2480010986328,142.7077918864136,142.2955067404746,1.1184947243691568,0.47249863061915676,139.79955659579295,142.95860290527344,146.11764921475392,4.419525996030781,0.4122851459389949,-0.29236882420630705,0.704653970145302,142.29102163999087,140.65698279169965,57.0517178896672
2019-12-31 00:00:00+00:00,142.76400756835938,142.71644045286678,142.3302105055031,2.003789128285973,0.09778326891097322,139.93665139478935,143.0224129813058,146.10817456782223,4.315074151237785,0.3862299473636881,-0.2547392182252911,0.6409691655889792,142.29102163999087,140.65698279169965,57.0517178896672
2020-01-01 00:00:00+00:00,144.4199981689453,142.9785262553404,142.485009591684,2.822226126089447,1.524984915151947,140.17166660622277,143.182127453032,146.19258829984122,4.2050790840452414,0.4935166636564077,-0.11796200154605718,0.6114786652024649,142.29102163999087,140.65698279169965,57.0517178896672
2020-01-02 00:00:00+00:00,144.04800415039062,143.14306131611735,142.600786966403,1.5682193812532432,-0.3247859898405068,140.42227427606656,143.31774684361048,146.2132194111544,4.040633670725347,0.5422743497143472,-0.05536345239049412,0.5976378021048413,142.29102163999087,140.65698279169965,57.0517178896672
2020-01-03 00:00:00+00:00,142.70799255371094,143.07612766036252,142.6087281210184,0.12827139070034832,-1.5857331259012142,140.42601958978977,143.31974647158668,146.2134733533836,4.038141223436497,0.4673995393441146,-0.10419061020858134,0.5715901495526959,142.29102163999087,140.65698279169965,57.0517178896672
2020-01-06 00:00:00+00:00,141.2010040283203,142.7876471015868,142.50445226230002,0.2245516439499795,-1.3844571451125205,140.1998144991961,143.23055594308036,146.26129738696463,4.231976094666113,0.2831948392867787,-0.23071624821273384,0.5139110874995125,142.51222630003298,140.985218910045,56.79371541575497
2020-01-07 00:00:00+00:00,142.7729949951172,142.78539293136072,142.52434431658278,0.7486506785344034,-0.49034773455153413,140.20419525098512,143.23322259812127,146.26224994525742,4.229503870948835,0.26104861477793406,-0.2022899781772628,0.46333859295519686,142.51222630003298,140.985218910045,56.79371541575497
2020-01-08 00:00:00+00:00,141.63900756835938,142.60902595243743,142.4587638167144,0.48824240887154247,-1.3237693098784575,140.08485343303028,143.18250892275856,146.28016441248684,4.326862984918567,0.1502621357230396,-0.2504611657857258,0.4007233015087654,142.51222630003298,140.985218910045,56.79371541575497
2020-01-09 00:00:00+00:00,142.875,142.64994503667782,142.4895961265874,0.9584019202875993,-0.0695979576420882,140.08959756753617,143.18579464867003,146.28199172980388,4.3247266095507335,0.16034891009041985,-0.19229951313467641,0.35264842322509626,142.51222630003298,140.985218910045,56.79371541575497
2020-01-10 00:00:00+00:00,143.11000061035156,142.720722817243,142.53555201427363,0.9524545775232411,0.33444310291386614,140.0819735000714,143.1780802408854,146.27418698169942,4.324833432051976,0.18517080296936683,-0.13398209620458357,0.3191528991739504,142.51222630003298,140.985218910045,56.79371541575497
2020-01-13 00:00:00+00:00,142.91200256347656,142.7501504705097,142.56343724014053,0.3985683750938449,-0.1824405360389676,140.5161531664135,142.96346101306733,145.41076885972117,3.423682987683336,0.18671323036917897,-0.10595173504381716,0.29266496541299614,142.75694542235271,141.30824244675173,57.612629082211384
2020-01-14 00:00:00+00:00,142.8470001220703,142.76505041690365,142.58444189806124,0.6625521204934444,-0.13444494981905564,140.79543190663176,142.80993725004652,144.82444259346127,2.8212397291198976,0.18060851884240492,-0.08964515725647298,0.2702536760988779,142.75694542235271,141.30824244675173,57.612629082211384
2020-01-15 00:00:00+00:00,143.04600524902344,142.80827423722977,142.6186317759103,0.7253623647146981,0.07137066549594806,141.04841301813488,142.69674682617188,144.34508063420887,2.310261228372552,0.18964246131946538,-0.06448897182353003,0.2541314331429954,142.75694542235271,141.30824244675173,57.612629082211384
2020-01-16 00:00:00+00:00,143.28700256347656,142.88192474896005,142.66814072313744,1.4388539057688092,0.6018635493234967,141.0668293596584,142.67765154157365,144.2884737234889,2.2579880794377596,0.21378402582260492,-0.032277925856312395,0.2460619516789173,142.75694542235271,141.30824244675173,57.612629082211384
2020-01-17 00:00:00+00:00,144.0570068359375,143.06270660849503,142.77101969445596,1.700980427614354,0.5889809158956041,141.01827857753688,142.71124412899925,144.40420968046163,2.372574861630492,0.2916869140390759,0.03649996988812687,0.255186944150949,142.75694542235271,141.30824244675173,57.612629082211384
2020-01-20 00:00:00+00:00,143.30999755859375,143.10075137004867,142.8109439806884,0.5310512585694198,0.003051380639732315,141.05274095016654,142.75648207891555,144.46022320766457,2.3869194644446203,0.28980738936027706,0.027696356167462466,0.2621110331928146,142.78721796874297,141.52817396314768,58.397545928854804
2020-01-21 00:00:00+00:00,143.26199340820312,143.12555783745705,142.8443550493932,1.1216483685755634,0.01663738224743838,141.09036129824938,142.79843430292038,144.5065073075914,2.3922853398345354,0.2812027880638652,0.01527340389684051,0.2659293841670247,142.78721796874297,141.52817396314768,58.397545928854804
2020-01-22 00:00:00+00:00,143.3860626220703,143.1656354966283,142.88448153625816,1.6835116278043358,0.45452298034339833,141.25862358811207,142.88643173944382,144.51423989077557,2.2784642761603684,0.2811539603701476,0.01217966096249834,0.2689742994076493,142.78721796874297,141.52817396314768,58.397545928854804
2020-01-23 00:00:00+00:00,144.21499633789062,143.32707562605327,142.98303818823095,1.303964375245613,0.22796034692530043,141.44148169368594,143.0204794747489,144.59947725581185,2.2080722800845227,0.34403743782232254,0.060050510731738616,0.28398692709058393,142.78721796874297,141.52817396314768,58.397545928854804
2020-01-24 00:00:00+00:00,143.71499633789062,143.3867557355667,143.03725731042798,1.1777390274626498,-0.2142592635529752,141.59330647442263,143.1088605608259,144.62441464722914,2.1180436773292546,0.34949842513873364,0.052409198438519766,0.29708922670021387,142.78721796874297,141.52817396314768,58.397545928854804
2020-01-27 00:00:00+00:00,142.10299682617188,143.1892543648906,142.9680528301127,-0.23405929983925944,-0.8530473369486344,141.5396254940529,143.09171767461868,144.64380985518446,2.1693669008784093,0.22120153477789017,-0.06071015353785897,0.28191168831574914,142.88873918456562,141.75154648501385,52.63139438892518
2020-01-28 00:00:00+00:00,142.23899841308594,143.04306114153601,142.91404879922183,-0.47905124062808113,-1.4190536820343311,141.4519398988996,143.04366992768786,144.6353999564761,2.225516207173526,0.12901234231418357,-0.12231947680125244,0.251331819115436,142.88873918456562,141.75154648501385,52.63139438892518
2020-01-29 00:00:00+00:00,142.12899780273438,142.9024360124896,142.8558968735561,-0.6503609848842302,-1.1488961411342302,141.3780699934289,143.01343136742003,144.64879274141114,2.2870038965636197,0.046539138933496815,-0.16383414414555136,0.21037328307904818,142.88873918456562,141.75154648501385,52.63139438892518
2020-01-30 00:00:00+00:00,141.91099548339844,142.74990670032173,142.78590417798887,-0.10791040357480597,-1.5218966096294935,141.3217073931034,142.89395504906065,144.4662027050179,2.200579661214425,-0.0359974776671379,-0.19709660859694886,0.16109913092981096,142.88873918456562,141.75154648501385,52.63139438892518
2020-01-31 00:00:00+00:00,142.46099853515625,142.70545929029626,142.7618370933346,0.5181616859622693,-0.2568322105221057,141.32468271118756,142.8183833530971,144.31208399500662,2.091748424594018,-0.05637780303834461,-0.17398154717452446,0.11760374413617984,142.88873918456562,141.75154648501385,52.63139438892518
2020-02-03 00:00:00+00:00,142.84271240234375,142.72657515368817,142.7678278569649,0.32917226510539876,-1.6358240727852262,141.3318925042533,142.82479858398438,144.31770466371546,2.0905418310157406,-0.04125270327674002,-0.1270851579303359,0.08583245465359587,142.42711803385103,141.71616494892928,46.76882055690733
2020-02-04 00:00:00+00:00,141.15199279785156,142.4843317143287,142.64813637110467,-0.1061289248156072,-1.6781351504015447,141.31929403465642,142.82246471586683,144.32563539707724,2.1049499239504605,-0.1638046567759659,-0.19970968914364942,0.03590503236768352,142.42711803385103,141.71616494892928,46.76882055690733
2020-02-05 00:00:00+00:00,142.61000061035156,142.50366539063992,142.64531149993778,0.6876810537731615,-0.40530600677371353,141.30890984358436,142.81470307849702,144.32049631340968,2.1087369891950285,-0.14164610929785226,-0.14204091333242863,0.0003948040345763612,142.42711803385103,141.71616494892928,46.76882055690733
2020-02-06 00:00:00+00:00,142.69000244140625,142.53233262921935,142.64862194004655,0.15437183436750956,-0.5686201089918654,141.4515736586084,142.864750453404,144.27792724819963,1.9783421597149422,-0.11628931082719873,-0.09334729188942006,-0.022942018937778662,142.42711803385103,141.71616494892928,46.76882055690733
2020-02-07 00:00:00+00:00,142.16329956054688,142.47555831096204,142.6126721341577,-0.25767640661862856,-0.9976666409936286,141.38650022994423,142.8308599562872,144.2752196826302,2.02247571258063,-0.1371138231956479,-0.0913374434062954,-0.04577637978935251,142.42711803385103,141.71616494892928,46.76882055690733
2020-02-10 00:00:00+00:00,141.3280029296875,142.2990113292275,142.51751145234508,-0.4435063253919509,-1.2475071798841384,141.17350938976276,142.74600292387464,144.31849645798653,2.2032049961503777,-0.21850012311756473,-0.13817899466256978,-0.08032112845499495,142.67394620225485,141.92351317609118,42.253003223175966
2020-02-11 00:00:00+00:00,141.75999450683594,142.2160856642442,142.46139908601106,-0.01939774323761867,-0.7814064102298062,141.06614289430613,142.69114539736793,144.31614790042974,2.2776500931946155,-0.2453134217668662,-0.13199383464949702,-0.1133195871173692,142.67394620225485,141.92351317609118,42.253003223175966
2020-02-12 00:00:00+00:00,142.30499267578125,142.22976366601912,142.44981342599402,0.42619365408410204,-0.22280842111121046,141.03385018687888,142.66533551897322,144.29682085106757,2.287150310423333,-0.2200497599748985,-0.08538413828602345,-0.13466562168887505,142.67394620225485,141.92351317609118,42.253003223175966
2020-02-13 00:00:00+00:00,142.3179931640625,142.24333743494887,142.44004896214724,1.0249473757433805,-0.30004957249880704,141.0020751276983,142.6306682768322,144.25926142596612,2.283650730673105,-0.19671152719837437,-0.04963672440759945,-0.14707480279077492,142.67394620225485,141.92351317609118,42.253003223175966
2020-02-14 00:00:00+00:00,143.16000366210938,142.38436300835818,142.49337893992222,0.900618252460589,0.284620938007464,141.00490231257675,142.62462071010046,144.24433910762417,2.2713026537205807,-0.10901593156404488,0.030447096981384036,-0.1394630285454289,142.67394620225485,141.92351317609118,42.253003223175966
2020-02-17 00:00:00+00:00,143.28900146484375,142.5235381555098,142.55231394176826,0.7796867906536136,0.32167897815361357,141.06771730242735,142.58804902576264,144.10838074909793,2.132481275566927,-0.028775786258449898,0.08854979382958321,-0.11732558008803311,143.28593178620375,142.29299743009267,42.03221723087543
2020-02-18 00:00:00+00:00,142.8300018310547,142.57068641328596,142.57288341504875,0.6421129228418749,-0.24088268262687507,141.0748258721872,142.56519208635603,144.05555830052486,2.090785544996243,-0.0021970017627950256,0.09210286266019047,-0.09429986442298549,143.28593178620375,142.29299743009267,42.03221723087543
2020-02-19 00:00:00+00:00,142.88699340820312,142.6193490278886,142.59615082194907,1.3498483235587457,0.21384673664468323,141.0820163397711,142.5473349434989,144.0126535472267,2.0559045938089455,0.023198205939536365,0.09399845629001749,-0.07080025035048113,143.28593178620375,142.29299743009267,42.03221723087543
2020-02-20 00:00:00+00:00,143.74000549316406,142.79175771485407,142.68088079759463,1.8941161506475623,0.9311187141241248,141.05323784464304,142.56418936593192,144.0751408872208,2.1196789011447987,0.11087691725944637,0.145341734087942,-0.03446481682849562,143.28593178620375,142.29299743009267,42.03221723087543
2020-02-21 00:00:00+00:00,144.21499633789062,143.01071750301355,142.7945189857647,2.1434845542743517,0.9684815025165392,141.05323784464304,142.56418936593192,144.0751408872208,2.1196789011447987,0.21619851724884143,0.20053066726186963,0.015667849986971787,143.28593178620375,142.29299743009267,42.03221723087543
2020-02-24 00:00:00+00:00,144.49400329589844,143.23891531730354,142.9204067124413,1.6795993910743334,-0.10841025248035407,140.94762846534937,142.60128493536087,144.25494140537236,2.3192728884050053,0.3185086048622452,0.2422726039002187,0.07623600096202647,141.71138840271655,141.7600408880426,40.063450797451765
2020-02-25 00:00:00+00:00,143.28399658203125,143.2458508964924,142.9473392953739,0.6626613149776688,0.09965777493860628,140.9951706682697,142.65752301897322,144.31987536967674,2.330549858884658,0.2985116011185198,0.1778204801251947,0.12069112099332514,141.71138840271655,141.7600408880426,40.063450797451765
2020-02-26 00:00:00+00:00,143.3939971923828,143.2686426343217,142.9804250655227,0.7185800614304299,-0.38942164755394515,141.03286103223746,142.7125229608445,144.39218488945153,2.3539096552415026,0.2882175687990127,0.13402115824455008,0.15419641055446265,141.71138840271655,141.7600408880426,40.063450797451765
2020-02-27 00:00:00+00:00,142.42999267578125,143.13961956377702,142.93965229591223,-0.4056557138809751,-1.5576485117325376,141.06228720347187,142.7268560500372,144.39142489660256,2.332523664616812,0.19996726786479257,0.03661668584826394,0.16335058201652863,141.71138840271655,141.7600408880426,40.063450797451765
2020-02-28 00:00:00+00:00,141.3280029296875,142.86090931237862,142.82027086137705,-1.492267931689554,-5.2182658564942415,140.96311000370187,142.69909449986048,144.4350789960191,2.433070093742333,0.04063845100156982,-0.09816970481196705,0.13880815581353687,141.71138840271655,141.7600408880426,40.063450797451765
2020-03-02 00:00:00+00:00,137.91099548339844,142.09938410792014,142.45662083337865,-3.303620955448963,-5.291627547245838,139.8025204668578,142.48242768787202,145.16233490888624,3.7617371692808823,-0.35723672545850604,-0.3968359050176343,0.03959917955912827,140.26906382609488,141.13495142872958,39.921569713898855
2020-03-03 00:00:00+00:00,138.4929962158203,141.54455520144325,142.16301900985582,-3.697015591887066,-4.9530122959886285,139.1103175276374,142.2752983456566,145.44027916367583,4.449093911340706,-0.6184638084125709,-0.5264503903773593,-0.09201341803521156,140.26906382609488,141.13495142872958,39.921569713898855
2020-03-04 00:00:00+00:00,137.22000122070312,140.8792392044063,141.79686954399264,-3.821863440477017,-4.554865149461392,138.27960413580098,142.0880606515067,145.89651716721244,5.360698848647905,-0.9176303395863386,-0.6604935372409015,-0.25713680234543695,140.26906382609488,141.13495142872958,39.921569713898855
2020-03-05 00:00:00+00:00,138.6009979248047,140.52874054600605,141.5601383129417,-3.0011325756370013,-3.779132453566689,137.820050408031,141.89715576171875,145.9742611154065,5.7465638853737815,-1.0313977669356404,-0.6194087716721628,-0.41198899526347765,140.26906382609488,141.13495142872958,39.921569713898855
2020-03-06 00:00:00+00:00,137.58299255371094,140.0755485471914,141.26553492336905,-3.536531017119046,-4.818528697783108,137.2029390987992,141.65396481468565,146.1049905305721,6.284364467608618,-1.189986376177643,-0.6223979047313323,-0.5675884714463107,140.26906382609488,141.13495142872958,39.921569713898855
2020-03-09 00:00:00+00:00,136.1179962158203,139.4666943423651,140.88423575984692,-4.591236492268791,-8.202228923909416,136.33933980199106,141.3660932268415,146.39284665169197,7.111681889354233,-1.4175414174818286,-0.6799623568284143,-0.7375790606534143,137.65230170600336,139.88978371974255,43.966990101174055
2020-03-10 00:00:00+00:00,134.78900146484375,138.74704928428488,140.43273692318002,-3.2707343597034537,-6.336743881187829,135.29973296623692,141.0547122047061,146.8096914431753,8.159924824230272,-1.685687638895132,-0.7584868625933743,-0.9272007763017578,137.65230170600336,139.88978371974255,43.966990101174055
2020-03-11 00:00:00+00:00,135.56500244140625,138.2575036161497,140.07216399860417,-3.5521597261432305,-5.735158383369793,134.56154316729214,140.7597125825428,146.95788199779344,8.806737810886027,-1.8146603824544627,-0.7099676849221639,-1.1046926975322988,137.65230170600336,139.88978371974255,43.966990101174055
2020-03-12 00:00:00+00:00,133.99200439453125,137.60127296666994,139.62178180570987,-5.411775091842685,-8.267777899459873,133.5771171227181,140.36385599772134,147.15059487272458,9.670208654161529,-2.020508839039934,-0.7326529132061081,-1.2878559258338258,137.65230170600336,139.88978371974255,43.966990101174055
2020-03-13 00:00:00+00:00,131.46192932128906,136.65675855968826,139.01734828834537,-4.724349020767249,-7.781355856704749,132.14250944332161,139.8469005766369,147.55129170995218,11.018322324695689,-2.360589728657118,-0.8581870422586335,-1.5024026863984843,137.65230170600336,139.88978371974255,43.966990101174055
2020-03-16 00:00:00+00:00,132.25399780273438,135.97941075092612,138.5163593634853,-6.0223560675868555,-9.623353992391543,131.13187367690898,139.32756696428572,147.52326025166246,11.764639928690594,-2.536948612559172,-0.8276367409285501,-1.709311871630622,136.52045943811683,139.08506817439988,49.5685456559666
2020-03-17 00:00:00+00:00,130.20599365234375,135.0911927357596,137.90077671821555,-6.788777206496803,-9.247776840285866,129.84590167008886,138.7045665922619,147.56323151443493,12.77342936835541,-2.809583982455962,-0.880217688660272,-1.92936629379569,136.52045943811683,139.08506817439988,49.5685456559666
2020-03-18 00:00:00+00:00,130.1300048828125,134.32793306607542,137.32516398966717,-7.059157519940612,-10.258162646893737,128.73093919870848,138.0998048328218,147.46867046693512,13.568253257786859,-2.997230923591758,-0.8542917038368545,-2.1429392197549033,136.52045943811683,139.08506817439988,49.5685456559666
2020-03-19 00:00:00+00:00,125.96199798583984,133.04086613065456,136.48344798938368,-6.983447989383677,-11.553447684207896,126.85956330762338,137.29385266985213,147.72814203208088,15.199936718681625,-3.4425818587291133,-1.039714111179368,-2.4028677475497453,136.52045943811683,139.08506817439988,49.5685456559666
2020-03-20 00:00:00+00:00,127.86299896240234,132.24427118169268,135.84489620960727,-3.8958910826541455,-8.338899505505708,125.7853971812444,136.53780473981584,147.29021229838727,15.750081201409447,-3.600625027914589,-0.9582058242918747,-2.642419203622714,136.52045943811683,139.08506817439988,49.5685456559666
2020-03-23 00:00:00+00:00,128.35000610351562,131.64515347735775,135.28971916471158,-6.21571403775846,-7.877716601235022,125.06438616561687,135.78232901436942,146.50027186312198,15.786948016804617,-3.6445656873538326,-0.8017171869848947,-2.842848500368938,135.74733306616642,138.387355624095,54.236508618293726
2020-03-24 00:00:00+00:00,128.46299743652344,131.1555910095371,134.78403607373468,-3.3980344868206203,-6.76503888135187,124.61261595371036,135.0189477829706,145.42527961223084,15.414624391811099,-3.6284450641975923,-0.6284772510629235,-2.9999678131346688,135.74733306616642,138.387355624095,54.236508618293726
2020-03-25 00:00:00+00:00,131.00399780273438,131.13226897772128,134.50403323884578,-1.1460315298614034,-4.588032872634841,124.58620269422826,134.43418593633743,144.2821691784466,14.651010341629577,-3.371764261124497,-0.2974371583918627,-3.074327102732634,135.74733306616642,138.387355624095,54.236508618293726
2020-03-26 00:00:00+00:00,131.36500549316406,131.1680745954817,134.27151266509156,-1.4055153506384386,-3.644513763724376,124.79641655768634,133.8613768078032,142.92633705792005,13.543802501198284,-3.103438069609865,-0.02328877350178482,-3.0801492961080803,135.74733306616642,138.387355624095,54.236508618293726
2020-03-27 00:00:00+00:00,133.06399536132812,131.45975471330422,134.18206693888686,-0.5020742631056123,-2.0570669388868623,125.19868888272057,133.4153769356864,141.63206498865222,12.317452817941248,-2.722312225582641,0.2862696564203513,-3.0085818820029924,135.74733306616642,138.387355624095,54.236508618293726
2020-03-30 00:00:00+01:00,133.7259979248047,131.80840751507353,134.14828404895485,0.22370996959983813,-1.3972769688767244,125.6316170408686,133.05337669735863,140.47513635384865,11.156063589985328,-2.3398765338813234,0.534964278497335,-2.8748408123786584,134.92505106429323,137.65780297215954,57.296848301656674
2020-03-31 00:00:00+01:00,133.63600158691406,132.08957583381823,134.1103371999148,0.4286642649289547,-0.8783425710085453,125.74439598760935,132.8498055594308,139.95521513125223,10.69690624220419,-2.020761366096565,0.6832635570256747,-2.7040249231222395,134.92505106429323,137.65780297215954,57.296848301656674
2020-04-01 00:00:00+01:00,133.35299682617188,132.28394829418033,134.05423791297088,-0.5072408426583763,-1.4392324198068138,125.9545089828919,132.60504368373327,139.25557838457465,10.030590867573766,-1.7702896187905424,0.7469882434653576,-2.5172778622559,134.92505106429323,137.65780297215954,57.296848301656674
2020-04-02 00:00:00+01:00,132.78799438476562,132.36149384657807,133.96044209606677,-0.125206500363646,-1.396446734738646,126.06935407500373,132.3939957391648,138.71863740332589,9.554272652396609,-1.5989482494887,0.7346636902137602,-2.33361193970246,134.92505106429323,137.65780297215954,57.296848301656674
2020-04-03 00:00:00+01:00,133.83099365234375,132.5875707397728,133.95085332245765,-0.039857839059209255,-1.4008502706998343,126.43539649452306,132.16685267857142,137.89830886261979,8.673061464189075,-1.3632825826848602,0.7762634856140798,-2.13954606829894,134.92505106429323,137.65780297215954,57.296848301656674
2020-04-06 00:00:00+01:00,132.7779998779297,132.61686753025847,133.86397528952966,0.6180193393765876,-1.0889813930452874,126.7299938587614,131.93804350353423,137.14609314830707,7.894689820276632,-1.2471077592711879,0.7139506472222017,-1.9610584064933896,134.9159153905184,137.2634945537037,56.811888687660165
2020-04-07 00:00:00+01:00,133.5279998779297,132.75704173759252,133.83908822200374,1.0999071393243867,-0.7290876116521758,126.89368886809899,131.81471034458704,136.7357318210751,7.466574047196443,-1.0820464844112223,0.7032095376657339,-1.7852560220769562,134.9159153905184,137.2634945537037,56.811888687660165
2020-04-08 00:00:00+01:00,134.03700256347656,132.9539587877285,133.85374854359432,1.142253653671304,-0.12874244007869606,126.9346284316173,131.7789008730934,136.6231733145695,7.352121484366097,-0.899789755865811,0.7083730129689161,-1.608162768834727,134.9159153905184,137.2634945537037,56.811888687660165
2020-04-09 00:00:00+01:00,134.93499755859375,133.25873398324623,133.9338410632239,1.7901579602136053,0.7121550305261053,126.99176860705693,131.74890064057848,136.50603267410006,7.221513060665911,-0.6751070799776642,0.7464445510856503,-1.4215516310633145,134.9159153905184,137.2634945537037,56.811888687660165
2020-04-10 00:00:00+01:00,135.1300048828125,133.54662181394875,134.02244579060084,1.3635557963132214,0.9575499369382214,126.92070716244046,131.80309114002046,136.68547511760045,7.4086031448127585,-0.4758239766520944,0.756582123528976,-1.2324061001810704,134.9159153905184,137.2634945537037,56.811888687660165
2020-04-13 00:00:00+01:00,134.97000122070312,133.76560326114173,134.09263508171952,1.0243693128117286,0.4053660169132911,126.90909230396046,131.9701421828497,137.03119206173898,7.669992310650053,-0.3270318205777869,0.7242994236826268,-1.0513312442604137,134.71660798169975,136.84270864089783,56.40775567599639
2020-04-14 00:00:00+01:00,134.76199340820312,133.91889405299733,134.14221717997756,1.250788191116186,0.426783064163061,126.89087072044694,132.08957054501488,137.28827036958282,7.8714766095727,-0.22332312698023316,0.6624064938241444,-0.8857296208043776,134.71660798169975,136.84270864089783,56.40775567599639
2020-04-15 00:00:00+01:00,135.21200561523438,134.1178342933415,134.22146076777437,1.0325370349600007,-0.5554604015634368,127.03829608035969,132.32795206705728,137.61760805375488,7.99476740034042,-0.10362647443287187,0.6256825170972046,-0.7293089915300764,134.71660798169975,136.84270864089783,56.40775567599639
2020-04-16 00:00:00+01:00,134.71800231933594,134.2101678358022,134.2582416234456,0.5867595972575259,-0.5392474828205991,127.25895113978072,132.54642813546317,137.83390513114563,7.978301746884681,-0.04807378764340342,0.5449881631093384,-0.5930619507527418,134.71660798169975,136.84270864089783,56.40775567599639
2020-04-17 00:00:00+01:00,134.77000427246094,134.29629651836507,134.29614996781712,0.5318529618703849,-0.4111554609811776,128.50071889277572,132.96585700625465,137.43099511973358,6.716217552403533,0.00014655054795298383,0.4745668010405558,-0.47442025049260284,134.71660798169975,136.84270864089783,56.40775567599639
2020-04-20 00:00:00+01:00,134.4290008544922,134.31671257007693,134.3059907742375,0.3850034884578122,-0.4459901638859378,129.4062704349321,133.27852376302084,137.15077709110957,5.810768635123671,0.010721795839430115,0.38811363706562635,-0.37739184122619623,134.14184693083368,136.2926538106412,57.43608112803358
2020-04-21 00:00:00+01:00,133.9429931640625,134.25921727684394,134.2791020623727,-0.25610706725549903,-2.320102428583624,130.35612771519646,133.54485648018974,136.733585245183,4.775517154367218,-0.019884785528745397,0.2860056445579607,-0.3058904300867061,134.14184693083368,136.2926538106412,57.43608112803358
2020-04-22 00:00:00+01:00,132.4720001220703,133.98426079149417,134.14524265938732,-0.8672427814576338,-2.0972385089966963,131.42873918388779,133.73576136997767,136.04278355606755,3.450120091226077,-0.16098186789315605,0.11592684975484002,-0.27690871764799607,134.14184693083368,136.2926538106412,57.43608112803358
2020-04-23 00:00:00+01:00,132.84100341796875,133.80837504172104,134.04863234520818,-0.4006373500909888,-1.6476313686456763,131.81754547436122,133.823237827846,135.82893018133075,2.9975247737839683,-0.24025730348714092,0.029321131328684136,-0.26957843481582505,134.14184693083368,136.2926538106412,57.43608112803358
2020-04-24 00:00:00+01:00,132.96600341796875,133.6787794072976,133.96843760985712,-0.8654407836852442,-1.5884327270446192,132.1707494950776,133.89947582426527,135.62820215345295,2.582125611091302,-0.289658202559508,-0.016063814194946402,-0.2735943883645616,134.14184693083368,136.2926538106412,57.43608112803358
2020-04-27 00:00:00+01:00,132.92575073242188,133.56292884193212,133.89120154486193,-0.3682065497447411,-0.9822049628306786,132.15049154846574,133.8928927466983,135.63529394493085,2.602679145231214,-0.3282727029298087,-0.04374265165219765,-0.28453005127761105,133.81046631326413,135.84337542028175,57.08078850556212
2020-04-28 00:00:00+01:00,133.25799560546875,133.51601603632238,133.84429740120316,-0.3072948377266016,-1.0153026502266016,132.10837830901409,133.870606921968,135.63283553492192,2.6327341803733013,-0.3282813648807803,-0.03500105088253541,-0.2932803139982449,133.81046631326413,135.84337542028175,57.08078850556212
2020-04-29 00:00:00+01:00,132.73300170898438,133.395552293655,133.76197920177955,-0.7689829859592408,-1.8219767603733033,132.00166227674328,133.8276069277809,135.6535515788185,2.7288011688395124,-0.36642690812456635,-0.05851727530105716,-0.3079096328235092,133.81046631326413,135.84337542028175,57.08078850556212
2020-04-30 00:00:00+01:00,132.94400024414062,133.32608274757587,133.70138816788037,1.3606082920805704,-1.0313899989350546,131.95384740581088,133.8081309000651,135.6624143943193,2.7715557818218004,-0.37530542030449965,-0.05391662998479235,-0.3213887903197073,133.81046631326413,135.84337542028175,57.08078850556212
2020-05-01 00:00:00+01:00,134.94900512695312,133.5757631136339,133.7938042389228,1.2461890472100094,-0.34580619204780305,132.0547744773079,133.9110361735026,135.7672978696973,2.7723804538255252,-0.21804112528889164,0.08267813202465252,-0.30071925731354415,133.81046631326413,135.84337542028175,57.08078850556212
2020-05-04 00:00:00+01:00,132.9149932861328,133.47410621709528,133.72870713130874,-0.5797050561134256,-1.210701760214988,131.9632510570821,133.86741710844495,135.77158315980782,2.844853650713697,-0.2546009142134551,0.03689467448007122,-0.2914955886935263,133.3159914175016,135.3410420210953,57.86329160842697
2020-05-05 00:00:00+01:00,132.76300048828125,133.36470533573927,133.6571733058993,-0.5591661037508686,-1.1131669582430561,131.9608922231671,133.86670285179503,135.77251348042296,2.847325866743535,-0.29246797016003256,-0.0007779051732049735,-0.2916900649868276,133.3159914175016,135.3410420210953,57.86329160842697
2020-05-06 00:00:00+01:00,132.4499969482422,133.22398096843202,133.56775283496174,-1.1287574736336126,-2.72175979296955,131.81986979584332,133.81536937895277,135.81086896206222,2.982466950352136,-0.34377186652972114,-0.041665441234314815,-0.3021064252954063,133.3159914175016,135.3410420210953,57.86329160842697
2020-05-07 00:00:00+01:00,130.8489990234375,132.85859913074054,133.36636366373773,-1.399368424479917,-2.596359391276792,131.30632726744133,133.66355968656995,136.02079210569858,3.527113036127629,-0.5077645329971858,-0.16452648616142362,-0.3432380468357622,133.3159914175016,135.3410420210953,57.86329160842697
2020-05-08 00:00:00+01:00,131.61599731445312,132.6674296205425,133.23670689712407,-0.5826999391162531,-1.696713610991253,131.06680604308136,133.5055120558966,135.94421806871182,3.6533413119215403,-0.5692772765815732,-0.18083138379664881,-0.3884458927849244,133.3159914175016,135.3410420210953,57.86329160842697
2020-05-11 00:00:00+01:00,132.72999572753906,132.67705517546503,133.19917273641406,-0.031173468835930862,-1.3151700508671809,131.04453958283148,133.39122590564546,135.73791222845944,3.518501770834482,-0.5221175609490274,-0.1069373345312824,-0.415180226417745,132.06978671811305,134.5176613494154,59.47391604248528
2020-05-12 00:00:00+01:00,132.63099670410156,132.66996925679373,133.15708562290942,-0.3060876981047329,-1.2120782986906704,131.02315885998985,133.27984473818825,135.53653061638664,3.386387315548539,-0.48711636611568565,-0.05754891175835253,-0.4295674543573331,132.06978671811305,134.5176613494154,59.47391604248528
2020-05-13 00:00:00+01:00,131.2729949951172,132.45505013961272,133.01752335418408,-1.1125245748872032,-2.3565278707856407,130.80482373538052,133.11370195661272,135.4225801778449,3.469031643316104,-0.5624732145713551,-0.10632460817121758,-0.45614860640013755,132.06978671811305,134.5176613494154,59.47391604248528
2020-05-14 00:00:00+01:00,130.88099670410156,132.212888072611,132.85926212084462,-1.998269689203994,-2.7192627311961814,130.61145462267012,132.90746343703498,135.20347225139983,3.455048730882731,-0.6463740482336107,-0.1521803534667785,-0.49419369476683217,132.06978671811305,134.5176613494154,59.47391604248528
2020-05-15 00:00:00+01:00,131.32000732421875,132.0755218036276,132.74524324702048,-1.3412362890126701,-2.7592508153798576,130.50455173487387,132.7456541515532,134.98675656823252,3.3765360244798694,-0.6697214433928877,-0.1404221989008445,-0.5292992444920432,132.06978671811305,134.5176613494154,59.47391604248528
2020-05-18 00:00:00+01:00,129.55299377441406,131.68744056836397,132.50878032312372,-1.2687748299596535,-2.974783741092466,130.0607027724917,132.49722508021765,134.93374738794358,3.677846545466588,-0.8213397547597481,-0.23363240821416387,-0.5877073465455842,131.71326235309098,134.01516881707704,60.85141519342269
2020-05-19 00:00:00+01:00,130.97000122070312,131.57706528410844,132.39479668590738,-0.02680047008706765,-1.6167968079776927,129.97421144483832,132.33251081194197,134.69081017904563,3.564202557079929,-0.8177314017989374,-0.18401924420268256,-0.6337121575962549,131.71326235309098,134.01516881707704,60.85141519342269
2020-05-20 00:00:00+01:00,132.11399841308594,131.65967038087422,132.37399681384653,0.034007946895656005,-0.8139992552527815,129.99901885737614,132.24541582380022,134.4918127902243,3.3973154417951297,-0.7143264329723138,-0.06449142030084709,-0.6498350126714667,131.71326235309098,134.01516881707704,60.85141519342269
2020-05-21 00:00:00+01:00,131.6300048828125,131.6551064580955,132.31888630043662,-0.3848805631319294,-1.1058888639131794,129.94650941574406,132.205320812407,134.46413220906993,3.417126304421711,-0.6637798423411141,-0.011155863735717864,-0.6526239786053962,131.71326235309098,134.01516881707704,60.85141519342269
2020-05-22 00:00:00+01:00,131.54299926757812,131.63785919801592,132.26141318689153,-0.5014186800555933,-1.5904079378680933,129.8866253294143,132.14351109095983,134.40039685250537,3.4158101944060277,-0.6235539888756136,0.02325599178382609,-0.6468099806594397,131.71326235309098,134.01516881707704,60.85141519342269
2020-05-25 00:00:00+01:00,131.27000427246094,131.58126613254592,132.1879754895263,-0.7859826916747465,-1.1899743908934965,129.80799346902063,132.06274922688803,134.31750498475543,3.414673359546162,-0.6067093569803887,0.03208049894324083,-0.6387898559236296,132.11306621879243,133.85766955037965,57.71061274466938
2020-05-26 00:00:00+01:00,131.3780059814453,131.5499953400689,132.12797774818696,0.8960243270083481,-0.7579826309994644,129.75082381465663,131.98904709588913,134.22727037712164,3.3915288131544026,-0.5779824081180607,0.04864595824445517,-0.6266283663625158,132.11306621879243,133.85766955037965,57.71061274466938
2020-05-27 00:00:00+01:00,132.55099487304688,131.70399526821936,132.15931235002844,0.7756852085653065,-0.49230490373938096,129.7739705946768,131.95538039434524,134.13679019401368,3.306283977431397,-0.4553170818090848,0.13704902764274485,-0.5923661094518297,132.11306621879243,133.85766955037965,57.71061274466938
2020-05-28 00:00:00+01:00,132.197998046875,131.77999569570486,132.16217795720226,0.5648270476805521,-0.32018271794444786,129.77305804222883,131.92990402948288,134.08675001673694,3.2696847664985187,-0.3821822614974053,0.16814707836353948,-0.5503293398609448,132.11306621879243,133.85766955037965,57.71061274466938
2020-05-29 00:00:00+01:00,132.61399841308594,131.9083038060712,132.19564613911956,1.2163564243570022,-0.3866404018148728,129.78246433530245,131.91418965657553,134.0459149778486,3.2319878958022623,-0.28734233304837176,0.21038960545005841,-0.49773193849843017,132.11306621879243,133.85766955037965,57.71061274466938
2020-06-01 00:00:00+01:00,132.9499969482422,132.0685642894821,132.25152397683235,2.0034809059801546,0.6844806618395296,130.099096693744,131.81899879092262,133.53890088810124,2.609490457299779,-0.18295968735023393,0.251817800918557,-0.4347774882687909,134.38192655146057,134.58080921701068,53.75435763186448
2020-06-02 00:00:00+01:00,134.27999877929688,132.40878498022283,132.4017813696075,4.091214846212807,1.8792244897674948,129.9177881341747,131.88399905250185,133.85020997082898,2.9817277796442982,0.007003610615328171,0.35342487910729525,-0.3464212684919671,134.38192655146057,134.58080921701068,53.75435763186448
2020-06-03 00:00:00+01:00,136.85000610351562,133.09204976842173,132.73127949804515,4.618726605470471,3.5357187929704708,129.20378187547266,132.07861836751303,134.9534548595534,4.353220116281119,0.3607702703765767,0.565753231094835,-0.2049829607182583,134.38192655146057,134.58080921701068,53.75435763186448
2020-06-04 00:00:00+01:00,137.0399932861328,133.69942569422344,133.05044348234793,4.57455651765207,2.901552367261445,128.72844505731925,132.2971896216983,135.86593418607734,5.395042138965784,0.6489822118755058,0.6831721380750112,-0.03418992619950548,134.38192655146057,134.58080921701068,53.75435763186448
2020-06-05 00:00:00+01:00,137.60800170898438,134.30074508110974,133.3880403880247,6.299963152014357,3.887960588537794,128.4603907878384,132.6190468924386,136.7777029970388,6.271581951532344,0.9127046930850327,0.7575156954276305,0.15518899765740216,134.38192655146057,134.58080921701068,53.75435763186448
2020-06-08 00:00:00+01:00,139.49000549316406,135.0990928368104,133.8400378032202,5.516956825686037,3.760960121584475,127.9409988460473,132.9939996628534,138.04700047965952,7.5988402929691965,1.2590550335901867,0.8830928287462276,0.37596220484395904,134.50435321529662,134.60486597786183,50.45747837119373
2020-06-09 00:00:00+01:00,138.04800415039062,135.55277150043813,134.15173901412172,3.9952641597064087,2.0862675776751587,127.7583085313257,133.2472381591797,138.73616778703368,8.238714293345145,1.40103248631641,0.8200562251779608,0.5809762611384492,134.50435321529662,134.60486597786183,50.45747837119373
2020-06-10 00:00:00+01:00,137.00100708007812,135.7755769742289,134.36279590789627,3.0201996975724796,2.2672089749162296,127.74860475590286,133.45533389136904,139.16206302683523,8.552268341872928,1.4127810663326272,0.6654438441553424,0.7473372221772848,134.50435321529662,134.60486597786183,50.45747837119373
2020-06-11 00:00:00+01:00,135.95899963378906,135.80379584493045,134.48103322092535,1.9189606755590205,0.192962750754333,127.96407467882618,133.67847696940103,139.39287925997587,8.549472465762564,1.3227626240050938,0.46034032146224724,0.8624223025428466,134.50435321529662,134.60486597786183,50.45747837119373
2020-06-12 00:00:00+01:00,134.2899932861328,135.57090314357697,134.46688211464442,1.5591188619180798,-0.6788877298787952,128.26142240731872,133.84081013997397,139.42019787262922,8.337349014579619,1.10402102893255,0.19327898111176278,0.9107420478207873,134.50435321529662,134.60486597786183,50.45747837119373
2020-06-15 00:00:00+01:00,134.22000122070312,135.36307207851945,134.44859464101913,0.593412805269935,-0.95459134512069,128.5135319461632,133.9789050874256,139.444278228688,8.158557703835644,0.9144774375003237,0.002988311743629124,0.9114891257566946,133.65258577797118,134.2254638243559,43.59162812623528
2020-06-16 00:00:00+01:00,135.77000427246094,135.42567703143354,134.54647683594075,1.7735304882779985,0.27852011230143603,129.1368990103712,134.27495320638022,139.41300740238924,7.653034424241203,0.8792001954927855,-0.02583114421112731,0.9050313397039128,133.65258577797118,134.2254638243559,43.59162812623528
2020-06-17 00:00:00+01:00,135.14500427246094,135.38249660697622,134.5908122016089,0.5311818169457752,-0.49780988227297485,129.5437352489975,134.47376287551154,139.40379050202557,7.332326427242142,0.791684405367306,-0.09067754746928547,0.8823619528365915,133.65258577797118,134.2254638243559,43.59162812623528
2020-06-18 00:00:00+01:00,134.16200256347656,135.19472829259166,134.55904852471022,-0.24105536064772082,-2.0920532854524083,129.75205691665397,134.57128688267298,139.390516848692,7.162345070268507,0.6356797678814416,-0.19734574796411986,0.8330255158455615,133.65258577797118,134.2254638243559,43.59162812623528
2020-06-19 00:00:00+01:00,132.94000244140625,134.84784739240928,134.4391191852062,-1.2561205279796468,-2.329118574854647,129.93596083999014,134.63366771879652,139.3313745976029,6.978502418307831,0.4087282072030689,-0.33943784691399403,0.7481660541170629,133.65258577797118,134.2254638243559,43.59162812623528
2020-06-22 00:00:00+01:00,131.8990020751953,134.39417888206867,134.25096236224243,-1.1689616298205578,-2.470963582945558,129.9952701798107,134.65062023344495,139.30597028707922,6.914710152189785,0.14321651982623962,-0.48395962743265863,0.6271761472588983,133.17557130478028,133.93918932921912,37.514513736394036
2020-06-23 00:00:00+01:00,133.62399291992188,134.2756887340461,134.2045201813298,-0.24751944890792288,-1.5885228668766729,130.33034436538338,134.76271493094308,139.19508549650277,6.578036911516644,0.07116855271630129,-0.4448060756340776,0.5159746283503789,133.17557130478028,133.93918932921912,37.514513736394036
2020-06-24 00:00:00+01:00,133.28799438476562,134.12373575723373,134.1366293815843,-0.5396292595139869,-1.4396231559983619,130.62934150077325,134.85366675967262,139.077992018572,6.2650506440105715,-0.012893624350567734,-0.4230946021607573,0.41020097781018955,133.17557130478028,133.93918932921912,37.514513736394036
2020-06-25 00:00:00+01:00,132.85400390625,133.92839239554394,134.0416200871151,-0.4616182560604045,-1.2326143498104045,130.6733636447094,134.86809576125373,139.06282787779804,6.220495800533755,-0.11322769157115431,-0.4187429355050751,0.30551524393392077,133.17557130478028,133.93918932921912,37.514513736394036
2020-06-26 00:00:00+01:00,133.10000610351562,133.8009483506165,133.97187090314475,-0.7298665086134974,-1.9238667527541224,130.809113848193,134.91104852585565,139.0129832035183,6.080946998016283,-0.1709225525282534,-0.38115023716973934,0.21022768464148595,133.17557130478028,133.93918932921912,37.514513736394036
2020-06-29 00:00:00+01:00,132.31700134277344,133.57264881094832,133.84928797274688,-1.189284310637504,-1.892287240325004,130.76147818028957,134.89690580822173,139.0323334361539,6.131241636945111,-0.2766391617985562,-0.3894934771520337,0.11285431535347751,133.46403239980143,133.95372722359406,33.878279846294674
2020-06-30 00:00:00+01:00,132.43099975585938,133.3970104947808,133.74422958631078,-0.19022873181859268,-1.6982243372873427,130.68464411343766,134.87219165620348,139.0597391989693,6.209652992723827,-0.3472190915299791,-0.36805872550676527,0.020839633976786176,133.46403239980143,133.95372722359406,33.878279846294674
2020-07-01 00:00:00+01:00,133.78550720214844,133.45677921899122,133.74728718748395,0.3697172070473016,-0.7922853564292609,130.64252174640916,134.84864443824404,139.05476713007891,6.238286946608699,-0.29050796849273297,-0.24907808197561532,-0.04142988651711765,133.46403239980143,133.95372722359406,33.878279846294674
2020-07-02 00:00:00+01:00,133.81900024414062,133.51250553055266,133.7525992657548,0.9233956072920648,0.038401100456127324,130.5754933970205,134.70431082589286,138.83312825476523,6.130193463828962,-0.2400937352021515,-0.15893107894802708,-0.08116265625412442,133.46403239980143,133.95372722359406,33.878279846294674
2020-07-03 00:00:00+01:00,133.99099731445312,133.58611965115273,133.7702583804732,0.4147391781205556,-0.07425923496538189,130.55654591384535,134.55912054152716,138.56169516920897,5.9491688286511195,-0.18413872932046615,-0.08238085845307339,-0.10175787086739277,133.46403239980143,133.95372722359406,33.878279846294674
2020-07-06 00:00:00+01:00,134.19700622558594,133.68010220106552,133.80186933196302,0.8531294473338562,0.3471327432322937,130.6324600892474,134.39669218517486,138.16092428110233,5.601673723845856,-0.12176713089749569,-0.016007408024082334,-0.10575972287341336,133.91385729322698,134.07655291737748,33.09612867223672
2020-07-07 00:00:00+01:00,134.13499450683594,133.75008563272252,133.8265452708425,1.5494618092356234,0.2634510670481234,131.14484596166696,134.14169166201637,137.13853736236578,4.46817937543276,-0.07645963811998513,0.023440067802742576,-0.0998997059227277,133.91385729322698,134.07655291737748,33.09612867223672
2020-07-08 00:00:00+01:00,134.91200256347656,133.92884208360775,133.9069495147413,1.492052560453999,0.6820550018602489,131.52286886624302,133.9923582531157,136.46184763998838,3.686015260971434,0.021892568866434203,0.09743381983132952,-0.07554125096489532,133.91385729322698,134.07655291737748,33.09612867223672
2020-07-09 00:00:00+01:00,135.2899932861328,134.1382499609193,134.00939720151106,1.9035971832545613,1.1746085357936238,131.75023932650308,133.91088140578498,136.07152348506688,3.226985076342809,0.1288527594082325,0.16351520829850225,-0.03466244889026975,133.91385729322698,134.07655291737748,33.09612867223672
2020-07-10 00:00:00+01:00,135.1300048828125,134.29082764121057,134.09240517790377,1.0935994607681039,0.20858969514310388,131.83517585189227,133.87140546526228,135.9076350786323,3.042068029827899,0.19842246330679814,0.1864679297576543,0.011954533549143831,133.91385729322698,134.07655291737748,33.09612867223672
2020-07-13 00:00:00+01:00,134.98800659179688,134.39808594130076,134.15874602337735,1.310248117247653,0.643255929747653,131.8199565190404,133.9046441941034,135.98933186916642,3.113689876269145,0.23933991792341658,0.1819083074994182,0.057431610423998386,134.05438793506798,134.11353810328785,32.11202513396281
2020-07-14 00:00:00+01:00,134.63800048828125,134.43499587160545,134.19424635411096,0.5477580404202911,-0.20524794102502142,131.82030670136666,133.92454892113096,136.02879114089527,3.1424294301763958,0.2407495174944927,0.14665432565639544,0.09409519183809725,134.05438793506798,134.11353810328785,32.11202513396281
2020-07-15 00:00:00+01:00,134.78399658203125,134.48868828859403,134.23793155617912,0.8380724721411923,0.2300707631568173,131.89996967520065,133.87759617396765,135.85522267273464,2.9543800535485594,0.2507567324149136,0.12532923246145306,0.12542749995346053,134.05438793506798,134.11353810328785,32.11202513396281
2020-07-16 00:00:00+01:00,134.58999633789062,134.50427414233198,134.2640104288985,0.884991646296811,-0.20500469159381396,131.92791071484035,133.85116722470238,135.7744237345644,2.873723927462456,0.2402637134334782,0.09186897078401413,0.14839474264946406,134.05438793506798,134.11353810328785,32.11202513396281
2020-07-17 00:00:00+01:00,134.718994140625,134.5373079882232,134.29771292606344,0.5922864635849976,-0.1977068225478149,131.92291438008985,133.87769063313803,135.8324668861862,2.920241966833457,0.2395950621597649,0.07296025560824065,0.16663480655152424,134.05438793506798,134.11353810328785,32.11202513396281
2020-07-20 00:00:00+01:00,134.61199951171875,134.5487989918379,134.32099341388977,1.379003534352421,0.019002924000858457,132.02572414008552,133.95730954124815,135.8888949424108,2.8838820483593866,0.22780557794814627,0.04893661711729763,0.17886896083084863,134.7028744274151,134.38301086169093,33.39164535581626
2020-07-21 00:00:00+01:00,135.7100067138672,134.72744633368856,134.42388328796216,1.997121961061282,1.2831174444597195,132.30100381831187,134.13878595261346,135.97656808691505,2.7401204226655445,0.30356304572640624,0.0997552679164461,0.20380777780996015,134.7028744274151,134.38301086169093,33.39164535581626
2020-07-22 00:00:00+01:00,135.99000549316406,134.9216862043771,134.53989234019934,1.9431093687850307,0.7561129088240932,132.26929439426561,134.25145321800596,136.2336120417463,2.952904830790315,0.38179386417775163,0.14238886909423318,0.23940499508351845,134.7028744274151,134.38301086169093,33.39164535581626
2020-07-23 00:00:00+01:00,136.4149932861328,135.15142575541643,134.67878870656477,1.9312119037867888,1.1632065326930388,132.26610064613507,134.40035792759485,136.53461520905464,3.1759696393212944,0.47263704885165225,0.18658564301450703,0.2860514058371452,134.7028744274151,134.38301086169093,33.39164535581626
2020-07-24 00:00:00+01:00,136.0030059814453,135.28243809788242,134.77687887507443,1.2461161200427568,0.19312234562869435,132.4292548027745,134.55031040736608,136.67136601195767,3.152806705788871,0.5055592228079888,0.17560625357667486,0.32995296923131395,134.7028744274151,134.38301086169093,33.39164535581626
2020-07-27 00:00:00+01:00,135.60699462890625,135.33236987188607,134.83836893091382,0.9696297263127462,0.31563802709399624,132.60719037659265,134.66969081333704,136.73219125008143,3.063050675007752,0.49400094097225633,0.1312383773927539,0.36276256357950243,135.98747333246945,134.97924804467482,37.658254637252135
2020-07-28 00:00:00+01:00,135.63999938964844,135.37969749000337,134.89774896489416,1.1002521337386497,0.4322528661605247,133.01719133431337,134.8279288155692,136.63866629682505,2.685997622544132,0.4819485251092033,0.09534876922376068,0.3865997558854426,135.98747333246945,134.97924804467482,37.658254637252135
2020-07-29 00:00:00+01:00,135.8280029296875,135.44866755764707,134.96665666598997,1.476336498072527,0.7033415029553396,133.4829493992892,134.98969087146577,136.49643234364234,2.232380061691167,0.4820108916570973,0.07632890861732378,0.40568198303977354,135.98747333246945,134.97924804467482,37.658254637252135
2020-07-30 00:00:00+01:00,136.3509979248047,135.58748761413287,135.06920046293922,2.2707958749514034,1.014799170849841,133.59945761187885,135.11185709635416,136.62425658082947,2.2387368762117625,0.5182871511936469,0.09008413452309866,0.4282030166705482,135.98747333246945,134.97924804467482,37.658254637252135
2020-07-31 00:00:00+01:00,137.3000030517578,135.85095152761363,135.23444509914802,3.948553558078544,1.5545563656957313,133.6129678878379,135.27761913481214,136.9422703817864,2.4610889186559697,0.6165064284656125,0.15064272943605145,0.4658636990295611,135.98747333246945,134.97924804467482,37.658254637252135
2020-08-03 00:00:00+01:00,138.68600463867188,136.2871135446995,135.4901161761498,3.489879551389265,2.270885410764265,133.3872863904579,135.5011909121559,137.6150954338539,3.120126852712944,0.7969973685497109,0.2649069356161199,0.532090432933591,136.69655408037025,135.42717197774581,41.23705845896981
2020-08-04 00:00:00+01:00,138.63999938964844,136.64909598238395,135.72344085863116,3.131554868907898,2.0865566999625855,133.2957066751707,135.71276201520647,138.12981735524224,3.5620162822490413,0.9256551237527901,0.31485175265535925,0.6108033710974309,136.69655408037025,135.42717197774581,41.23705845896981
2020-08-05 00:00:00+01:00,138.19200134277344,136.88646603782848,135.90629719078984,3.080702320928907,2.123701588507032,133.37820875803575,135.9059528169178,138.43369687579982,3.7198430333470687,0.9801688470386409,0.295492380752968,0.6846764662856729,136.69655408037025,135.42717197774581,41.23705845896981
2020-08-06 00:00:00+01:00,138.54100036621094,137.14100978065656,136.10146038896917,3.1045332633745772,2.3285322868120772,133.35765475423628,136.0787622360956,138.79986971795492,3.999312511585342,1.0395493916873875,0.2838983403213716,0.7556510513660158,136.69655408037025,135.42717197774581,41.23705845896981
2020-08-07 00:00:00+01:00,138.69900512695312,137.3807013723945,136.29387111030132,2.4441354814955503,1.5661295000502378,133.32763462490047,136.24109613327752,139.15455764165458,4.2769202407575575,1.086830262093173,0.2649433685817256,0.8218868935114473,136.69655408037025,135.42717197774581,41.23705845896981
2020-08-10 00:00:00+01:00,138.14599609375,137.4984390218338,136.43106555351974,2.1879377423786934,1.6659345685505684,133.40784130300415,136.38471476236978,139.36158822173542,4.365406291390347,1.0673734683140594,0.19638925984208977,0.8709842084719697,137.61440397350205,136.00187651803435,45.23662837262171
2020-08-11 00:00:00+01:00,138.57000732421875,137.6632956837392,136.58950568468262,2.8944878455908167,2.0004906532080042,133.50841289875606,136.55528622581846,139.60215955288086,4.462475838575524,1.0737899990565722,0.16224463246768206,0.9115453665888902,137.61440397350205,136.00187651803435,45.23662837262171
2020-08-12 00:00:00+01:00,139.0019989013672,137.86925002491273,136.7682088859185,2.8357950203314886,2.1237894050971136,133.67266242230713,136.76309567406065,139.85352892581417,4.519396459288651,1.1010411389942192,0.15159661792426316,0.949444521069956,137.61440397350205,136.00187651803435,45.23662837262171
2020-08-13 00:00:00+01:00,139.3300018310547,138.0939810720115,136.95797132629897,3.235021837763526,2.322027452997901,133.83754808357855,136.97957211449034,140.12159614540212,4.587580443433735,1.1360097457125278,0.14925217971405735,0.9867575659984704,137.61440397350205,136.00187651803435,45.23662837262171
2020-08-14 00:00:00+01:00,139.822998046875,138.35998368352895,137.17019552782313,2.818802885262812,2.1748056928799997,134.0544419623008,137.228762672061,140.4030833818212,4.626319800530372,1.189788155705827,0.16242447176588515,1.0273636839399418,137.61440397350205,136.00187651803435,45.23662837262171
2020-08-17 00:00:00+01:00,139.63699340820312,138.5564467180942,137.35292129674016,2.3100730880254616,1.4370719893926491,134.33856283800168,137.46295311337425,140.58734338874683,4.545792454779721,1.203525421354044,0.1409293899312818,1.0625960314227623,137.99546385505604,136.39554896091002,48.569603300664966
2020-08-18 00:00:00+01:00,138.92300415039062,138.61284016921672,137.4692237303439,2.0277702882107747,1.1207726075467122,134.76115900196731,137.6682390485491,140.5753190951309,4.223312605250375,1.1436164388728116,0.06481632596003939,1.0788001129127722,137.99546385505604,136.39554896091002,48.569603300664966
2020-08-19 00:00:00+01:00,139.45599365234375,138.7425560896978,137.61639187271427,2.324602389981038,1.2676108128326007,134.98267162588886,137.84661937895277,140.71056713201668,4.155267305019155,1.1261642169835397,0.03789128325661406,1.0882729337269257,137.99546385505604,136.39554896091002,48.569603300664966
2020-08-20 00:00:00+01:00,139.02999877929688,138.78677804194382,137.7211034954241,1.8628961383649596,0.8489038287946471,135.21135594589214,137.9913809640067,140.77140598212128,4.029273420837357,1.0656745465197162,-0.01807870976576753,1.0837532562854837,137.99546385505604,136.39554896091002,48.569603300664966
2020-08-21 00:00:00+01:00,139.67799377441406,138.92388815463156,137.86605833090485,2.0549469181185884,0.42694093667327593,135.37178920724403,138.14676193963913,140.92173467203423,4.017427109305068,1.0578298237267063,-0.02073874604702186,1.0785685697737282,137.99546385505604,136.39554896091002,48.569603300664966
2020-08-24 00:00:00+01:00,138.6199951171875,138.87713537964015,137.92190550025913,1.0670929128268085,0.376098650131496,135.6626178938355,138.27138046991257,140.88014304598966,3.7733948517925473,0.9552298793810223,-0.09867095231416467,1.053900831695187,138.83140786951654,136.98236995198536,52.87795303588667
2020-08-25 00:00:00+01:00,138.5330047607422,138.824192207502,137.96717211214676,2.0408234933219944,0.4818330148063694,136.08932616899355,138.41071428571428,140.732102402435,3.3543474270767817,0.8570200953552387,-0.15750458907195863,1.0145246844271973,138.83140786951654,136.98236995198536,52.87795303588667
2020-08-26 00:00:00+01:00,139.88999938964844,138.98816254321684,138.10960376233206,2.175399899777318,1.5003968480195056,136.5686962007682,138.61309523809524,140.6574942754223,2.9497920579803756,0.8785587808847879,-0.10877272283392758,0.9873315037187155,138.83140786951654,136.98236995198536,52.87795303588667
2020-08-27 00:00:00+01:00,139.90499877929688,139.12921427184455,138.24259598581094,2.526401206571876,1.4763981548140634,137.11335614811597,138.80723789760046,140.50111964708495,2.4406245310263777,0.8866182860336096,-0.08057057414808466,0.9671888601816943,138.83140786951654,136.98236995198536,52.87795303588667
2020-08-28 00:00:00+01:00,140.7050018310547,139.37164312710763,138.42499641879195,3.1640080978096137,1.5979985763252387,137.51987297998008,139.01457141694567,140.50926985391126,2.1504198038097044,0.9466467083156829,-0.016433721492809084,0.963080429808492,138.83140786951654,136.98236995198536,52.87795303588667
2020-08-31 00:00:00+01:00,140.93800354003906,139.612621652174,138.61114509443988,3.3988494123960606,1.9008483137632481,137.68487564054163,139.18780953543526,140.6907434303289,2.1595769053481715,1.0014765577341223,0.030716902340504282,0.970759655393618,139.5861475233626,137.5699780775667,57.21734404536898
2020-09-01 00:00:00+01:00,141.65899658203125,139.92744856445972,138.8369118712985,3.8600943542874404,2.483095452920253,137.51447815747485,139.32938058035714,141.14428300323942,2.605197001985598,1.0905366931612264,0.09582163021408674,0.9947150629471396,139.5861475233626,137.5699780775667,57.21734404536898
2020-09-02 00:00:00+01:00,141.88099670410156,140.22799443209692,139.0623996366913,2.8906032929961896,1.964593161160252,137.3984764857796,139.48371378580728,141.56895108583495,2.9899365932137205,1.1655947954056103,0.13670378596677657,1.0288910094388337,139.5861475233626,137.5699780775667,57.21734404536898
2020-09-03 00:00:00+01:00,141.77999877929688,140.46676433166616,139.2637032768843,2.490141937959436,1.2373038031938108,137.43691456547648,139.6545708065941,141.87222704771173,3.1759164462849245,1.2030610547818412,0.13933603627440605,1.0637250185074352,139.5861475233626,137.5699780775667,57.21734404536898
2020-09-04 00:00:00+01:00,140.67100524902344,140.49818601125958,139.36794786741314,2.0490595788759265,0.766054818133739,137.55658185978902,139.75599961053757,141.95541736128612,3.1475110290473944,1.1302381438464408,0.05321050027120444,1.0770276435752364,139.5861475233626,137.5699780775667,57.21734404536898
2020-09-07 00:00:00+01:00,140.80299377441406,140.54507951328335,139.47424756422802,1.4988969670219774,0.1307481633110399,137.66683379067024,139.85618954613096,142.0455453015917,3.130867160853935,1.0708319490553322,-0.0049565556159234525,1.0757885046712556,138.44808719981987,137.3702621454478,48.37437247091075
2020-09-08 00:00:00+01:00,139.89599609375,140.44522052566285,139.50548819604447,0.3875171750492825,-1.6174877077632175,137.88800997156164,139.93952287946428,141.9910357873669,2.931999288963829,0.9397323296183799,-0.10884494004230061,1.0485772696606805,138.44808719981987,137.3702621454478,48.37437247091075
2020-09-09 00:00:00+01:00,137.4010009765625,139.97687905657048,139.34960025386061,-1.0585998876496774,-2.60359805659499,137.63296622760237,139.88385591052827,142.13474559345417,3.2182265326823747,0.627278802709867,-0.3370387735606508,0.9643175762705178,138.44808719981987,137.3702621454478,48.37437247091075
2020-09-10 00:00:00+01:00,138.0749969482422,139.68428180913537,139.25518519418517,-0.9451876355914237,-2.8851900769976737,137.4873068456828,139.83971296037947,142.19211907507614,3.3644321271785875,0.4290966149501969,-0.4281767690562568,0.8572733840064537,138.44808719981987,137.3702621454478,48.37437247091075
2020-09-11 00:00:00+01:00,135.9340057373047,139.10731625962296,139.0091719010829,-2.4901747087000956,-3.4301771501063456,136.79957041046939,139.6779988606771,142.5564273108848,4.121520173092998,0.0981443585400541,-0.6073032203731197,0.7054475789131738,138.44808719981987,137.3702621454478,48.37437247091075
2020-09-14 00:00:00+01:00,135.9239959716797,138.61757467686246,138.78064035075676,-2.21963571208488,-3.0106360782958177,136.20177744160264,139.49233209519159,142.78288674878053,4.717900409527054,-0.1630656738942946,-0.6948106022459747,0.5317449283516801,137.3242069776143,137.04257420084141,42.73999321578495
2020-09-15 00:00:00+01:00,135.8280029296875,138.1884097926817,138.56192646771458,-2.1499239042380225,-3.11792622357396,135.67093087760915,139.31095159621466,142.95097231482018,5.225749557947056,-0.37351667503287445,-0.7242092827076436,0.3506926076747692,137.3242069776143,137.04257420084141,42.73999321578495
2020-09-16 00:00:00+01:00,135.7740020751953,137.81696245152995,138.35541354975018,-1.9014187987736193,-2.8054104979923693,135.22221758160106,139.16099911644346,143.09978065128587,5.660754895193898,-0.5384510982202357,-0.711314964716004,0.17286386649576818,137.3242069776143,137.04257420084141,42.73999321578495
2020-09-17 00:00:00+01:00,136.14300537109375,137.5594305930013,138.1915314624423,-2.052523894082924,-3.6085389087313615,134.864061342115,139.00323776971726,143.1424141973195,5.955510812574752,-0.6321008694409898,-0.6439717887494063,0.011870919308416578,137.3242069776143,137.04257420084141,42.73999321578495
2020-09-18 00:00:00+01:00,135.82000732421875,137.2918270131886,138.01586300775907,-1.8638702099075033,-2.985864228462191,134.49500834794097,138.85038103376115,143.20575371958134,6.273476029945048,-0.7240359945704711,-0.5887255311031101,-0.13531046346736095,137.3242069776143,137.04257420084141,42.73999321578495
2020-09-21 00:00:00+01:00,135.17799377441406,136.96662189953096,137.80565047195574,-2.486650227815119,-4.255647420197931,134.02914666316832,138.63609531947546,143.2430439757826,6.646102727707103,-0.8390285724247804,-0.5629744871659355,-0.27605408525884484,136.41361214686006,136.6925525272,40.35469197992841
2020-09-22 00:00:00+01:00,134.19500732421875,136.54021965717524,137.53819542397522,-3.183199696436162,-4.43519859780335,133.4451067826041,138.42538161504837,143.40565644749262,7.195609322998378,-0.997975766799982,-0.5775373452329098,-0.42043842156707223,136.41361214686006,136.6925525272,40.35469197992841
2020-09-23 00:00:00+01:00,133.83799743652344,136.12449316169034,137.26410668416398,-2.764106684163977,-4.1151046089686645,132.85303496929632,138.20180983770462,143.55058470611291,7.740527963692456,-1.1396135224736383,-0.5753400807252529,-0.5642734417483855,136.41361214686006,136.6925525272,40.35469197992841
2020-09-24 00:00:00+01:00,133.90699768066406,135.78334001076323,137.01543194316397,-2.41542583964835,-3.3874259617186624,132.3262639638009,137.91690499441964,143.50754602503838,8.107259992304712,-1.232091932400749,-0.5342547925218909,-0.6978371398788582,136.41361214686006,136.6925525272,40.35469197992841
2020-09-25 00:00:00+01:00,134.45700073242188,135.57928781409532,136.82591852014605,-2.015920961552297,-2.9739135152632343,131.95542663880366,137.65747651599702,143.35952639319038,8.284402738605674,-1.2466307060507233,-0.4390348529374921,-0.8075958531132312,136.41361214686006,136.6925525272,40.35469197992841
2020-09-28 00:00:00+01:00,134.74899291992188,135.45155013806863,136.6720721793887,-0.5300738883730673,-2.3060748649355673,131.714009605562,137.37385704403832,143.03370448251462,8.240064827854273,-1.2205220413200664,-0.3303409505654681,-0.8901810907545983,136.35632818254211,136.62815363101518,34.5060497478645
2020-09-29 00:00:00+01:00,135.7050018310547,135.49054270622034,136.60043733877137,-0.4244424657244963,-1.1604348973651213,131.65691242062064,137.12466648646765,142.59242055231465,7.974865800510949,-1.1098946325510326,-0.1757708334371475,-0.9341237991138851,136.35632818254211,136.62815363101518,34.5060497478645
2020-09-30 00:00:00+01:00,135.9250030517578,135.55738275937995,136.55040516936296,-0.04041066252702308,-1.371404314870773,131.75691328314264,136.85161917550224,141.94632506786184,7.445590959104415,-0.9930224099830127,-0.04711888869530212,-0.9459035212877106,136.35632818254211,136.62815363101518,34.5060497478645
2020-10-01 00:00:00+01:00,136.19900512695312,135.65609389285274,136.52437553659186,0.46762885793938835,-1.1453777338574866,132.00652174208267,136.58104814801897,141.15557455395526,6.698625421264418,-0.8682816437391239,0.062097502038869434,-0.9303791457779933,136.35632818254211,136.62815363101518,34.5060497478645
2020-10-02 00:00:00+01:00,135.99000549316406,135.70746490828526,136.48479257041203,-0.12079415732608823,-1.4287928145526507,132.36320775815074,136.30533418201264,140.24746060587455,5.78425847751177,-0.7773276621267655,0.12244118692098227,-0.8997688490477478,136.35632818254211,136.62815363101518,34.5060497478645
2020-10-05 00:00:00+01:00,136.4199981689453,135.81708540992526,136.4799929851182,0.6690090900771111,-0.25199615894632643,132.67527437885065,136.1029052734375,139.53053616802435,5.036822524398835,-0.6629075751929463,0.1894890190838412,-0.8523965942767875,136.75189538341348,136.7588502244639,29.055217210412664
2020-10-06 00:00:00+01:00,137.3249969482422,136.04907180043554,136.54258587127552,0.8854079031385425,-0.03259136443958255,133.15958313649395,135.93728637695312,138.7149896174123,4.086742224288079,-0.49351407083997856,0.2871060187494472,-0.7806200895894257,136.75189538341348,136.7588502244639,29.055217210412664
2020-10-07 00:00:00+01:00,136.09500122070312,136.0561378650921,136.5094314527146,0.4375747728713293,-0.5424362134567957,133.61052235545722,135.75628662109375,137.90205088673028,3.1612005882652383,-0.45329358762251104,0.26186120157353177,-0.7151547891960428,136.75189538341348,136.7588502244639,29.055217210412664
2020-10-08 00:00:00+01:00,136.8699951171875,136.1813466731068,136.5361398723052,0.8448568317963634,0.1608663532807384,133.6518784786995,135.73100062779017,137.81012277688083,3.0635921631376766,-0.35479319919841146,0.28828927199810506,-0.6430824711965165,136.75189538341348,136.7588502244639,29.055217210412664
2020-10-09 00:00:00+01:00,137.18299865722656,136.33544697835598,136.58405533785492,0.9639488125357047,0.29594954495757975,133.77264984875768,135.6885245186942,137.60439918863074,2.823930287004591,-0.24860835949894522,0.315579289358057,-0.5641876488570022,136.75189538341348,136.7588502244639,29.055217210412664
2020-10-12 00:00:00+01:00,137.6490020751953,136.53753237786972,136.6629402813616,1.0420615496930736,0.5510642352399486,133.68105009945666,135.7701910109747,137.85933192249277,3.0774662626042653,-0.12540790349189024,0.3510237962920896,-0.4764316997839798,136.54116532234076,136.66754379242553,24.931144459738704
2020-10-13 00:00:00+01:00,137.61000061035156,136.70252749055925,136.73309289832383,1.0219119844886677,0.10791051964491771,133.6191178849493,135.85047694614954,138.08183600734978,3.2850220497712894,-0.03056540776458405,0.35669303361551663,-0.3872584413801007,136.54116532234076,136.66754379242553,24.931144459738704
2020-10-14 00:00:00+01:00,136.40499877929688,136.65675384267274,136.70878963024776,0.595211224244423,-1.030795855833702,133.63420212678662,135.8779529389881,138.12170375118959,3.302597314236802,-0.05203578757502214,0.26817812304406285,-0.320213910619085,136.54116532234076,136.66754379242553,24.931144459738704
2020-10-15 00:00:00+01:00,136.74600219726562,136.67048435876396,136.71154611669354,0.4294603530330221,-0.9375440414982279,133.65106563149362,135.92423865908668,138.19741168667974,3.344764774874972,-0.04106175792958311,0.2233217221516015,-0.2643834800811846,136.54116532234076,136.66754379242553,24.931144459738704
2020-10-16 00:00:00+01:00,135.91700744628906,136.5545648337678,136.65269140036727,-0.25768712790633685,-1.1266904238047744,133.6424096301109,135.9134768531436,138.1845440761763,3.3419308748706675,-0.09812656659946128,0.13300553078537866,-0.23113209738483995,136.54116532234076,136.66754379242553,24.931144459738704
2020-10-19 00:00:00+01:00,136.2790069580078,136.51217131442013,136.62501107130362,0.5649913701026321,-0.3920093623192429,133.65945585258197,135.93533397856214,138.2112121045423,3.3484717466307785,-0.11283975688348846,0.09463387240108118,-0.20747362928456964,136.52773855148237,136.64373539490268,21.4944171675104
2020-10-20 00:00:00+01:00,136.552001953125,136.51829910499012,136.61960298847558,0.3993942039072351,-0.2856033546865149,133.73676618649233,136.00076293945312,138.26475969241392,3.3293883122827967,-0.10130388348545694,0.08493579663929016,-0.1862396801247471,136.52773855148237,136.64373539490268,21.4944171675104
2020-10-21 00:00:00+01:00,136.61300659179688,136.53286948757577,136.6191143664994,0.8818927135787362,-0.07310911747595128,133.9891823485595,136.11590576171875,138.242629174878,3.124871265055894,-0.08624487892362254,0.07999584096089965,-0.1662407198845222,136.52773855148237,136.64373539490268,21.4944171675104
2020-10-22 00:00:00+01:00,137.4429931640625,136.67288851472756,136.68014242557814,0.8948545226640476,0.29585549922654764,134.35051809100293,136.2875722249349,138.22462635886689,2.842598341593439,-0.007253910850579359,0.12718944722715425,-0.1344433580777336,136.52773855148237,136.64373539490268,21.4944171675104
2020-10-23 00:00:00+01:00,137.1959991455078,136.75336707330914,136.7183540344618,0.5482170104600641,-0.1833503723524359,134.7913771724131,136.44419134230841,138.09700551220374,2.422696274037457,0.03501303884732465,0.1355651175400466,-0.10055207869272195,136.52773855148237,136.64373539490268,21.4944171675104
2020-10-26 00:00:00+00:00,136.62600708007812,136.73377322819667,136.71151351932227,0.32648086544335797,-0.41151046756445453,135.15347493432003,136.54747735886346,137.9414797834069,2.0417842226111893,0.022259708874400985,0.09824943005369835,-0.07598972117929736,136.32769646921741,136.5414320963005,22.82777781442728
2020-10-27 00:00:00+00:00,136.4340057373047,136.68765515267484,136.69095738732096,-0.11695226036783879,-0.5439542134928388,135.48585869928715,136.62771606445312,137.7695734296191,1.6714871594974372,-0.0033022346461279994,0.05814998922653549,-0.06145222387266349,136.32769646921741,136.5414320963005,22.82777781442728
2020-10-28 00:00:00+00:00,136.2100067138672,136.61417077747365,136.65533141150956,-0.43732909217362703,-1.757336416392377,135.56890297563103,136.65176391601562,137.73462485640022,1.5848473658197397,-0.04116063403591852,0.01623327186939598,-0.0573939059053145,136.32769646921741,136.5414320963005,22.82777781442728
2020-10-29 00:00:00+00:00,135.48899841308594,136.44106733679862,136.5689363745893,-0.633938815995549,-1.896939304276799,135.47870586996157,136.6310017903646,137.7832977107676,1.6867268852657737,-0.12786903779067416,-0.05638010550828773,-0.07148893228238642,136.32769646921741,136.5414320963005,22.82777781442728
2020-10-30 00:00:00+00:00,135.19200134277344,136.24890333771782,136.46694118704738,-0.6829446050161323,-2.055945703648945,135.28787954564936,136.58304922921317,137.878218912777,1.89653063227526,-0.21803784932956205,-0.1172391336377405,-0.10079871569182156,136.32769646921741,136.5414320963005,22.82777781442728
2020-11-02 00:00:00+00:00,135.1699981689453,136.08291792713743,136.37087133385464,-0.9638736531905749,-1.5008762166671374,135.1352070130144,136.54400126139322,137.95279550977205,2.0635022195986448,-0.28795340671720737,-0.14972375282030864,-0.13822965389689873,136.14840103969962,136.43405753692386,23.07343526296986
2020-11-03 00:00:00+00:00,135.3249969482422,135.96631469961508,136.2933991571426,0.375607190513648,-1.1324036737441645,134.99054592519397,136.49185834612166,137.99317076704935,2.199856371096655,-0.32708445752751913,-0.15108384290449633,-0.1760006146230228,136.14840103969962,136.43405753692386,23.07343526296986
2020-11-04 00:00:00+00:00,137.14700317382812,136.14795908026323,136.3566290843045,0.9223778737033115,-0.989624689773251,134.99906661925337,136.48338245210192,137.96769828495047,2.1750865287493353,-0.20867000404126657,-0.026135511534595007,-0.18253449250667156,136.14840103969962,136.43405753692386,23.07343526296986
2020-11-05 00:00:00+00:00,135.3979949951172,136.03257999024078,136.2856191517721,-0.03561915177209585,-1.2256215931783458,134.9027909336973,136.45019167945497,137.99759242521264,2.2680814540631524,-0.2530391615313192,-0.05640373521971814,-0.19663542631160108,136.14840103969962,136.43405753692386,23.07343526296986
2020-11-06 00:00:00+00:00,136.0850067138672,136.04064564002945,136.27075897118655,-0.10175262353030234,-0.7807534780224898,134.8698617502075,136.41281127929688,137.95576080838626,2.262176865382958,-0.2301133311570993,-0.02678232387639859,-0.20333100728070072,136.14840103969962,136.43405753692386,23.07343526296986
2020-11-09 00:00:00+00:00,136.07899475097656,136.04654550325208,136.25655421413396,2.5064462741472937,-0.2275472561261438,134.85097650998728,136.36023966471353,137.8695028194398,2.213641100129004,-0.21000871088187978,-0.005342162880943246,-0.20466654800093653,136.78434357236486,136.6657962656055,22.75611803440789
2020-11-10 00:00:00+00:00,138.4340057373047,136.4138470777217,136.41784691955402,3.3381497845475394,1.750152348024102,134.73176776988166,136.39762079148065,138.06347381307964,2.4426423451266532,-0.003999841832325046,0.16053336493488918,-0.16453320676721422,136.78434357236486,136.6657962656055,22.75611803440789
2020-11-11 00:00:00+00:00,139.5709991455078,136.899562780458,136.65141375110616,3.516585516471963,2.6485893006516505,134.39854612874757,136.49100167410714,138.5834572194667,3.0660710518567713,0.24814902935185046,0.33014578889525176,-0.08199675954340128,136.78434357236486,136.6657962656055,22.75611803440789
2020-11-12 00:00:00+00:00,139.38800048828125,137.28239935089235,136.8541238797858,2.5468770967767114,1.1578695284173364,134.20511979616205,136.63304937453498,139.0609789529079,3.5539418749523004,0.4282754711065593,0.4082177845199685,0.020057686586590823,136.78434357236486,136.6657962656055,22.75611803440789
2020-11-13 00:00:00+00:00,137.89100646972656,137.37603121532837,136.9309299975592,1.5650721997064352,0.5890742749017477,134.2012225260692,136.6875733875093,139.17392424894942,3.6380057086701076,0.445101217769178,0.34003482494606974,0.10506639282310827,136.78434357236486,136.6657962656055,22.75611803440789
2020-11-16 00:00:00+00:00,138.3719940185547,137.52925626197856,137.03767548059588,1.7683242752634953,0.6273178055369328,134.24428067515535,136.80447750999815,139.36467434484095,3.742855323804282,0.49158078138268024,0.3092115108476576,0.18236927053502267,137.18685140338647,136.85523495129468,22.49168701060625
2020-11-17 00:00:00+00:00,138.1929931640625,137.63136963152994,137.12325456826008,1.21774884970867,0.6907407930680449,134.2810414367096,136.89561971028647,139.51019798386335,3.8198129043283333,0.5081150632698552,0.26059663418786605,0.24751842908198918,137.18685140338647,136.85523495129468,22.49168701060625
2020-11-18 00:00:00+00:00,138.0919952392578,137.70223510964192,137.19501313648215,0.9579867414475416,0.6149844221116041,134.31101182646822,136.96895272391183,139.62689362135544,3.881085230754765,0.5072219731597727,0.20776283526222683,0.29945913789754586,137.18685140338647,136.85523495129468,22.49168701060625
2020-11-19 00:00:00+00:00,137.71099853515625,137.70358332895182,137.23323427712467,0.7227593752190842,-0.04623781716372832,134.35019627489467,137.02123805454798,139.6922798342013,3.898726675626693,0.4703490518271565,0.13671193114368851,0.33363712068346796,137.18685140338647,136.85523495129468,22.49168701060625
2020-11-20 00:00:00+00:00,137.5399932861328,137.67841563005658,137.25595716668082,0.7700438098816846,0.21604295538949714,134.3515803990145,137.0258571079799,139.7001338169453,3.9033168854517863,0.42245846337576154,0.07105707415383489,0.35140138922192665,137.18685140338647,136.85523495129468,22.49168701060625
2020-11-23 00:00:00+00:00,138.11199951171875,137.74512084262,137.3193677107577,1.6996294816251236,0.7606341202969986,134.35592918876674,137.06947617303757,139.7830231573084,3.959374559577702,0.425753131862308,0.059481394112305075,0.36627173775000293,137.65666700818213,137.10395827507736,24.319738863039394
2020-11-24 00:00:00+00:00,139.32081604003906,137.98753548837678,137.4676231425563,2.351377101584319,1.6603828388890065,134.32979703714082,137.1978004092262,140.0658037813116,4.180829960146383,0.5199123458204724,0.12291248645637559,0.3969998593640968,137.65666700818213,137.10395827507736,24.319738863039394
2020-11-25 00:00:00+00:00,139.6529998779297,138.24376077907723,137.62950290073212,2.1085036910647545,1.3824905074710045,134.32312803012312,137.35108584449404,140.37904365886496,4.409077359314233,0.6142578783451142,0.17380641518481393,0.4404514631603003,137.65666700818213,137.10395827507736,24.319738863039394
2020-11-26 00:00:00+00:00,139.7239990234375,138.47148973974805,137.78465076167325,1.9853535107876894,1.1363544873501894,134.37500776256783,137.51841881161644,140.66182986066505,4.571621861584521,0.6868389780748032,0.19711001193160232,0.4897289661432009,137.65666700818213,137.10395827507736,24.319738863039394
2020-11-27 00:00:00+00:00,139.197998046875,138.58326024853682,137.88934315316968,1.3146515978068862,0.45565806753344873,134.61135474068308,137.69503784179688,140.77872094291067,4.479003963318931,0.6939170953671407,0.1633505033791519,0.5305665919879888,137.65666700818213,137.10395827507736,24.319738863039394
2020-11-30 00:00:00+00:00,138.74600219726562,138.60829747141818,137.95279937865826,1.4901937854042444,0.4691976916542444,134.96400851587825,137.86427597772507,140.7645434395719,4.207424209467322,0.6554980927599274,0.09994520061755086,0.5555528921423766,138.44361194913964,137.52017878307413,27.37837422512969
2020-12-01 00:00:00+00:00,139.09100341796875,138.68255992473365,138.03711078897754,2.182890431725582,0.9478898213740194,135.3721754513917,138.05099051339286,140.729805575394,3.8809066882301972,0.6454491357561096,0.07191699489098646,0.5735321408651232,138.44361194913964,137.52017878307413,27.37837422512969
2020-12-02 00:00:00+00:00,139.99000549316406,138.88370539679988,138.18176965595433,2.234230710256611,0.7242362034206735,135.7672663326957,138.27313377743675,140.7790012221778,3.6245181927741354,0.7019357408455562,0.10272287998434648,0.5992128608612097,138.44361194913964,137.52017878307413,27.37837422512969
2020-12-03 00:00:00+00:00,139.6439971923828,139.0006733653511,138.29008280680088,1.9889241512069304,1.230913286949118,135.87425791068472,138.3920382545108,140.90981859833687,3.6386202206166436,0.7105905585502228,0.08910215815121048,0.6214884003990123,138.44361194913964,137.52017878307413,27.37837422512969
2020-12-04 00:00:00+00:00,139.67999267578125,139.1051840284942,138.39303909339202,2.2959562679361056,1.1199613948892306,136.40930355925036,138.595942905971,140.7825822526916,3.155416097863887,0.7121449351021738,0.07252522776252923,0.6396197073396446,138.44361194913964,137.52017878307413,27.37837422512969
2020-12-07 00:00:00+00:00,139.7949981689453,139.2113092808713,138.49688791380336,1.3161156262356997,-0.5808875475924253,136.8414210922337,138.7726091657366,140.70379723923952,2.7832409941885357,0.7144213670679278,0.05984132778262663,0.6545800392853012,138.1523748036582,137.52728188730572,24.251380834063234
2020-12-08 00:00:00+00:00,138.8990020751953,139.1632620184596,138.52667414798054,0.7393323217460193,-0.10267817630085574,137.39746218538528,138.90689522879464,140.416328272204,2.1733018233877592,0.6365878704790475,-0.014393735045002964,0.6509816055240505,138.1523748036582,137.52728188730572,24.251380834063234
2020-12-09 00:00:00+00:00,139.16799926757812,139.1639908260163,138.5741797123952,1.7278222407298074,0.5708245600657449,137.44388463169028,138.9418473016648,140.43980997163933,2.1562440676669743,0.5898111136210957,-0.048936393522363786,0.6387475071434595,138.1523748036582,137.52728188730572,24.251380834063234
2020-12-10 00:00:00+00:00,139.3560028076172,139.19353113087797,138.63209253426348,1.010912836830272,-0.1510897266462905,137.4481176524011,138.93160938081286,140.41510110922462,2.135571213812832,0.5614385966144937,-0.06184712842317264,0.6232857250376663,138.1523748036582,137.52728188730572,24.251380834063234
2020-12-11 00:00:00+00:00,138.6020050048828,139.1025271114941,138.62986382838344,-0.01685723658656002,-1.84986504908656,137.4189988306534,138.89418102446058,140.36936321826775,2.1241814205987186,0.47266328311067696,-0.12049795354159154,0.5931612366522685,138.1523748036582,137.52728188730572,24.251380834063234
2020-12-14 00:00:00+00:00,138.40699768066406,138.9955225836741,138.61335522484868,0.7936424558153874,-0.3293586428174251,137.49493000517654,138.91875203450522,140.3425740638339,2.049862971667095,0.3821673588254271,-0.1687951022614731,0.5509624610869002,138.69695063407943,137.84997051696516,21.85001473528684
2020-12-15 00:00:00+00:00,138.6280059814453,138.9389815679466,138.61444046607807,0.8155522097031849,-0.31744339576556513,137.52174668424698,138.93094308035714,140.3401394764673,2.028628561594212,0.32454110186853313,-0.18113708737469358,0.5056781892432267,138.69695063407943,137.84997051696516,21.85001473528684
2020-12-16 00:00:00+00:00,139.3040008544922,138.9951383812613,138.665519013368,1.3704764700304395,0.471474394835127,137.60637951177972,138.98384820847284,140.36131690516595,1.9821996792417782,0.32961936789331503,-0.14084705707992934,0.47046642497324437,138.69695063407943,137.84997051696516,21.85001473528684
2020-12-17 00:00:00+00:00,139.70399475097656,139.10419320737134,138.74244314207974,1.6375617407327638,0.8545569799905763,137.71111817410932,139.06061008998327,140.41010200585723,1.9408686830882251,0.36175006529160214,-0.08697308774531376,0.4487231530369159,138.69695063407943,137.84997051696516,21.85001473528684
2020-12-18 00:00:00+00:00,139.93899536132812,139.23262430798007,138.83107663980184,1.4659204305106641,0.5069207967216016,137.91126717089833,139.16670517694382,140.42214318298932,1.8042217848719853,0.40154766817823884,-0.03774038788694167,0.4392880560651805,138.69695063407943,137.84997051696516,21.85001473528684
2020-12-21 00:00:00+00:00,138.63800048828125,139.1411437203341,138.81677470265217,-0.07676920948810562,-1.8227714067537306,138.16334151897186,139.218991234189,140.27464094940612,1.516531194284197,0.3243690176819314,-0.09193523070659931,0.4163042483885307,138.55308386998524,137.9093104919411,25.45777765180484
2020-12-22 00:00:00+00:00,138.97000122070312,139.11481410500625,138.82812481510038,0.23687762630586917,-0.8071287213503808,138.31851298647848,139.25984845842635,140.2011839303742,1.3519122451564147,0.2866892899058655,-0.10369196678613213,0.39038125669199764,138.55308386998524,137.9093104919411,25.45777765180484
2020-12-23 00:00:00+00:00,138.69500732421875,139.05022844642355,138.81826426022025,1.4237401343110037,-0.27425791256399634,138.25916042075556,139.23004804338728,140.200935666019,1.3946524277994512,0.2319641862032995,-0.12673365639095852,0.358697842594258,138.55308386998524,137.9093104919411,25.45777765180484
2020-12-24 00:00:00+00:00,139.8209991455078,139.16880855397497,138.8925409183897,2.313452733954051,0.9364538325868637,138.25072256543615,139.23804800851005,140.22537345158395,1.4181834020160287,0.27626763558527045,-0.06594416560719008,0.34221180119246053,138.55308386998524,137.9093104919411,25.45777765180484
2020-12-25 00:00:00+00:00,140.10299682617188,139.31252982662065,138.98220431896615,1.9077950706822833,-5.269206882442717,138.22118962562783,139.25609552292596,140.2910014202241,1.4863347897439116,0.33032550765449287,-0.00950903483037413,0.339834542484867,138.55308386998524,137.9093104919411,25.45777765180484
2020-12-28 00:00:00+00:00,140.4949951171875,139.49444756363093,139.09426289661218,1.4667417420596962,0.4117338074893837,138.1570447078685,139.31785728817894,140.4786698684894,1.6664232466758486,0.400184667018749,0.04828009962710561,0.3519045673916434,138.63833012393548,138.0378122262118,28.464246748903175
2020-12-29 00:00:00+00:00,139.61900329589844,139.51360998397976,139.13313255581858,1.0188602420329858,0.47686805453298575,138.22120296344264,139.35942876906623,140.49765457468982,1.6335110091614333,0.38047742816118557,0.02285828861563377,0.3576191395455518,138.63833012393548,138.0378122262118,28.464246748903175
2020-12-30 00:00:00+00:00,139.7899932861328,139.55613049200332,139.18178890621223,1.3522076758190167,0.5182080420299542,138.24697680724898,139.39271400088356,140.53845119451813,1.643898250847331,0.3743415857910861,0.013377956996427465,0.36096362879465865,138.63833012393548,138.0378122262118,28.464246748903175
2020-12-31 00:00:00+00:00,140.5330047607422,139.70641884104006,139.28187896951076,1.9121212746298681,1.0991177345908056,138.19801600383076,139.41857110886346,140.63912621389616,1.7509218396445114,0.42453987152930495,0.05086099418771706,0.3736788773415879,138.63833012393548,138.0378122262118,28.464246748903175
2021-01-01 00:00:00+00:00,141.13999938964844,139.92696969467212,139.4195175191506,1.7404861429587868,-0.6795120259865257,138.0670595622185,139.48980930873327,140.91255905524804,2.039933603129087,0.5074521755215358,0.10701863854395832,0.40043353697757744,138.63833012393548,138.0378122262118,28.464246748903175
2021-01-04 00:00:00+00:00,141.2570037841797,140.13159032382714,139.55562761285645,1.6933653070654202,0.2253782465185452,137.9556746676926,139.56490507579986,141.17413548390712,2.3060674275288155,0.5759627109706855,0.14042333919448646,0.43553937177619906,139.40965375775386,138.45416776895163,30.478716238369575
2021-01-05 00:00:00+00:00,139.93299865722656,140.10103775973474,139.58358102355055,0.551413483285387,-0.07558541808180053,137.95742151303145,139.57147652762276,141.18553154221408,2.312872307074685,0.5174567361841866,0.06553389152639005,0.4519228446577966,139.40965375775386,138.45416776895163,30.478716238369575
2021-01-06 00:00:00+00:00,139.9290008544922,140.0745705435436,139.6091676776944,0.9448331767978004,0.17083110160248793,138.02874495960256,139.62052408854166,141.21230321748075,2.2801506287566333,0.46540286584919954,0.010784016953122366,0.4546188488960772,139.40965375775386,138.45416776895163,30.478716238369575
2021-01-07 00:00:00+00:00,140.33999633789062,140.11540528113545,139.66330313400522,1.316692593533844,0.45269418044790655,138.069817138571,139.67633347284226,141.2828498071135,2.3003415028553973,0.45210214713023333,-0.002013361412675052,0.4541155085429084,139.40965375775386,138.45416776895163,30.478716238369575
2021-01-08 00:00:00+00:00,140.8179931640625,140.22349572466268,139.74883572882428,1.5821579235194747,0.9831589000819747,138.07555485982934,139.74595206124442,141.4163492626595,2.3906198022580636,0.4746599958384081,0.01643558983639981,0.4582244060020083,139.40965375775386,138.45416776895163,30.478716238369575
2021-01-11 00:00:00+00:00,140.6719970703125,140.29249593168572,139.817218050416,1.0197875648183867,0.5167815833730742,138.211903601104,139.84452311197916,141.4771426228543,2.334906615638913,0.4752778812697329,0.013642780214179695,0.4616351010555532,139.99828154162756,138.84293481758354,28.904015614635203
2021-01-12 00:00:00+00:00,140.80999755859375,140.37211156659464,139.89075727324396,2.1152394308575992,0.8342488302716617,138.41072481680433,139.95895167759485,141.50717853838538,2.2124013394398223,0.4813542933506767,0.015775353836098793,0.4655789395145779,139.99828154162756,138.84293481758354,28.904015614635203
2021-01-13 00:00:00+00:00,141.802001953125,140.59209470298393,140.03233095323515,2.195665872936729,1.537676370983604,138.49292601663237,140.11009434291296,141.72726266919355,2.308425147902116,0.5597637497487824,0.07534784818736362,0.4844159015614188,139.99828154162756,138.84293481758354,28.904015614635203
2021-01-14 00:00:00+00:00,141.70199584960938,140.7628487255417,140.15600983444804,2.0549887007082077,1.4539907759035202,138.5148980908551,140.22428458077567,141.93367107069625,2.438074824244712,0.6068388910936449,0.09793839162578089,0.508900499467864,139.99828154162756,138.84293481758354,28.904015614635203
2021-01-15 00:00:00+00:00,142.0500030517578,140.96087246803648,140.29630562832284,1.8017015738255964,0.6676988882787214,138.47712227042638,140.33599926176527,142.19487625310416,2.649180539729612,0.6645668397136433,0.12453307219662346,0.5400337675170198,139.99828154162756,138.84293481758354,28.904015614635203
2021-01-18 00:00:00+00:00,141.03700256347656,140.97258479041187,140.35117206796386,0.7238248802783289,0.0028318382861414193,138.51530158650388,140.3882853190104,142.26126905151693,2.668290631587192,0.6214127224480137,0.0651031639447951,0.5563095585032186,140.48012674064233,139.21448943488187,27.33275319827731
2021-01-19 00:00:00+00:00,140.82699584960938,140.95018649182688,140.38641827401167,1.3235884398555129,0.4465742796992629,138.78438296022932,140.49252319335938,142.20066342648943,2.431645747836908,0.563768217815209,0.005966927449592374,0.5578012903656167,140.48012674064233,139.21448943488187,27.33275319827731
2021-01-20 00:00:00+00:00,141.7449951171875,141.07246474188236,140.4870535957284,1.810950554662213,0.6189492118887756,138.97992991530288,140.62466575985863,142.26940160441438,2.3391854276324895,0.5854111461539446,0.022087884630662358,0.5633232615232823,140.48012674064233,139.21448943488187,27.33275319827731
2021-01-21 00:00:00+00:00,141.52099609375,141.1414695652466,140.5636419289152,1.6423517234285612,0.8443628318269987,139.31823174330808,140.75923665364584,142.2002415639836,2.0474747442450605,0.5778276363314205,0.011603499846510656,0.5662241364849099,140.48012674064233,139.21448943488187,27.33275319827731
2021-01-22 00:00:00+00:00,142.0749969482422,141.28508916263056,140.67559415256903,1.5104104861028418,0.8404123171575293,139.38586180104875,140.86656988234748,142.3472779636462,2.102284569767582,0.6094950100615222,0.03461669886128982,0.5748783112002324,140.48012674064233,139.21448943488187,27.33275319827731
2021-01-25 00:00:00+00:00,142.05450439453125,141.40346073676912,140.77773565197364,1.532261906620107,0.8862658128701071,139.43775800056744,140.9594988141741,142.48123962778078,2.159117798244685,0.6257250847954765,0.04067741887619536,0.5850476659192811,141.48338405430843,139.82526218441885,24.82752311950198
2021-01-26 00:00:00+00:00,141.91099548339844,141.4815430054813,140.86168082467177,1.5773145366563597,0.4253217388047972,139.46844813111218,141.0269274030413,142.58540667497041,2.210186807055837,0.6198621808095481,0.027851611912213636,0.5920105688973345,141.48338405430843,139.82526218441885,24.82752311950198
2021-01-27 00:00:00+00:00,142.33999633789062,141.6136127489289,140.9711856775028,1.71681786253626,1.23280907347376,139.63579438406427,141.156498500279,142.67720261649376,2.1546356453603006,0.6424270714260842,0.04033320202299984,0.6020938694030844,141.48338405430843,139.82526218441885,24.82752311950198
2021-01-28 00:00:00+00:00,142.33999633789062,141.72536407030762,141.07257905975376,2.1574166677852986,1.1184152029415486,139.80664482656348,141.2779272170294,142.74920960749532,2.082819898972258,0.6527850105538562,0.04055291292061747,0.6122320976332387,141.48338405430843,139.82526218441885,24.82752311950198
2021-01-29 00:00:00+00:00,143.11900329589844,141.9397701050139,141.22416604020893,2.720169897291072,1.7728279783457594,139.7750475758732,141.4010700044178,143.02709243296238,2.2998728771907957,0.7156040648049782,0.08269757373739162,0.6329064910675866,141.48338405430843,139.82526218441885,24.82752311950198
2021-02-01 00:00:00+00:00,143.37600708007812,142.16072963963916,141.38356167279184,2.6994308809190954,1.9884323457628454,139.68311615488176,141.5075465611049,143.33197696732805,2.5785626993897877,0.7771679668473155,0.11540918062378314,0.6617587862235323,142.59570370873166,140.53884516058446,24.97798898985578
2021-02-02 00:00:00+00:00,143.4459991455078,142.3584634097728,141.53633481891896,2.2096673783466656,1.599666767995103,139.61457120421414,141.61178443545387,143.6089976666936,2.820687895716827,0.8221285908538505,0.1282958437042545,0.693832747149596,142.59570370873166,140.53884516058446,24.97798898985578
2021-02-03 00:00:00+00:00,143.43899536132812,142.52469909462747,141.6772726368752,2.000721137538875,1.440723578945125,139.78462328639128,141.7787366594587,143.77285003252612,2.8129935701954003,0.8474264577522774,0.12287496848214519,0.7245514892701322,142.59570370873166,140.53884516058446,24.97798898985578
2021-02-04 00:00:00+00:00,143.27200317382812,142.63966895296602,141.79540082479764,2.4045961234445485,1.0465944144601735,140.0279179918775,141.93792724609375,143.84793650031,2.6913303459823683,0.8442681281683804,0.09577331111859855,0.7484948170497818,142.59570370873166,140.53884516058446,24.97798898985578
2021-02-05 00:00:00+00:00,144.36399841308594,142.90495040836907,141.985667312819,2.8913315885481836,2.2623337858138086,140.09582716899845,142.1295463925316,144.16326561606476,2.8617824726133354,0.919283095550071,0.13663062280023142,0.7826524727498396,142.59570370873166,140.53884516058446,24.97798898985578
2021-02-08 00:00:00+00:00,144.7830047607422,143.1938818471957,142.19287749414664,2.7231228720642946,2.1971218955017946,140.08075110864166,142.318356468564,144.55596182848632,3.1445070269857713,1.001004353049069,0.17468150423938356,0.8263228488096855,143.4927372055607,141.2171250232465,26.267720397165796
2021-02-09 00:00:00+00:00,144.60699462890625,143.41128381361273,142.37170098561032,2.280291812241245,1.64329840403812,140.1931987943855,142.5057373046875,144.8182758149895,3.2455374134974395,1.039582828002409,0.17060798335417882,0.8689748446482303,143.4927372055607,141.2171250232465,26.267720397165796
2021-02-10 00:00:00+00:00,144.44000244140625,143.56954821788867,142.52490850085445,2.523095649536174,1.8650908887939863,140.35625982808492,142.67859468005952,145.00092953203412,3.2553374347177635,1.0446397170342152,0.14053189790878795,0.9041078191254273,143.4927372055607,141.2171250232465,26.267720397165796
2021-02-11 00:00:00+00:00,144.67100524902344,143.73900314575556,142.68387863034846,2.207127839378103,1.8561146557843529,140.38039386652665,142.8152138846261,145.25003390272556,3.409748796184191,1.0551245154071012,0.12081335702533913,0.934311158381762,143.4927372055607,141.2171250232465,26.267720397165796
2021-02-12 00:00:00+00:00,144.65199279785156,143.87946309223187,142.82966486497833,2.574342093029486,1.650330862560736,140.4544929511562,142.9556899297805,145.4568869084048,3.4992618759741414,1.0497982272535467,0.09238965509742769,0.957408572156119,143.4927372055607,141.2171250232465,26.267720397165796
2021-02-15 00:00:00+00:00,145.70700073242188,144.16062272918418,143.04280085515933,3.581192064762547,2.6022034173016095,140.40581145420916,143.1298326764788,145.85385389874844,3.806364014170042,1.1178218740248553,0.12833064149498907,0.9894912325298663,144.75978622948838,142.08523348811752,31.48204784601
2021-02-16 00:00:00+00:00,146.61000061035156,144.5374500955176,143.30703787406244,3.9889673749609926,3.2119593183203676,140.46071609508732,143.3952135358538,146.32971097662028,4.092880603762623,1.2304122214551683,0.19273679114024156,1.0376754303149267,144.75978622948838,142.08523348811752,31.48204784601
2021-02-17 00:00:00+00:00,147.35000610351562,144.970151019825,143.60651700217008,3.744480922634608,2.8204849509549206,140.55176803910413,143.70583307175409,146.85989810440404,4.3896130939585305,1.363634017654931,0.2607668698720036,1.1028671477829275,144.75978622948838,142.08523348811752,31.48204784601
2021-02-18 00:00:00+00:00,146.7689971923828,145.2468965848339,143.84077479403769,3.9192197127982524,2.6992184920951274,140.66268483805473,143.945071265811,147.2274576935673,4.5606096810289225,1.4061217907962202,0.2426037144106341,1.1635180763855861,144.75978622948838,142.08523348811752,31.48204784601
2021-02-19 00:00:00+00:00,147.56100463867188,145.6029132085013,144.1163473751217,4.019654211792357,3.161652502807982,140.79548731044207,144.2326907203311,147.66989413022014,4.766191898276119,1.4865658333795864,0.25843820559520014,1.2281276277843862,144.75978622948838,142.08523348811752,31.48204784601
2021-02-22 00:00:00+00:00,148.03500366210938,145.97708097059484,144.40661821119485,3.863386061266084,3.138379957750459,140.86147503608046,144.51650056384858,148.1715260916167,5.058281253016221,1.5704627593999874,0.27386810529248096,1.2965946541075064,145.92793630305735,142.9679481969858,37.74832091090597
2021-02-23 00:00:00+00:00,147.6999969482422,146.24214496715598,144.6505721917169,3.738435376642485,3.00842439031436,141.0643149811391,144.78533354259673,148.50635210405437,5.140049023491587,1.59157277543909,0.23598249706526686,1.3555902783738232,145.92793630305735,142.9679481969858,37.74832091090597
2021-02-24 00:00:00+00:00,148.64013671875,146.61106677509352,144.94609549001564,5.005900359593738,3.6829023127187384,141.2727587247155,145.10576883951822,148.93877895432095,5.2830568287631685,1.6649712850778826,0.2475048053632476,1.417466479714635,145.92793630305735,142.9679481969858,37.74832091090597
2021-02-25 00:00:00+00:00,149.8828887939453,147.11442400876302,145.3117838828993,5.123213675694444,4.436995413975694,141.33388940944542,145.46495419456846,149.5960189796915,5.6798076320121575,1.802640125863718,0.3081389169192663,1.4945012089444516,145.92793630305735,142.9679481969858,37.74832091090597
2021-02-26 00:00:00+00:00,148.9709930419922,147.40005001387522,145.58283641320247,3.432162976445966,1.8441655399225283,141.63967772327197,145.7807159423828,149.92175416149365,5.681187929887119,1.8172136006727442,0.25816991338263406,1.5590436872901101,145.92793630305735,142.9679481969858,37.74832091090597
2021-03-01 00:00:00+00:00,148.79200744628906,147.61419731116965,145.8205527860237,3.460453073351289,2.5264473360466013,141.8994696329038,146.05085899716332,150.20224836142285,5.6848544305243145,1.793644525145936,0.18768067028466073,1.6059638548612754,147.24234755002,143.95412274655143,43.13565331055634
2021-03-02 00:00:00+00:00,148.81300354003906,147.798629038688,146.04221580483966,2.988790054535343,2.047780533050968,142.17983512295143,146.30976359049478,150.43969205803813,5.6454584659197105,1.756413233848349,0.12035950318965893,1.63605373065869,147.24234755002,143.95412274655143,43.13565331055634
2021-03-03 00:00:00+00:00,148.93699645996094,147.9737624881146,146.2566440015153,3.3963558764143897,2.6263516039534522,142.50486032479063,146.5712396530878,150.63761898138495,5.548672901889446,1.717118486599304,0.0648518047524913,1.6522666818468128,147.24234755002,143.95412274655143,43.13565331055634
2021-03-04 00:00:00+00:00,149.0800018310547,148.14395315625924,146.4657816185182,4.203224729138043,2.582222531872418,142.89310110466474,146.83985900878906,150.7866169129134,5.375594788453308,1.6781715377410364,0.020723884715379004,1.6574476530256574,147.24234755002,143.95412274655143,43.13565331055634
2021-03-05 00:00:00+00:00,149.9739990234375,148.42549867428667,146.72564957443817,3.6313450544680848,2.6473515241946473,143.33593733142592,147.15900166829428,150.98206600516264,5.195828041135785,1.6998490998485067,0.033921157458279394,1.6659279423902273,147.24234755002,143.95412274655143,43.13565331055634
2021-03-08 00:00:00+00:00,150.18299865722656,148.69588328704666,146.98174950649656,3.584244756198757,2.705246953464382,143.62001173585617,147.43609691801527,151.25218210017437,5.176595503991276,1.7141337805500996,0.03856467052789769,1.6755691100222019,148.72640471433627,145.05989364603963,48.639630398657125
2021-03-09 00:00:00+00:00,150.57200622558594,148.98451758528347,147.24769444865132,4.014298959551809,3.2423110445127463,143.86586661581833,147.7117636544364,151.55766069305446,5.207299599529971,1.7368231366321538,0.04900322128796164,1.6878199153441922,148.72640471433627,145.05989364603963,48.639630398657125
2021-03-10 00:00:00+00:00,150.7899932861328,149.26228307772183,147.5100869551314,3.655913411079524,3.160918293892024,144.20975756731883,148.00619216192337,151.8026267565279,5.130102381731593,1.7521961225904192,0.0515009657969816,1.7006951567934376,148.72640471433627,145.05989364603963,48.639630398657125
2021-03-11 00:00:00+00:00,151.04800415039062,149.53700939659396,147.772154895521,3.8968514521352517,3.1886605341665017,144.66615809608203,148.32085890997024,151.97555972385845,4.928100930303526,1.7648545010729606,0.051327475423618374,1.7135270256493422,148.72640471433627,145.05989364603963,48.639630398657125
2021-03-12 00:00:00+00:00,151.8520050048828,149.89316256709995,148.074366014733,4.145635205970137,3.173635083899825,145.09535518094867,148.66281127929688,152.23026737764508,4.799392756869,1.8187965523669618,0.08421562137409566,1.7345809309928661,148.72640471433627,145.05989364603963,48.639630398657125
2021-03-15 00:00:00+00:00,151.97808837890625,150.2139203843009,148.36353063430138,3.7214760795658037,2.8454689994876787,145.6546900861653,149.0116729736328,152.36865586110034,4.5056643153876035,1.8503897499995219,0.09264705520532468,1.7577426947941972,149.5452235855992,145.93460331490897,53.4105351839161
2021-03-16 00:00:00+00:00,151.66229248046875,150.43674686063443,148.60788336364712,3.125118345337256,2.1961174908450687,146.10061707106877,149.2952582949684,152.48989951886801,4.279628516517045,1.82886349698731,0.056896641754490274,1.7719668552328198,149.5452235855992,145.93460331490897,53.4105351839161
2021-03-17 00:00:00+00:00,151.54400634765625,150.6070944740224,148.8253739550552,3.1616255566635516,2.6046187207260516,146.43591213286385,149.53021094912575,152.62450976538764,4.138693842028568,1.7817205189672052,0.007802930987508283,1.773917587979697,149.5452235855992,145.93460331490897,53.4105351839161
2021-03-18 00:00:00+00:00,152.1580047607422,150.84569605659468,149.0722354962172,3.4567714617906233,2.603759376829686,146.6326772780361,149.75916326613654,152.88564925423697,4.1753518381300765,1.7734605603774867,-0.0003656220817682687,1.773826182459255,149.5452235855992,145.93460331490897,53.4105351839161
2021-03-19 00:00:00+00:00,151.66900634765625,150.97235917829644,149.26458889262008,2.508406102497105,1.3254074452705424,147.06865834308488,149.99249703543526,152.91633572778565,3.8986465991824097,1.7077702856763608,-0.05284471742631536,1.7606150031026762,149.5452235855992,145.93460331490897,53.4105351839161
2021-03-22 00:00:00+00:00,150.5780029296875,150.91168898620276,149.36187882129175,1.5251145869113714,0.9741197138644964,147.41486870124754,150.13616362072173,152.85745854019592,3.625102512075375,1.5498101649110083,-0.16864387055333419,1.7184540354643425,150.1809211517927,146.7228480248048,49.417416696083606
2021-03-23 00:00:00+00:00,150.77200317382812,150.89019886122205,149.4663324770352,1.2966680112460551,-0.34533027976956987,147.7025978070566,150.26649693080358,152.83039605455056,3.4124694141604053,1.4238663841868515,-0.2356701210219927,1.6595365052088442,150.1809211517927,146.7228480248048,49.417416696083606
2021-03-24 00:00:00+00:00,148.98500061035156,150.5970914380112,149.43067826468825,0.0033274726164336244,-0.8916767998445039,147.95771797290755,150.32768758138022,152.6976571898529,3.153071329178378,1.166413173322951,-0.3944986655087146,1.5609118388316656,150.1809211517927,146.7228480248048,49.417416696083606
2021-03-25 00:00:00+00:00,148.9040069580078,150.33661690262608,149.39166557530453,0.49433601160953344,-0.48666679600765406,148.00364186543516,150.34025283086868,152.6768637963022,3.1084302725793425,0.9449513273215473,-0.4927684092080946,1.437719736529642,150.1809211517927,146.7228480248048,49.417416696083606
2021-03-26 00:00:00+00:00,150.08999633789062,150.29867527728217,149.44339377994055,2.08260719662195,0.5926017034578877,148.01956863859337,150.35011509486608,152.6806615511388,3.1001591915007367,0.8552814973416218,-0.46595059135041605,1.321232088692038,150.1809211517927,146.7228480248048,49.417416696083606
2021-03-29 00:00:00+01:00,151.3979949951172,150.46780138771834,149.58817905513882,2.206025656775239,0.9818282690799265,148.17988456025054,150.46568661644346,152.75148867263638,3.0383034266406885,0.8796223325795154,-0.3532878048900181,1.2329101374695335,151.1314020650623,147.6242074343472,48.539948233659445
2021-03-30 00:00:00+01:00,151.28746032714844,150.59390276301528,149.71405174195436,2.212950211170636,1.4359421545300108,148.4019787457759,150.58451770600817,152.76705666624045,2.898756118465421,0.8798510210609152,-0.28244729312689465,1.1622983141878098,151.1314020650623,147.6242074343472,48.539948233659445
2021-03-31 00:00:00+01:00,151.58399963378906,150.74622535851893,149.8525664006088,2.916430791774019,1.7044404353287064,148.64612080179916,150.71646990094865,152.78681900009815,2.7473428756792617,0.8936589579101337,-0.21491148502214097,1.1085704429322747,151.1314020650623,147.6242074343472,48.539948233659445
2021-04-01 00:00:00+01:00,152.65199279785156,151.0394203491855,150.05993131892308,3.005071122483173,2.255071122483173,148.826592468387,150.89337448846726,152.96015650854753,2.739393995378149,0.979489030262414,-0.10326513013588867,1.0827541603983026,151.1314020650623,147.6242074343472,48.539948233659445
2021-04-02 00:00:00+01:00,153.00399780273438,151.34166303434685,150.27801031772393,2.9159899264166995,2.4119921236823245,148.9935835910004,151.08023143949964,153.16687928799888,2.7623042784850935,1.0636527166229257,-0.015281155020301584,1.0789338716432273,151.1314020650623,147.6242074343472,48.539948233659445
2021-04-05 00:00:00+01:00,153.05599975585938,151.60540714534878,150.48378731314136,2.8712084143976995,2.3762132972101995,149.04103773521683,151.22699337913878,153.41294902306072,2.89095960327872,1.121619832207415,0.034148768451350175,1.0874710637560647,150.95035874161707,148.04764524297283,44.73937117740713
2021-04-06 00:00:00+01:00,153.29299926757812,151.86503670261484,150.6918770875441,2.6981223021043377,1.2031271849168377,149.0737643945754,151.37508864629837,153.67641289802134,3.0405587501920177,1.1731596150707446,0.06855084105174392,1.1046087740190007,150.95035874161707,148.04764524297283,44.73937117740713
2021-04-07 00:00:00+01:00,151.81500244140625,151.85733912396736,150.77507155820055,1.2689347894556988,0.01792770937757382,149.15478445595406,151.4342789422898,153.71377342862556,3.0105396245250975,1.0822675657668128,-0.017872966601750306,1.1001405323685631,150.95035874161707,148.04764524297283,44.73937117740713
2021-04-08 00:00:00+01:00,150.9219970703125,151.713440346482,150.7859549294681,0.2880501974850347,-0.8989615212649653,149.1674927267039,151.44056483677454,153.71363694684518,3.001932953063933,0.9274854170139122,-0.1381240922837208,1.065609509297633,150.95035874161707,148.04764524297283,44.73937117740713
2021-04-09 00:00:00+01:00,150.11000061035156,151.46675731015424,150.73588423916317,0.1711134415008928,-1.1428819198272322,149.05779140447697,151.3958980015346,153.7340045985922,3.0887317660798415,0.7308730709910662,-0.26778915064525344,0.9986622216363197,150.95035874161707,148.04764524297283,44.73937117740713
2021-04-12 00:00:00+01:00,150.3990020751953,151.30248727400672,150.7109300047952,-0.14493574209987514,-0.9709245116311251,148.9608538045289,151.3267073858352,153.69256096714147,3.1268156456667033,0.5915572692115347,-0.32568396193982796,0.9172412311513627,150.59625966889055,148.31056185446778,40.956212170685134
2021-04-13 00:00:00+01:00,150.4250030517578,151.16748970135305,150.68975023049612,0.1212544081757585,-0.9537577988554915,148.8758964988545,151.25275094168526,153.62960538451603,3.1428908605399797,0.4777394708569318,-0.35160140823554475,0.8293408790924766,150.59625966889055,148.31056185446778,40.956212170685134
2021-04-14 00:00:00+01:00,149.8509979248047,150.964952504961,150.62762043007453,-0.17762348183234167,-1.0676228714807792,148.72477797003899,151.16649881998697,153.60821966993495,3.230505262750908,0.33733207488646144,-0.3936070433648121,0.7309391182512736,150.59625966889055,148.31056185446778,40.956212170685134
2021-04-15 00:00:00+01:00,150.01600646972656,150.81896080723263,150.58231569227098,-0.41431642469285634,-0.8853094666850438,148.61063424344115,151.09373692103796,153.57683959863476,3.286837334487903,0.23664511496164664,-0.3954352026317015,0.6320803175933482,150.59625966889055,148.31056185446778,40.956212170685134
2021-04-16 00:00:00+01:00,149.79800415039062,150.66189055233386,150.5242185410206,-0.08322427832527524,-1.1242246445362127,148.48749748491352,150.98135593959265,153.47521439427177,3.3035316700651642,0.13767201131327056,-0.3955266450240621,0.5331986563373327,150.59625966889055,148.31056185446778,40.956212170685134
2021-04-19 00:00:00+01:00,150.21600341796875,150.5932925316623,150.5013877911649,0.6946113543429249,-0.5943901105008251,148.4178346210603,150.91216532389322,153.40649602672613,3.3056721404526765,0.09190474049742647,-0.35303513267192493,0.4449398731693514,150.5195462408489,148.6042129302246,40.01620707248289
2021-04-20 00:00:00+01:00,151.22000122070312,150.6897092530532,150.55461841557513,1.3793873217295527,0.043388786573302696,148.44980107624042,150.94273667108445,153.43567226592847,3.303154096478748,0.13509083747806017,-0.24787922855303302,0.3829700660310932,150.5195462408489,148.6042129302246,40.01620707248289
2021-04-21 00:00:00+01:00,150.7030029296875,150.69175443407386,150.56560986106493,0.37839038307569695,-0.5066041237602406,148.44544223880496,150.93945094517298,153.433459651541,3.304647911133506,0.12614457300892923,-0.20546039441773117,0.3316049674266604,150.5195462408489,148.6042129302246,40.01620707248289
2021-04-22 00:00:00+01:00,150.5030059814453,150.66271621059255,150.56097253664865,0.06903234616385134,-1.1399672876252112,148.66485267483566,151.01173691522507,153.3586211556145,3.108214352513418,0.1017436739439006,-0.18388903478620783,0.28563270873010843,150.5195462408489,148.6042129302246,40.01620707248289
2021-04-23 00:00:00+01:00,149.40899658203125,150.46983626773695,150.47564098445477,-0.5536439141422704,-1.4106385430485204,148.76672079512724,151.03578404017858,153.30484728522993,3.004669733694003,-0.005804716717818792,-0.23314994035834177,0.22734522364052298,150.5195462408489,148.6042129302246,40.01620707248289
2021-04-26 00:00:00+01:00,149.54299926757812,150.3272459600202,150.40655641283428,-0.15355043138896463,-0.8565533610764646,148.68594466120416,151.00973656063988,153.3335284600756,3.0776716155684047,-0.07931045281407023,-0.24532454116367455,0.16601408834960432,150.75123578328729,148.9771274927874,40.04882079941284
2021-04-27 00:00:00+01:00,150.33200073242188,150.32797746346662,150.40103376984078,0.686963666682658,-0.24203718780952954,148.6247771657952,150.95897492908296,153.29317269237072,3.092492863553576,-0.07305630637415561,-0.19125631577900795,0.11820000940485234,150.75123578328729,148.9771274927874,40.04882079941284
2021-04-28 00:00:00+01:00,151.18299865722656,150.45951918558353,150.45895709483233,0.985149960831734,0.531048398331734,148.6221800964557,150.95400056384858,153.28582103124145,3.0894450742384794,0.0005620907512025042,-0.09411033492291987,0.09467242567412237,150.75123578328729,148.9771274927874,40.04882079941284
2021-04-29 00:00:00+01:00,151.3990020751953,150.60405501475458,150.5285900563407,1.855412629206171,0.7714129954171085,148.62157419205013,150.94519115629652,153.2688081205429,3.078755866876725,0.07546495841387468,-0.015365973808198152,0.09083093222207284,150.75123578328729,148.9771274927874,40.04882079941284
2021-04-30 00:00:00+01:00,151.91000366210938,150.8049701912707,150.63091699010135,1.4630771505236453,0.2880893575548953,148.67007719904197,150.90985834030877,153.14963948157558,2.9683695497427243,0.1740532011693574,0.06657781515782765,0.10747538601152976,150.75123578328729,148.9771274927874,40.04882079941284
2021-05-03 00:00:00+01:00,151.00900268554688,150.83635980577475,150.65892333791214,1.26607971384567,0.3590820331816076,148.77842199623956,150.81485857282365,152.85129514940775,2.7005781736031857,0.1774364678626057,0.05596886548086075,0.12146760238174495,151.14605700982173,149.39978063137357,40.075998905187795
2021-05-04 00:00:00+01:00,151.65699768066406,150.96261178652696,150.73285477070857,1.308145595502367,0.2731419333929921,148.9295312356864,150.7482394263858,152.5669476170852,2.4129080347734586,0.22975701581839303,0.08663153074931845,0.14312548506907458,151.14605700982173,149.39978063137357,40.075998905187795
2021-05-05 00:00:00+01:00,151.81199645996094,151.09328635167066,150.81279119213468,1.3972155217325053,0.9472033147012553,149.1711108170598,150.6777154831659,152.18432014927203,1.9997710494548018,0.2804951595359739,0.10989573957351947,0.17059941996245445,151.14605700982173,149.39978063137357,40.075998905187795
2021-05-06 00:00:00+01:00,151.88600158691406,151.2152425417081,150.89228825841462,1.1987151595541263,0.43870539392912633,149.16401610719353,150.68109639485678,152.19817668252003,2.0136305402076045,0.32295428329348397,0.12188389066482361,0.20107039262866036,151.14605700982173,149.39978063137357,40.075998905187795
2021-05-07 00:00:00+01:00,151.51199340820312,151.2608965211689,150.93819234358415,1.0828037501658514,0.3618107081736639,149.15393451316902,150.70919145856584,152.26444840396266,2.063917841168173,0.3227041775847397,0.09730702796486346,0.22539714961987622,151.14605700982173,149.39978063137357,40.075998905187795
2021-05-10 00:00:00+01:00,152.39999389648438,151.43614227121742,151.04647394009527,2.794529477873482,1.3525281351000444,149.13081228680812,150.8182387579055,152.5056652290029,2.2376955002187113,0.38966833112215227,0.13141694520182085,0.2582513859203314,152.1598103047249,150.08371438325324,43.56271099774469
2021-05-11 00:00:00+01:00,153.79800415039062,151.79950563724407,151.25029099270975,2.690703269985562,1.9257038803371245,148.8823883256108,150.98009599958147,153.07780367355213,2.7787870448518928,0.5492146445343167,0.23277060689118823,0.31644403764312845,152.1598103047249,150.08371438325324,43.56271099774469
2021-05-12 00:00:00+01:00,153.64999389648438,152.08419613866565,151.42804676335973,2.9879536028512064,2.1009601946480814,148.76615098017416,151.1336669921875,153.50118300420084,3.133009420244826,0.6561493753059153,0.2717642701302295,0.3843851051756858,152.1598103047249,150.08371438325324,43.56271099774469
2021-05-13 00:00:00+01:00,154.19400024414062,152.4087813856618,151.63293220638053,2.6640648639319693,1.9390740192054068,148.7128154064181,151.34047662644159,153.96813784646508,3.4725161154466773,0.7758491792812663,0.3131712592844644,0.4626779199968019,152.1598103047249,150.08371438325324,43.56271099774469
2021-05-14 00:00:00+01:00,153.8209991455078,152.62604565640734,151.79501123890847,2.4559958411696527,1.8149893714430902,148.76283636083545,151.52166675385973,154.28049714688402,3.6414995322165793,0.83103441749887,0.2946851980016545,0.5363492194972155,152.1598103047249,150.08371438325324,43.56271099774469
2021-05-17 00:00:00+01:00,154.2790069580078,152.8803473951151,151.97901092180473,2.284996646554646,1.7409902988983958,148.85211735478518,151.73504783993675,154.61797832508833,3.799953308338809,0.9013364733103799,0.29198980305053157,0.6093466702598483,152.83456754689993,150.6694811901099,46.92337148722587
2021-05-18 00:00:00+01:00,154.53799438476562,153.1353700089075,152.16856525239442,2.644438287644647,2.3364396304180843,148.90790233797435,151.94085693359375,154.97381152921315,3.9922831249332282,0.9668047565130848,0.28596646900258915,0.6808382875104957,152.83456754689993,150.6694811901099,46.92337148722587
2021-05-19 00:00:00+01:00,154.44200134277344,153.33639021411764,152.33696792575583,2.448035736353546,1.228034515650421,148.90097360736635,152.0942855108352,155.28759741430403,4.199121476186359,0.9994222883618136,0.2548672006810543,0.7445550876807593,152.83456754689993,150.6694811901099,46.92337148722587
2021-05-20 00:00:00+01:00,154.11000061035156,153.45540719815364,152.46830368017032,1.80069351221249,1.189701080571865,149.01658785557774,152.25652349562873,155.49645913567971,4.25589073711381,0.9871035179833143,0.19403874424204404,0.7930647737412703,152.83456754689993,150.6694811901099,46.92337148722587
2021-05-21 00:00:00+01:00,154.4029998779297,153.60119068734994,152.61161450963397,2.041385368295721,1.4233891524754085,149.17862966422737,152.4422374906994,155.70584531717142,4.281763217587436,0.9895761777159748,0.15720912317976365,0.8323670545362112,152.83456754689993,150.6694811901099,46.92337148722587
2021-05-24 00:00:00+01:00,154.00999450683594,153.66408358265548,152.7151982131304,1.4272731003461558,1.0577967819867808,149.6323387814139,152.66133262997582,155.69032647853774,3.9682528592930235,0.9488853695250725,0.09321465199108903,0.8556707175339835,153.79496987664422,151.39038023954174,50.96838178631214
2021-05-25 00:00:00+01:00,154.06900024414062,153.72637845365318,152.8154798450571,1.610515027989777,0.9945177135366521,150.13564425583115,152.8768564860026,155.61806871617404,3.586170324508769,0.9108986085960851,0.044182312849681216,0.8667162957464039,153.79496987664422,151.39038023954174,50.96838178631214
2021-05-26 00:00:00+01:00,153.8470001220703,153.74493563340965,152.8918887544655,1.4341152738548146,0.8771084379173146,150.52473906161273,153.0442374093192,155.56373575702568,3.2925099178586335,0.8530468789441557,-0.01093553344179854,0.8639824123859542,153.79496987664422,151.39038023954174,50.96838178631214
2021-05-27 00:00:00+01:00,154.08599853515625,153.79740684906298,152.98034133081296,2.783666237546413,0.8536583029761005,150.77036008668227,153.18247549874442,155.59459091080657,3.149335985345035,0.8170655182500184,-0.0375335153087486,0.854599033558767,153.79496987664422,151.39038023954174,50.96838178631214
2021-05-28 00:00:00+01:00,155.9459991455078,154.1279595100545,153.20001968745703,2.8379746973085958,2.3919755518007833,150.8534958694245,153.3989991687593,155.9445024680941,3.318800400430781,0.927939822597466,0.05867263123095923,0.8692671913665068,153.79496987664422,151.39038023954174,50.96838178631214
2021-05-31 00:00:00+01:00,155.83599853515625,154.39073474468555,153.3952773798792,2.4667221318395605,1.894715906253623,150.9310109992315,153.58595130557106,156.24089161191063,3.4572697356379436,0.9954573648063558,0.10095213875187925,0.8945052260544766,154.20442856685136,151.90937534064514,54.33922370221737
2021-06-01 00:00:00+01:00,155.76400756835938,154.6020074867892,153.57073887532218,2.3492592936231347,1.4072579508496972,151.26633510995208,153.81238010951452,156.35842510907696,3.310585269858843,1.031268611467027,0.10941070833004041,0.9218579031369867,154.20442856685136,151.90937534064514,54.33922370221737
2021-06-02 00:00:00+01:00,154.98399353027344,154.66077457040217,153.67542440531858,1.820577791947045,1.28557412983767,151.57111699380962,153.97080848330543,156.37049997280124,3.117073311667385,0.9853501650835881,0.05079380955728108,0.934556355526307,154.20442856685136,151.90937534064514,54.33922370221737
2021-06-03 00:00:00+01:00,155.29600524902344,154.75850236711312,153.7954674307782,2.0025367196124364,1.494525855354624,151.8794549788922,154.13671366373697,156.39397234858174,2.9289046472979607,0.9630349363349353,0.0227828646469026,0.9402520716880327,154.20442856685136,151.90937534064514,54.33922370221737
2021-06-04 00:00:00+01:00,155.5500030517578,154.88027170321232,153.92543303233222,1.7935611082927778,1.0945712401287153,152.21619412615942,154.31118992396765,156.40618572177587,2.715286945607084,0.9548386708800933,0.011669279353648476,0.9431693915264449,154.20442856685136,151.90937534064514,54.33922370221737
2021-06-07 00:00:00+01:00,155.22999572753906,154.93407539926258,154.02206730605124,1.2219359898471964,0.5179259800815714,152.7759444034133,154.48823765345983,156.20053090350638,2.216729604861532,0.912008093211341,-0.02492903865208307,0.9369371318634241,154.39270457516653,152.3179298050954,52.40496942617171
2021-06-08 00:00:00+01:00,154.89100646972656,154.9274494101032,154.0864331700272,0.9805681727462456,0.48557305555874564,153.16604366625896,154.6068572998047,156.04767093335042,1.863841822684213,0.8410162400760157,-0.07673671342992672,0.9177529535059424,154.39270457516653,152.3179298050954,52.40496942617171
2021-06-09 00:00:00+01:00,154.88299560546875,154.92061036323636,154.1454377948747,1.1565641582502906,0.3525633037581031,153.26024862844062,154.6585235595703,156.0567984907,1.808209336216912,0.7751725683616542,-0.11406430811543067,0.8892368764770848,154.39270457516653,152.3179298050954,52.40496942617171
2021-06-10 00:00:00+01:00,154.6739959716797,154.88266968761226,154.18459025241583,1.011408893091982,-0.04759684421270549,153.38366628021794,154.70728556315103,156.03090484608413,1.7111272789965633,0.6980794351964335,-0.15292595302452106,0.8510053882209545,154.39270457516653,152.3179298050954,52.40496942617171
2021-06-11 00:00:00+01:00,155.01199340820312,154.90256564462624,154.24587937506675,0.9481208690738754,0.5841224559879379,153.43726822614315,154.7462376185826,156.05520701102205,1.6917624784723868,0.6566862695594864,-0.15545529492917454,0.8121415644886609,154.39270457516653,152.3179298050954,52.40496942617171
2021-06-14 00:00:00+01:00,154.8820037841797,154.8994022814806,154.2929997016677,0.9940028618088661,0.0310054252854286,153.5543282027868,154.79676164899553,156.03919509520426,1.6052447518585387,0.606402579812908,-0.16459118774060233,0.7709937675535103,153.63577562498082,152.28992807931166,44.348667060911374
2021-06-15 00:00:00+01:00,155.25399780273438,154.95395543859658,154.36418474619114,1.10781537587917,0.1838194041994825,153.60877513377167,154.8431897844587,156.07760443514573,1.5944061245513357,0.5897706924054376,-0.14497846011845827,0.7347491525238958,153.63577562498082,152.28992807931166,44.348667060911374
2021-06-16 00:00:00+01:00,154.99400329589844,154.96011664741226,154.41083797209538,0.9621631265374333,0.5491687417718083,153.6367009350213,154.86490449451264,156.09310805400398,1.586161259066741,0.5492786753168843,-0.1483763817656092,0.6976550570824935,153.63577562498082,152.28992807931166,44.348667060911374
2021-06-17 00:00:00+01:00,154.92999267578125,154.95548219023826,154.44929387607212,0.5507061239278812,-1.0462939981424313,153.67444334238664,154.88814217703683,156.10184101168701,1.567193998960789,0.5061883141661383,-0.1531733943330842,0.6593617084992225,153.63577562498082,152.28992807931166,44.348667060911374
2021-06-18 00:00:00+01:00,153.75799560546875,154.77125348488912,154.39808659676817,-0.6570892823150416,-2.263092089932229,153.60651285562847,154.87138003394716,156.13624721226586,1.6334421221550965,0.37316688812094867,-0.22895585630261905,0.6021227444235677,153.63577562498082,152.28992807931166,44.348667060911374
2021-06-21 00:00:00+01:00,152.25100708007812,154.38352326876435,154.23904366960593,-0.8310389088637464,-2.929046111012184,153.0884357540242,154.76890418643043,156.44937261883666,2.171584067535921,0.1444795991584158,-0.36611451621212154,0.5105941153705373,153.66314383299502,152.49392124641335,39.823028028349846
2021-06-22 00:00:00+01:00,153.67999267578125,154.2752877929208,154.19763248487817,0.05036861375464241,-1.1176306538234826,153.0387990204935,154.75318981352308,156.46758060655264,2.2156451768075334,0.07765530804263676,-0.34635104586232046,0.4240063539049572,153.66314383299502,152.49392124641335,39.823028028349846
2021-06-23 00:00:00+01:00,154.343994140625,154.2858580002599,154.20847408900755,0.9245215164611977,0.021521638531510234,153.06888127580726,154.7662847609747,156.46368824614217,2.193505501264662,0.07738391125235466,-0.277297954122082,0.3546818653744367,153.66314383299502,152.49392124641335,39.823028028349846
2021-06-24 00:00:00+01:00,155.02000427246094,154.39880358059852,154.26858743593002,0.8444191558668592,-0.44658121034407827,153.1729023888279,154.8221421014695,156.47138181411108,2.1304959229419347,0.13021614466850906,-0.17957257656474213,0.3097887212332512,153.66314383299502,152.49392124641335,39.823028028349846
2021-06-25 00:00:00+01:00,154.35000610351562,154.39129627643192,154.27461844834377,0.23438423720310197,-0.6646178379922105,153.20419296525753,154.834713890439,156.46523481562045,2.1061438797700283,0.11667782808814309,-0.15448871451608648,0.27116654260422957,153.66314383299502,152.49392124641335,39.823028028349846
2021-06-28 00:00:00+01:00,153.96299743652344,154.32540414721524,154.25153541043116,-0.03353309109522229,-0.8035373635561598,153.14892017298826,154.74028523763022,156.33165030227218,2.056820642663478,0.07386873678407824,-0.15783824465612106,0.2317069814401993,153.457151227205,152.57267049915788,36.05166216788191
2021-06-29 00:00:00+01:00,153.47999572753906,154.1953413134189,154.19438432280953,-0.7023799282782761,-1.5653865200751511,153.0293602971471,154.62809462774368,156.22682895834026,2.0678445717712894,0.0009569906093815916,-0.18459999266465416,0.18555698327403575,153.457151227205,152.57267049915788,36.05166216788191
2021-06-30 00:00:00+01:00,152.97300720214844,154.00728991168498,154.1039119435013,-0.7119136524856629,-1.4139095020950379,152.83347392207097,154.4951898484003,156.1569057747296,2.1511555511338503,-0.09662203181630957,-0.22574321207227627,0.1291211802559667,153.457151227205,152.57267049915788,36.05166216788191
2021-07-01 00:00:00+01:00,153.66799926757812,153.95509135105314,154.07162211565512,-0.1256229701473046,-0.7376224818660546,152.75014018749826,154.4325234549386,156.11490672237895,2.1787939869171935,-0.11653076460197553,-0.19652155588635378,0.07999079128437825,153.457151227205,152.57267049915788,36.05166216788191
2021-07-02 00:00:00+01:00,153.5019989013672,153.88538482033223,154.02942780348565,-0.3244259724309586,-0.9494259724309586,152.66657958921303,154.3470945812407,156.02760957326836,2.1775790423358146,-0.1440429831534118,-0.17922701955023204,0.03518403639682024,153.457151227205,152.57267049915788,36.05166216788191
2021-07-05 00:00:00+01:00,153.71400451660156,153.85901861975827,154.0060631155683,-0.29605640170112224,-0.5560661673261222,152.64898852368964,154.25966607956659,155.87034363544353,2.0882679144996534,-0.14704449581003587,-0.14578282576548487,-0.0012616700445509874,153.33990847601427,152.64877799551144,37.320536276546946
2021-07-06 00:00:00+01:00,153.64199829101562,153.82563087687478,153.97909535078662,0.08390818925244048,-1.5580901017631845,152.61409885619994,154.18404715401786,155.75399545183578,2.0364600966138346,-0.15346447391183915,-0.12176224309383053,-0.03170223081800862,153.33990847601427,152.64877799551144,37.320536276546946
2021-07-07 00:00:00+01:00,152.66200256347656,153.646611136352,153.881532922097,-0.7195303586204318,-1.5715353635032443,152.4148542615277,154.0779041108631,155.7409539601985,2.1587129691727895,-0.23492178574500144,-0.16257564394159424,-0.07234614180340719,153.33990847601427,152.64877799551144,37.320536276546946
2021-07-08 00:00:00+01:00,152.66000366210938,153.4948253710839,153.791049273209,-1.161044390396512,-3.098056109146512,152.2456661460375,153.9720473516555,155.6984285572735,2.2424605443806684,-0.29622390212512073,-0.17910220825737083,-0.1171216938677499,153.33990847601427,152.64877799551144,37.320536276546946
2021-07-09 00:00:00+01:00,151.39999389648438,153.1725436057609,153.6139340601183,-0.8169369898058108,-2.4539303980089358,151.803830263629,153.81614249093192,155.82845471823484,2.6165163092964026,-0.44139045435741764,-0.2594150083917342,-0.18197544596568344,153.33990847601427,152.64877799551144,37.320536276546946
2021-07-12 00:00:00+01:00,153.17999267578125,153.17368961653327,153.58179025387113,-0.2467835400039462,-1.1727936718398837,151.77348895111663,153.72890436081659,155.68431977051654,2.543978853983638,-0.40810063733786706,-0.1809001530977469,-0.22720048424012015,152.89383689253816,152.55633738552208,38.37793136710114
2021-07-13 00:00:00+01:00,153.1699981689453,153.17312170151973,153.55128713646923,-0.08128591576610233,-1.1152824977973523,151.74914412757377,153.64738028390067,155.54561644022758,2.470899474913861,-0.3781654349494943,-0.12077196056749928,-0.257393474381995,152.89383689253816,152.55633738552208,38.37793136710114
2021-07-14 00:00:00+01:00,152.65199279785156,153.09294802403232,153.48467274101606,-0.2166673699223054,-1.094673351367618,151.7237661739898,153.52347528366815,155.3231843933465,2.344539304302492,-0.391724716983731,-0.10746499408138882,-0.2842597229023422,152.89383689253816,152.55633738552208,38.37793136710114
2021-07-15 00:00:00+01:00,152.36900329589844,152.98157191201173,153.40203055989622,-0.6270366634118432,-1.7820354427087182,151.66111381660656,153.39847528366815,155.13583675072974,2.265161324255432,-0.4204586478844874,-0.10895913998571616,-0.31149950789877123,152.89383689253816,152.55633738552208,38.37793136710114
2021-07-16 00:00:00+01:00,151.79400634765625,152.7988695174955,153.28291765528584,-0.6759230263795928,-1.5879103310670928,151.52496161721993,153.2491426013765,154.97332358553305,2.250167217759135,-0.48404813779035294,-0.13803890391326534,-0.3460092338770876,152.89383689253816,152.55633738552208,38.37793136710114
2021-07-19 00:00:00+01:00,151.1999969482422,152.55288912222576,153.12862723254187,-1.8396257676981236,-3.8096269884012486,151.21319136239657,153.12733314150856,155.04147492062054,2.500065455124309,-0.5757381103161094,-0.1837831011512175,-0.39195500916489195,152.60490920602805,152.4807254494486,43.16764120929413
2021-07-20 00:00:00+01:00,149.71800231933594,152.11675269101195,152.87598835008217,-2.9349940873868547,-4.405987129379042,150.62480832616475,153.0067138671875,155.38861940821025,3.113465390924325,-0.7592356590702138,-0.2938245199242575,-0.46541113914595633,152.60490920602805,152.4807254494486,43.16764120929413
2021-07-21 00:00:00+01:00,149.85899353027344,151.76940512782141,152.65250725231857,-1.6565050550529463,-3.360499806029509,150.115154710883,152.82476152692522,155.53436834296744,3.5460311391552035,-0.8831021244971566,-0.3341527882809603,-0.5489493362161963,152.60490920602805,152.4807254494486,43.16764120929413
2021-07-22 00:00:00+01:00,151.16600036621094,151.67657362603518,152.5423956311254,-0.6554022229222767,-1.8323889172582142,149.96514056954717,152.67342849004837,155.38171641054956,3.547818303795706,-0.865822005090223,-0.25349813509922137,-0.6123238699910016,152.60490920602805,152.4807254494486,43.16764120929413
2021-07-23 00:00:00+01:00,151.69400024414062,151.67925464420526,152.4795515283858,-0.33454725592486056,-0.9255506738936106,149.99148566670064,152.51504734584265,155.03860902498465,3.3092625587553797,-0.8002968841805398,-0.15037841135163055,-0.6499184728289092,152.60490920602805,152.4807254494486,43.16764120929413
2021-07-26 00:00:00+01:00,152.06900024414062,151.73921550573377,152.4491403221454,0.10185455090146434,-1.0141427635516607,150.01525250898766,152.40642801920572,154.79760352942378,3.1378932520047442,-0.7099248164116432,-0.0480050748661871,-0.6619197415454561,152.61111276983902,152.50112465630752,42.367818958289945
2021-07-27 00:00:00+01:00,152.4929962158203,151.855181768824,152.45238890686207,0.072604989622306,-0.862392568971444,150.0477511874513,152.33642796107702,154.62510473470275,3.004766232552724,-0.5972071380380726,0.05177008280590678,-0.6489772208439794,152.61111276983902,152.50112465630752,42.367818958289945
2021-07-28 00:00:00+01:00,152.4239959716797,151.9426916461864,152.4502857264782,0.4227153721546131,-0.2792804774547619,150.0544853277722,152.28614225841704,154.5177991890619,2.9308732857096187,-0.5075940802917955,0.11310651244174708,-0.6207005927335426,152.61111276983902,152.50112465630752,42.367818958289945
2021-07-29 00:00:00+01:00,152.79800415039062,152.07427818529476,152.476042646768,0.9399577194429298,0.04295454561480483,150.05518496754158,152.2778087797619,154.50043259198222,2.9191696807706,-0.40176446147324896,0.17514890500823488,-0.5769133664814838,152.61111276983902,152.50112465630752,42.367818958289945
2021-07-30 00:00:00+01:00,152.76699829101562,152.18085050925183,152.49759491671227,0.715402519811164,-0.002599799524773516,150.08777668934002,152.23490397135416,154.3820312533683,2.820808140580115,-0.3167444074604475,0.208135167216829,-0.5248795746772765,152.61111276983902,152.50112465630752,42.367818958289945
2021-08-02 00:00:00+01:00,152.4199981689453,152.21764245689698,152.49184700947026,0.3411455442406748,-0.8438520143530752,150.10967636981007,152.18338012695312,154.25708388409618,2.72526967848019,-0.2742045525732806,0.20054001768319674,-0.4747445702564773,152.6479785815854,152.53263687756046,42.08264515952739
2021-08-03 00:00:00+01:00,151.7779998779297,152.15000513705587,152.43896944417097,-0.24597628010846506,-1.23697359456159,150.12871583590004,152.0911894298735,154.05366302384698,2.580653884462297,-0.28896430711509424,0.14862421051310648,-0.4375885176282007,152.6479785815854,152.53263687756046,42.08264515952739
2021-08-04 00:00:00+01:00,151.6739959716797,152.07677295776722,152.38230474250494,0.1156963561278701,-0.8723102356690049,150.1559461246311,151.99747503371466,153.83900394279823,2.423104605750975,-0.3055317847377239,0.10564538631238146,-0.4111771710501054,152.6479785815854,152.53263687756046,42.08264515952739
2021-08-05 00:00:00+01:00,152.1230010986328,152.08388497943884,152.36309706518108,0.6539012258345451,-0.27310072729045487,150.15316011579733,151.97180829729353,153.79045647878974,2.3934020419609485,-0.27921208574224465,0.10557206824628856,-0.3847841539885332,152.6479785815854,152.53263687756046,42.08264515952739
2021-08-06 00:00:00+01:00,152.8459930419922,152.2011323736778,152.39886713753745,0.8271307872672367,0.27113103140786166,150.1469481670966,151.9806649344308,153.81438170176497,2.4130921760676647,-0.19773476385964273,0.14963951210311238,-0.3473742759627551,152.6479785815854,152.53263687756046,42.08264515952739
2021-08-09 00:00:00+01:00,152.8699951171875,152.30403433421776,152.43376550640042,0.5872305873495804,0.15623083149020545,150.19881678534765,152.05066499255952,153.9025131997714,2.435830461251178,-0.12973117218265884,0.174114483024077,-0.30384565520673584,152.43911666181214,152.45960201251833,41.54847997435788
2021-08-10 00:00:00+01:00,152.72500610351562,152.36879922180205,152.45533888396452,0.8376603836136098,0.16865403595735984,150.22036667359646,152.02899896530877,153.8376312570211,2.3793253971566606,-0.08653966216246545,0.17384479443541634,-0.2603844565978818,152.43911666181214,152.45960201251833,41.54847997435788
2021-08-11 00:00:00+01:00,153.0050048828125,152.46667701580367,152.49605488387917,0.7379386463942694,0.3639457264723944,150.2310661357943,152.0211421421596,153.8112181485249,2.3550355972083703,-0.02937786807549969,0.18480527081790568,-0.21418313889340537,152.43911666181214,152.45960201251833,41.54847997435788
2021-08-12 00:00:00+01:00,153.01699829101562,152.55134182737473,152.5346432844078,0.6483553728187701,0.015359767350020093,150.21746315989742,152.03852335611978,153.85958355234214,2.395524707849067,0.016698542966935292,0.18470534548827253,-0.16800680252133723,152.43911666181214,152.45960201251833,41.54847997435788
2021-08-13 00:00:00+01:00,152.46200561523438,152.53759779473776,152.5292627163209,0.008731668444738716,-0.4592553921021363,150.2182498649626,152.04295203799293,153.86765421102328,2.4002456523922056,0.008335078416877195,0.14107350475057154,-0.13273842633369434,152.43911666181214,152.45960201251833,41.54847997435788
2021-08-16 00:00:00+01:00,151.95452880859375,152.44789487379254,152.48668983426703,-0.5366928860248379,-1.532695083290463,150.22878669680009,152.05059596470423,153.87240523260837,2.396319799137181,-0.03879496047449038,0.07515477268736317,-0.11394973316185356,151.45848540800498,152.0364049965001,45.08415368061458
2021-08-17 00:00:00+01:00,151.25999450683594,152.26514097118383,152.39582351371658,-1.1148176543415786,-1.8918257109822036,150.23680758161066,152.05345299130394,153.87009840099722,2.3894826114829173,-0.13068254253275313,-0.013386247496719655,-0.11729629503603348,151.45848540800498,152.0364049965001,45.08415368061458
2021-08-18 00:00:00+01:00,150.4969940185547,151.99311836308704,152.25516947703792,-1.0111661811394868,-1.8081632514519868,150.4421494208407,152.0905478341239,153.73894624740709,2.1676539887028343,-0.2620511139508892,-0.11580385513188457,-0.14624725881900463,151.45848540800498,152.0364049965001,45.08415368061458
2021-08-19 00:00:00+01:00,150.94700622558594,151.8321780342407,152.15826849544888,-0.9562726458395048,-2.5212750872457548,150.72566337233744,152.1423579624721,153.55905255260674,1.8623276372305206,-0.3260904612081674,-0.14387456191133025,-0.18221589929683718,151.45848540800498,152.0364049965001,45.08415368061458
2021-08-20 00:00:00+01:00,149.61000061035156,151.4903045844116,151.9695079113676,-2.1005046154691627,-2.77950546996135,150.329015983454,152.0682627360026,153.80750948855118,2.2874552799593597,-0.47920332695599654,-0.23758994212732748,-0.24161338482866906,151.45848540800498,152.0364049965001,45.08415368061458
2021-08-23 00:00:00+01:00,149.61000061035156,151.20102704994082,151.79472959277382,-1.0537322783206946,-2.094732644531632,149.9417201237695,151.96902465820312,153.99632919263675,2.668049675245703,-0.5937025428330003,-0.281671326403465,-0.3120312164295353,151.34802550963352,151.9065050988416,48.03054843582849
2021-08-24 00:00:00+01:00,150.5030059814453,151.0936391932492,151.69904636230504,-0.6890518554691027,-1.6590530761722277,149.77426721556395,151.89445350283668,154.0146397901094,2.7916572835664932,-0.6054071690558374,-0.23470076210104163,-0.37070640695479573,151.34802550963352,151.9065050988416,48.03054843582849
2021-08-25 00:00:00+01:00,150.58799743652344,151.01584815375293,151.61674644187678,-0.41174461082209746,-1.1967482729314725,149.63137999083517,151.8037392752511,153.97609855966704,2.8620629436235463,-0.600898288123858,-0.18415350493524985,-0.4167447831886082,151.34802550963352,151.9065050988416,48.03054843582849
2021-08-26 00:00:00+01:00,151.3679962158203,151.07002477868636,151.59832049920593,-0.02532245233092567,-0.7593159826043632,149.59199187701353,151.75345357259116,153.91491526816878,2.848649101147072,-0.5282957205195657,-0.08924074986476604,-0.4390549706547997,151.34802550963352,151.9065050988416,48.03054843582849
2021-08-27 00:00:00+01:00,150.76100158691406,151.02248274918293,151.5362968760732,-0.04229358017477125,-1.0792961436513338,149.50841567442367,151.65645345052084,153.804491226618,2.832768045440261,-0.5138141268902814,-0.05980732498838537,-0.454006801901896,151.34802550963352,151.9065050988416,48.03054843582849
2021-08-30 00:00:00+01:00,151.19200134277344,151.04856253281224,151.5107935032362,-0.24979191632212405,-0.5808008274549366,149.48437493006406,151.58145359584265,153.67853226162123,2.766933046268264,-0.46223097042394556,-0.006579334817639615,-0.45565163560630595,151.5281239807062,151.90390735941443,47.1231266248399
2021-08-31 00:00:00+01:00,151.26199340820312,151.08139805210314,151.49236386656708,0.08164126038604991,-0.4233636224264501,149.45965131499713,151.52631051199776,153.5929697089984,2.7277892400567563,-0.41096581446393543,0.03574865691389639,-0.4467144713778318,151.5281239807062,151.90390735941443,47.1231266248399
2021-09-01 00:00:00+01:00,151.3459930419922,151.12210497362454,151.48152158326522,0.4554748766957175,-0.1815185315074075,149.44091080674156,151.5057387579055,153.57056670906945,2.7257422300859306,-0.35941660964067523,0.06983828938972525,-0.4292548990304005,151.5281239807062,151.90390735941443,47.1231266248399
2021-09-02 00:00:00+01:00,151.58999633789062,151.1940882604347,151.48955675027452,0.6644502077332959,-0.11855455300889162,149.43790490378274,151.5017387753441,153.56557264690548,2.7245018944921133,-0.29546848983980567,0.10702912735247583,-0.4024976171922815,151.5281239807062,151.90390735941443,47.1231266248399
2021-09-03 00:00:00+01:00,152.11500549316406,151.33576783470076,151.53588628678486,0.7491173753245164,0.2881188401682664,149.43797985172424,151.50135803222656,153.5647362127289,2.7239071745659404,-0.20011845208409795,0.16190333208654684,-0.3620217841706448,151.5281239807062,151.90390735941443,47.1231266248399
2021-09-06 00:00:00+01:00,152.11199951171875,151.45518809270354,151.57856134048367,0.6474365843210137,0.2014374388132012,149.4715929202853,151.4664059593564,153.46121899842748,2.634000624014762,-0.12337324778013681,0.19091882911240637,-0.3142920768925432,151.7025821248328,151.92499179565323,44.80814982979439
2021-09-07 00:00:00+01:00,151.9770050048828,151.5354676176542,151.60807568599472,0.6069206518959049,-0.10107190181503256,149.514313184797,151.42388262067522,153.33345205655343,2.522150935281171,-0.07260806834051436,0.19334720684162304,-0.2659552751821374,151.7025821248328,151.92499179565323,44.80814982979439
2021-09-08 00:00:00+01:00,151.97000122070312,151.6023189412002,151.634884984862,0.43912014209112726,-0.16988864697137274,149.550640605281,151.38793000720796,153.22521940913492,2.4272600884885454,-0.03256604366180227,0.18671138521626812,-0.2192774288780704,151.7025821248328,151.92499179565323,44.80814982979439
2021-09-09 00:00:00+01:00,151.72999572753906,151.62196152371388,151.6419302250603,0.51207673294752,-0.25092375533373,149.6286592715359,151.32721528552827,153.02577129952064,2.2448784388022895,-0.019968701346414264,0.1594469820253249,-0.17941568337173916,151.7025821248328,151.92499179565323,44.80814982979439
2021-09-10 00:00:00+01:00,151.91000366210938,151.66627569885165,151.66178751669355,0.9592146805720745,0.09820699014238699,149.7269897456801,151.27450125558036,152.82201276548062,2.0459647819769953,0.0044881821580986525,0.14712309242387026,-0.1426349102657716,151.7025821248328,151.92499179565323,44.80814982979439
2021-09-13 00:00:00+01:00,152.10000610351562,151.73300345341534,151.69424815275445,0.6277580728314831,0.2267570962689831,149.75566347719626,151.25726318359375,152.75886288999124,1.9854910432629822,0.038755300660881176,0.1451121687413222,-0.10635686808044104,151.5208427137557,151.815330666503,44.18783512661865
2021-09-14 00:00:00+01:00,152.19700622558594,151.80438849528772,151.7314894914827,1.0895096540251075,0.043504405001669966,149.74241673861275,151.26880972726005,152.79520271590735,2.0181199169867363,0.0728990038050199,0.14340469750836876,-0.07050569370334885,151.5208427137557,151.815330666503,44.18783512661865
2021-09-15 00:00:00+01:00,151.47000122070312,151.7529442991978,151.7121199899435,-0.18512719209192596,-0.890113764357551,149.7500292166464,151.278810046968,152.8075908772896,2.0211433839900814,0.04082430925430458,0.08906400236612275,-0.04823969311181816,151.5208427137557,151.815330666503,44.18783512661865
2021-09-16 00:00:00+01:00,151.46600341796875,151.70879954823948,151.69388913276018,-0.1528887665492391,-0.7888903534633016,149.83535522102468,151.32495335170202,152.81455148237936,1.9687409084677339,0.014910415479306494,0.05052008687289972,-0.03560967139359322,151.5208427137557,151.815330666503,44.18783512661865
2021-09-17 00:00:00+01:00,151.3509979248047,151.65375314463412,151.66848978402274,0.2475105821881982,-0.5964835584368018,149.86421029111068,151.3441910516648,152.82417181221894,1.9557813884629403,-0.014736639388615913,0.016698425603981847,-0.03143506499259776,151.5208427137557,151.815330666503,44.18783512661865
2021-09-20 00:00:00+01:00,150.97900390625,151.5499455694981,151.61741675603957,-0.5834201740083245,-2.202423469906762,150.1342719794434,151.40938168480284,152.68449139016226,1.6843206030837532,-0.06747118654146789,-0.028828897239096103,-0.038642289302371784,151.47061104419652,151.75173310058517,46.7958933177749
2021-09-21 00:00:00+01:00,149.4949951171875,151.2337993460657,151.46020033834682,-1.3281965541671354,-2.520197896940573,150.09733036832122,151.4039052327474,152.7104800971736,1.725946054585097,-0.2264009922811283,-0.1502069623830052,-0.0761940298981231,151.47061104419652,151.75173310058517,46.7958933177749
2021-09-22 00:00:00+01:00,149.05352783203125,150.89837295929115,151.28192830084197,-1.4769356250607188,-2.286536455138844,149.72686201134502,151.33488246372767,152.9429029161103,2.1251154079008336,-0.3835553415508173,-0.24588904932215533,-0.13766629222866195,151.47061104419652,151.75173310058517,46.7958933177749
2021-09-23 00:00:00+01:00,149.52499389648438,150.6870838727055,151.1517850116303,0.29921901669001727,-1.6317807391693577,149.525522773102,151.28426324753534,153.04300372196866,2.3250805294343486,-0.46470113892479503,-0.26162787735690646,-0.20307326156788857,151.47061104419652,151.75173310058517,46.7958933177749
2021-09-24 00:00:00+01:00,151.36599731445312,150.79153209451283,151.16765258961718,0.5453448469062607,-0.15665100270311427,149.52544550839215,151.28416806175596,153.04289061511977,2.3250583004110243,-0.3761204951043453,-0.13843778682916538,-0.23768270827517993,151.47061104419652,151.75173310058517,46.7958933177749
2021-09-27 00:00:00+01:00,151.38999938964844,150.88360398607216,151.18412272295282,0.9888814274378035,-0.069117229788759,149.57069958744282,151.31412033807663,153.05754108871045,2.3043728460219626,-0.30051873688066166,-0.05026882288438539,-0.2502499139962763,151.14228785596174,151.57086286900045,45.03847673838115
2021-09-28 00:00:00+01:00,152.01800537109375,151.05812727607548,151.2458918080003,1.320102454695018,-0.7028925404221695,149.5857267787349,151.35345386323473,153.12118094773456,2.335892626668658,-0.18776453192481313,0.04998830565717052,-0.23775283758198365,151.14228785596174,151.57086286900045,45.03847673838115
2021-09-29 00:00:00+01:00,150.97999572753906,151.0461070378391,151.2261958020402,-0.06019543582925735,-1.2982020276261323,149.56545212519805,151.34002540225075,153.11459867930344,2.3451473228394266,-0.18008876420108777,0.04613125870471671,-0.22622002290580448,151.14228785596174,151.57086286900045,45.03847673838115
2021-09-30 00:00:00+01:00,150.27999877929688,150.9282442288326,151.15610713368883,-0.23011226064195967,-1.0631048143528972,149.45819130963199,151.28926377069382,153.12033623175566,2.4206244586359507,-0.22786290485623795,-0.0013143055603467846,-0.22654859929589116,151.14228785596174,151.57086286900045,45.03847673838115
2021-10-01 00:00:00+01:00,150.11099243164062,150.80251318311076,151.07869122983342,-0.38569806577092436,-1.8346879339349869,149.3266930049987,151.21883501325334,153.11097702150798,2.5025216046517005,-0.2761780467226629,-0.03970355794141739,-0.2364744887812455,151.14228785596174,151.57086286900045,45.03847673838115
2021-10-04 00:00:00+01:00,150.54800415039062,150.76335794730767,151.03938107580063,0.4716205111134286,-0.8293743619334464,149.2758822152096,151.14421590169272,153.01254958817583,2.4722529742035437,-0.27602312849296595,-0.03163891176937636,-0.2443842167235896,151.79248023405262,151.78829174346245,41.33519827673673
2021-10-05 00:00:00+01:00,150.9759979248047,150.79607178999953,151.03468602757872,0.9893160476165974,-0.2916898117584026,149.27189218177165,151.09012058803015,152.90834899428864,2.4068130982781732,-0.23861423757918487,0.004615983315523764,-0.24323022089470864,151.79248023405262,151.78829174346245,41.33519827673673
2021-10-06 00:00:00+01:00,151.9029998779297,150.96636841891186,151.09900557204915,1.0099879582242863,-0.27300154372883867,149.27498271584597,151.0865965343657,152.89821035288543,2.3981132146393507,-0.13263715313729563,0.08847445420593042,-0.22111160734322605,151.79248023405262,151.78829174346245,41.33519827673673
2021-10-07 00:00:00+01:00,151.41299438476562,151.03508010596627,151.12226400262074,0.8807419788245738,-0.11226949578480117,149.28503024629413,151.06007239932106,152.835114552348,2.3501142622713433,-0.0871838966544658,0.1071421685510082,-0.194326065205474,151.79248023405262,151.78829174346245,41.33519827673673
2021-10-08 00:00:00+01:00,152.05999755859375,151.19275971406282,151.19172574750763,1.7342691255392424,0.8122720552267424,149.27169437816565,151.0757867722284,152.87987916629118,2.3883276501253365,0.0010339665551839516,0.15628802540852635,-0.1552540588533424,151.79248023405262,151.78829174346245,41.33519827673673
2021-10-11 00:00:00+01:00,152.86199951171875,151.4495658367791,151.3154497300418,3.182551368591021,1.5645551527707084,149.1919495781181,151.1211199079241,153.0502902377301,2.5531445650765607,0.13411610673730934,0.23149613247252138,-0.09738002573521204,153.56225570291008,152.54736530019997,40.715043239041705
2021-10-12 00:00:00+01:00,154.10000610351562,151.8573258778155,151.52171316511394,3.285293670823563,2.185287567307938,148.93751184821116,151.2163580031622,153.49520415811327,3.0140206853856375,0.3356127127015611,0.3463941907494185,-0.010781478047857396,153.56225570291008,152.54736530019997,40.715043239041705
2021-10-13 00:00:00+01:00,154.125,152.20619881969003,151.71454922695736,3.2294510171832655,2.4054458902301405,148.74151279702542,151.30816723051527,153.8748216640051,3.392618495708289,0.4916495927326707,0.4019448566244225,0.08970473610824825,153.56225570291008,152.54736530019997,40.715043239041705
2021-10-14 00:00:00+01:00,154.85899353027344,152.61432108285672,151.947471027203,3.7755361749454437,2.8655325128360687,148.48959053813644,151.46954781668526,154.4495050952341,3.9347278994392876,0.6668500556537253,0.4617162556363817,0.20513380001734366,153.56225570291008,152.54736530019997,40.715043239041705
2021-10-15 00:00:00+01:00,155.57000732421875,153.06904204306628,152.21580704920416,5.191190631459904,3.3601969791161537,148.2109939596295,151.66497657412575,155.118959188622,4.5547531045285625,0.8532349938621167,0.5184809550758184,0.3347540387862983,153.56225570291008,152.54736530019997,40.715043239041705
2021-10-18 00:00:00+01:00,157.3209991455078,153.72318928959575,152.59396942670813,4.688028253955935,4.022027887744997,147.74433777762107,151.94926234654017,156.15418691545926,5.534642951183556,1.1292198628876235,0.6355726592810602,0.49364720360656333,154.55566904445308,153.11809821839128,41.21857837866975
2021-10-19 00:00:00+01:00,156.97300720214844,154.22316127614232,152.91834259525928,5.117652888139162,3.9646530102094744,147.54604113208558,152.2346910749163,156.92334101774702,6.159765438119998,1.304818680883045,0.6489371818211854,0.6558814990618597,154.55566904445308,153.11809821839128,41.21857837866975
2021-10-20 00:00:00+01:00,157.9600067138672,154.79806057425384,153.29179919663764,4.9101966529717345,3.728205075823297,147.52432851283814,152.63778686523438,157.7512452176306,6.700121192023003,1.5062613776161982,0.6803039028434708,0.8259574747727274,154.55566904445308,153.11809821839128,41.21857837866975
2021-10-21 00:00:00+01:00,158.0959930419922,155.30543480005974,153.64766540740465,4.508340451970355,3.305337522282855,147.71735704547675,153.06838044666108,158.41940384784542,6.99167703423762,1.6577693926550978,0.6654495343058964,0.9923198583492014,154.55566904445308,153.11809821839128,41.21857837866975
2021-10-22 00:00:00+01:00,157.00100708007812,155.56629207390873,153.89606108686195,3.735942697317739,2.1599386689974267,148.06893669438037,153.42438107445128,158.77982545452218,6.981216860796204,1.6702309870467786,0.5423289029580618,1.1279020840887168,154.55566904445308,153.11809821839128,41.21857837866975
2021-10-25 00:00:00+01:00,156.3800048828125,155.69147865989393,154.08005692359902,2.7169401467134833,2.0849363625337958,148.2493033811016,153.66314333961122,159.07698329812084,7.04637408925636,1.6114217362949148,0.3868157217649584,1.2246060145299564,155.02371039324217,153.5240546287383,40.47030939510215
2021-10-26 00:00:00+01:00,156.57000732421875,155.8266369159439,154.2644976940153,3.4835034046175224,2.2255077991487724,148.4608145165344,153.9098103841146,159.35880625169477,7.080764837512378,1.5621392219286179,0.27002656591892915,1.2921126560096887,155.02371039324217,153.5240546287383,40.47030939510215
2021-10-27 00:00:00+01:00,157.1699981689453,156.0333078779441,154.4797199514175,2.760285541746555,1.2302867624496798,148.60594157514686,154.15514337448846,159.70434517383006,7.1995026281555194,1.5535879265266033,0.20918021641353168,1.3444077101130716,155.02371039324217,153.5240546287383,40.47030939510215
2021-10-28 00:00:00+01:00,156.2220001220703,156.06233745396352,154.60877774183624,1.95222689683564,1.30122592027314,148.9791015183527,154.40476263137091,159.83042374438912,7.027841655340052,1.4535597121272872,0.08732160161137248,1.3662381105159147,155.02371039324217,153.5240546287383,40.47030939510215
2021-10-29 00:00:00+01:00,156.7169952392578,156.16305403631648,154.7649420009045,2.318050552806426,1.2780572666736134,149.5305877829011,154.71128627232142,159.89198476174172,6.6972470001978905,1.3981120354119696,0.025499139916843827,1.3726128954951258,155.02371039324217,153.5240546287383,40.47030939510215
2021-11-01 00:00:00+00:00,156.29600524902344,156.18350806904064,154.87835409335776,1.5896482259781806,0.9376401693375556,150.2162369582384,155.0058106921968,159.7953844261552,6.17986346778872,1.3051539756828845,-0.05396713584979307,1.3591211115326776,154.27545556977864,153.41761052789732,35.15501986187338
2021-11-02 00:00:00+00:00,155.7790069580078,156.12127712888176,154.94506912036888,0.8639366169358027,-0.2870643596266973,150.89365107607367,155.2549060639881,159.61616105190254,5.618186372953586,1.176208008512873,-0.14633048241584357,1.3225384909287166,154.27545556977864,153.41761052789732,35.15501986187338
2021-11-03 00:00:00+00:00,155.1580047607422,155.9730813799372,154.9608421307669,0.9311561602487188,0.0011634844674688338,151.53279146827768,155.45404924665178,159.37530702502588,5.044909151452748,1.0122392491703067,-0.24823939340672796,1.2604786425770347,154.27545556977864,153.41761052789732,35.15501986187338
2021-11-04 00:00:00+00:00,156.18800354003906,156.00614632764518,155.05174297589818,1.1522517750783834,-1.9307407786325541,152.06498802137543,155.65809704008558,159.25120605879573,4.616668309628432,0.9544033517470041,-0.24486023266402457,1.1992635844110286,154.27545556977864,153.41761052789732,35.15501986187338
2021-11-05 00:00:00+00:00,153.75900268554688,155.6604319211685,154.95598443587215,-1.2239898069659034,-2.1369841917315284,152.5894149368676,155.76981172107514,158.9502085052827,4.0834571847623895,0.704447485296356,-0.3958528792917382,1.1003003645880942,154.27545556977864,153.41761052789732,35.15501986187338
2021-11-08 00:00:00+00:00,153.07699584960938,155.26298021785172,154.816800096149,-1.2048005844302452,-2.1038026596255577,152.8407809568474,155.8182402111235,158.79569946539962,3.821708229077482,0.44618012170272436,-0.5232961943082959,0.9694763160110202,153.77032222718316,153.32367410133944,31.446293709067913
2021-11-09 00:00:00+00:00,153.60400390625,155.00775309298993,154.72696334134167,-1.1029704214197977,-1.9599650503260477,153.00234512450976,155.85357375372024,158.70480238293072,3.6588556303700708,0.2807897516482569,-0.5509492514902107,0.8317390031384676,153.77032222718316,153.32367410133944,31.446293709067913
2021-11-10 00:00:00+00:00,153.10000610351562,154.71425355614772,154.6064479903916,-0.8864467696884617,-1.8114498214462742,152.8094673686984,155.8059547061012,158.80244204350402,3.846434936399093,0.10780556575613787,-0.5791467499058638,0.6869523156620017,153.77032222718316,153.32367410133944,31.446293709067913
2021-11-11 00:00:00+00:00,152.73500061035156,154.40975310294832,154.46782225853676,-1.473818962638319,-1.9808227468180064,152.54296343076265,155.73976425897507,158.9365650871875,4.105310989037522,-0.05806915558844139,-0.5960171770003544,0.537948021411913,153.77032222718316,153.32367410133944,31.446293709067913
2021-11-12 00:00:00+00:00,152.3990020751953,154.1004067909863,154.31457631902998,-1.4015819342643567,-1.9015819342643567,152.13797993944007,155.62262180873327,159.10726367802647,4.478323046858792,-0.2141695280436693,-0.6016940395644659,0.38752451152079653,153.77032222718316,153.32367410133944,31.446293709067913
2021-11-15 00:00:00+00:00,152.91099548339844,153.9174204359728,154.21060736824245,-0.9436090772268244,-1.5686090772268244,151.82467719904162,155.49600219726562,159.16732719548963,4.722082814150405,-0.29318693226966275,-0.5445691550323675,0.25138222276270467,153.50545590698928,153.27396683923402,26.42683009172436
2021-11-16 00:00:00+00:00,153.0,153.7762788304385,154.12093274837264,-0.12093274837263834,-1.0859290862632633,151.56713079584082,155.29024033319382,159.01334987054682,4.795033518351983,-0.34465391793412437,-0.4768289125574632,0.13217499462333884,153.50545590698928,153.27396683923402,26.42683009172436
2021-11-17 00:00:00+00:00,154.24400329589844,153.84823644050928,154.1300490852264,0.5199448112579717,-0.15504298171077835,151.49107542484163,155.16028776622954,158.82950010761746,4.729576612948921,-0.281812644717121,-0.3311901114723679,0.049377466755246874,153.50545590698928,153.27396683923402,26.42683009172436
2021-11-18 00:00:00+00:00,154.0070037841797,153.87266218568934,154.1209346184822,0.13007246159591546,-0.41393388606033454,151.496176025742,154.97204953148253,158.44792303722306,4.485806977773001,-0.2482724327928736,-0.23811991963849635,-0.010152513154377228,153.50545590698928,153.27396683923402,26.42683009172436
2021-11-19 00:00:00+00:00,154.25999450683594,153.93225177355805,154.13123535095286,0.3107659918205741,-1.611231078491926,151.5978406055328,154.7893829345703,157.98092526360782,4.123722529970382,-0.19898357739481298,-0.1510648513923486,-0.04791872600246438,153.50545590698928,153.27396683923402,26.42683009172436
2021-11-22 00:00:00+00:00,153.322998046875,153.83852043099142,154.07136592102117,-0.04235896301335629,-0.9373632354742938,151.52536491042625,154.61423964727493,157.7031143841236,3.9955889494983157,-0.23284549002974586,-0.1479414112218252,-0.08490407880792067,152.90330564697723,153.0489723089082,25.502733355894993
2021-11-23 00:00:00+00:00,153.77499389648438,153.82874711799033,154.04941243772214,0.15159159059817284,-0.7644087756127647,151.48688278127656,154.49019150506882,157.49350022886108,3.8880251160718124,-0.22066531973180759,-0.10860899273910954,-0.11205632699269805,152.90330564697723,153.0489723089082,25.502733355894993
2021-11-24 00:00:00+00:00,153.99600219726562,153.85447866864806,154.04545612361426,0.0825498578310544,-0.5854494097470706,151.50713797514783,154.36761983235678,157.22810168956573,3.7060646012621503,-0.19097745496620178,-0.06313690237880298,-0.1278405525873988,152.90330564697723,153.0489723089082,25.502733355894993
2021-11-25 00:00:00+00:00,153.822998046875,153.84963549606758,154.0289777475595,0.01702750146392873,-0.6039746958016963,151.63115259579396,154.20823887416296,156.78532515253195,3.342345775016534,-0.1793422514919314,-0.041201359123626075,-0.13814089236830532,152.90330564697723,153.0489723089082,25.502733355894993
2021-11-26 00:00:00+00:00,153.177001953125,153.74615341253795,153.96586842945325,-0.7388634245704395,-3.171862081797002,151.6163204869472,154.06323896135603,156.51015743576488,3.176511789451099,-0.21971501691530193,-0.0652592996375973,-0.15445571727770463,152.90330564697723,153.0489723089082,25.502733355894993
2021-11-29 00:00:00+00:00,151.69900512695312,153.43120752244798,153.79795262926805,-1.9649600755571157,-3.0449466478227407,151.48285795869475,153.82428705124627,156.1657161437978,3.0442905180135553,-0.3667451068200762,-0.16983151163389726,-0.19691359518617896,151.69690489583638,152.51113389242911,27.19934801649849
2021-11-30 00:00:00+00:00,151.5050048828125,153.13486865481175,153.62810464804912,-2.028098544533492,-3.8721079439475545,151.3300937061663,153.5961441766648,155.8621946471633,2.9506606206105137,-0.4932359932373629,-0.23705791844094715,-0.25617807479641574,151.69690489583638,152.51113389242911,27.19934801649849
2021-12-01 00:00:00+00:00,150.6269989013672,152.7490425388972,153.40580051866527,-1.988793072376211,-3.342796978626211,150.97050866548315,153.35081045968192,155.7311122538807,3.1043876286843446,-0.6567579797680594,-0.32046392397731494,-0.33629405579074445,151.69690489583638,152.51113389242911,27.19934801649849
2021-12-02 00:00:00+00:00,149.85000610351562,152.30303693345388,153.1424083397653,-2.3574046776559214,-3.3444041893746714,150.42922820163534,153.0980486188616,155.76686903608788,3.486419900583206,-0.8393714063114146,-0.40246188041653613,-0.43690952589487847,151.69690489583638,152.51113389242911,27.19934801649849
2021-12-03 00:00:00+00:00,150.302001953125,151.99518539801866,152.93200786668083,-2.2060099418761467,-3.6320048149230217,150.2724045647648,152.81776282900856,155.36312109325232,3.331233512548959,-0.9368224686621716,-0.3999303542138345,-0.5368921144483371,151.69690489583638,152.51113389242911,27.19934801649849
2021-12-06 00:00:00+00:00,149.61099243164062,151.62838648011436,152.68600672334452,-2.3099996432663943,-3.3200094088913943,149.7719452497072,152.62023853120348,155.46853181269978,3.7325236926739014,-1.0576202432301613,-0.4165825030254594,-0.641037740204702,151.26966206109145,152.2117113923109,28.613193567001403
2021-12-07 00:00:00+00:00,150.46499633789062,151.4494033813107,152.52148743553312,-1.4094879238143676,-2.343493661119055,149.5132532597789,152.49585760207404,155.47846194436917,3.9117185072371012,-1.0720840542224153,-0.34483705121417063,-0.7272470030082446,151.26966206109145,152.2117113923109,28.613193567001403
2021-12-08 00:00:00+00:00,150.36000061035156,151.28180295500928,152.36137730033448,-1.6913791313891693,-2.8423801079516693,149.26965456304612,152.3413812546503,155.41310794625446,4.0326885135294175,-1.0795743453251987,-0.2818618738535632,-0.7977124714716355,151.26966206109145,152.2117113923109,28.613193567001403
2021-12-09 00:00:00+00:00,150.1490020751953,151.10752589657636,152.19749765402787,-1.9075043678950578,-2.7274964333247453,149.01300147393587,152.2008572533017,155.38871303266754,4.189011595460877,-1.089971757451508,-0.23380742878389804,-0.8561643286676099,151.26966206109145,152.2117113923109,28.613193567001403
2021-12-10 00:00:00+00:00,150.0050048828125,150.93790727907424,152.035090782086,-1.6640885848203766,-2.3530839461485016,148.76043270812858,152.07085745675224,155.3812822053759,4.353792441217896,-1.0971835030117632,-0.1928153394753226,-0.9043681635364406,151.26966206109145,152.2117113923109,28.613193567001403
2021-12-13 00:00:00+00:00,150.45199584960938,150.86315167454117,151.91782449079145,-1.1768271763383211,-1.8878257114945711,148.60128024981216,151.97814287458147,155.35500549935077,4.44387931171922,-1.0546728162502745,-0.12024372217106716,-0.9344290940792074,150.8432522871469,151.89438587044617,25.002323513272266
2021-12-14 00:00:00+00:00,150.06399536132812,150.74020454943147,151.7805038145349,-1.2375045469567851,-1.9805007627770976,148.3984714180896,151.84257144019716,155.28667146230472,4.536408978642743,-1.0402992651034424,-0.08469613681938803,-0.9556031282840544,150.8432522871469,151.89438587044617,25.002323513272266
2021-12-15 00:00:00+00:00,150.46600341796875,150.69801975997567,151.68313341478927,-0.6911290202580176,-1.401135734125205,148.27091167161876,151.7219049362909,155.17289820096306,4.5491035274323055,-0.9851136548136026,-0.023608421223638598,-0.961505233589964,150.8432522871469,151.89438587044617,25.002323513272266
2021-12-16 00:00:00+00:00,151.36399841308594,150.80047801430032,151.65949378503348,0.9585024307868366,-0.5684903670647259,148.3218021802532,151.58476184663317,154.84772151301314,4.305128862070305,-0.8590157707331514,0.08199157028545012,-0.9410073410186015,150.8432522871469,151.89438587044617,25.002323513272266
2021-12-17 00:00:00+00:00,151.42300415039062,150.89625126600652,151.64197603431919,0.055030191266752126,-1.2219778653738729,148.3837678065868,151.46171424502418,154.53966068346156,4.064322728393385,-0.7457247683126695,0.15622605816474555,-0.9019508264774151,150.8432522871469,151.89438587044617,25.002323513272266
2021-12-20 00:00:00+00:00,150.16299438476562,150.78344251504637,151.53242183805597,-1.1344268429387796,-1.993420373212217,148.4115748242415,151.26661900111608,154.12166317799065,3.7748502554334293,-0.7489793230095927,0.1223772027742579,-0.8713565257838506,151.79893373505107,152.15380169336234,22.45142372051463
2021-12-21 00:00:00+00:00,150.1320037841797,150.68322117183612,151.42868716739846,-0.1666937591953399,-1.522681308023465,148.3762980991441,151.11466689336868,153.85303568759326,3.6242263580633964,-0.7454659955623413,0.1007124241772075,-0.8461784197395488,151.79893373505107,152.15380169336234,22.45142372051463
2021-12-22 00:00:00+00:00,151.23399353027344,150.7679553808265,151.4142654165003,1.1587326303746863,-0.3142593129846887,148.52491272035454,150.99366687593005,153.46242103150556,3.2700102019564308,-0.646310035673821,0.15989470725258226,-0.8062047429264032,151.79893373505107,152.15380169336234,22.45142372051463
2021-12-23 00:00:00+00:00,152.33299255371094,151.008730330501,151.48231927851592,2.2126880457028335,0.799678402148146,148.74782380400592,150.9144759405227,153.08112807703947,2.8713642253519525,-0.4735889480149069,0.2660926359291971,-0.739681583944104,151.79893373505107,152.15380169336234,22.45142372051463
2021-12-24 00:00:00+00:00,153.4320068359375,151.38154210056817,151.62674057906565,1.916258688512471,1.428252096715596,148.82489323782534,150.89585731143043,152.96682138503553,2.744891888358317,-0.24519847849748544,0.3955864843572948,-0.6407849628547803,151.79893373505107,152.15380169336234,22.45142372051463
2021-12-27 00:00:00+00:00,153.23699951171875,151.66699708689902,151.74601901852145,2.6159804931972985,1.407987939486361,148.81504365157465,150.89871433803015,152.98238502448564,2.7616811655370817,-0.0790219316224352,0.449410424985876,-0.5284323566083112,153.06345033020332,152.64504195438312,24.542812097131993
2021-12-28 00:00:00+00:00,154.26100158691406,152.06607470228596,151.93231402358757,2.629682436373372,2.087690248873372,148.50804965349357,151.02071416945685,153.53337868542013,3.3275759948319106,0.13376067869839403,0.5297544282453642,-0.3959937495469702,153.06345033020332,152.64504195438312,24.542812097131993
2021-12-29 00:00:00+00:00,154.14999389648438,152.38667765523957,152.0965866067651,2.9414077780005243,1.9354110738989618,148.30579096333068,151.14666602725075,153.9875410911708,3.7590972246888663,0.29009104847446565,0.5488678384171487,-0.25877678994268305,153.06345033020332,152.64504195438312,24.542812097131993
2021-12-30 00:00:00+00:00,155.1199951171875,152.80718803400077,152.3205427927223,3.3204636770042555,2.5944504934105055,148.06772538683254,151.36061822800409,154.65351106917564,4.351056278339531,0.48664524127846676,0.5963376249769199,-0.10969238369845308,153.06345033020332,152.64504195438312,24.542812097131993
2021-12-31 00:00:00+00:00,155.29400634765625,153.18977546687086,152.54079935234705,3.446200159371699,2.4651973517545116,148.0023117078305,151.61985633486793,155.23740096190537,4.771861304297395,0.6489761145238049,0.6069347985778064,0.042041315945998525,153.06345033020332,152.64504195438312,24.542812097131993
2022-01-03 00:00:00+00:00,155.68299865722656,153.57334826538712,152.7735548564122,3.1344499043299834,2.123448317415921,147.92163030288555,151.8760942731585,155.83055824343143,5.207487049489953,0.7997934089749208,0.6062016744231378,0.193591734551783,154.39154338419806,153.2739973169266,28.220192893771255
2022-01-04 00:00:00+00:00,155.48300170898438,153.86714110286363,152.9742546232694,4.432743057394674,2.4140357820040492,148.05378530908382,152.1557137625558,156.25764221602776,5.391750795337427,0.8928864795942388,0.5594357960339646,0.3334506835602742,154.39154338419806,153.2739973169266,28.220192893771255
2022-01-05 00:00:00+00:00,157.16299438476562,154.37419545392547,153.28453164263948,4.089461277282396,3.2914723856808337,147.93041732608748,152.47466605050224,157.018914774917,5.960660668585591,1.0896638112859875,0.6049705021805707,0.48469330910541686,154.39154338419806,153.2739973169266,28.220192893771255
2022-01-06 00:00:00+00:00,157.39700317382812,154.83924279544894,153.58915916346828,3.8698404703207814,2.530835953719219,147.91441751229542,152.8097614106678,157.70510530904016,6.407108882548947,1.250083631980658,0.612312258300193,0.6377713736804651,154.39154338419806,153.2739973169266,28.220192893771255
2022-01-07 00:00:00+00:00,156.7899932861328,155.13935825555416,153.82625798736936,3.2637383505212654,2.9247490927087654,148.10270987285205,153.12599908737909,158.14928830190613,6.560988002645552,1.3131002681847974,0.5402631156034658,0.7728371525813316,154.39154338419806,153.2739973169266,28.220192893771255
2022-01-10 00:00:00+00:00,157.13699340820312,155.44668674057706,154.07149764817186,3.2825062580781434,1.8974964924531434,148.3684503704605,153.46561758858817,158.56278480671585,6.6427481258925445,1.3751890924052077,0.48188155185910087,0.8933075405461068,154.96928596218672,153.68125071710338,31.56326540936442
2022-01-11 00:00:00+00:00,156.5279998779297,155.61304260786207,154.25346077630206,2.9465361719401244,2.1635466699869994,148.68516903340495,153.75495111374627,158.8247331940876,6.594626115930089,1.359581831560007,0.37301943281112016,0.9865623987488868,154.96928596218672,153.68125071710338,31.56326540936442
2022-01-12 00:00:00+00:00,157.2209930419922,155.86041959772825,154.473277981168,3.207721774691379,2.569721286410129,149.10261771688607,154.09576052711122,159.08890333733638,6.4805712930001995,1.3871416165602568,0.3204633742490959,1.066678242311161,154.96928596218672,153.68125071710338,31.56326540936442
2022-01-13 00:00:00+00:00,157.13499450683594,156.0565080452833,154.6704421682545,2.7785629586986147,1.8405594186595522,149.53706885799824,154.413331531343,159.28959420468777,6.315857089522066,1.3860658770287841,0.25551010777409866,1.1305557692546855,154.96928596218672,153.68125071710338,31.56326540936442
2022-01-14 00:00:00+00:00,156.4770050048828,156.12119988522167,154.8042616376344,1.7057328692015403,0.6757340899046653,149.9048742643365,154.65680803571428,159.40874180709204,6.14513364362262,1.3169382475872737,0.14910598266607056,1.1678322649212032,154.96928596218672,153.68125071710338,31.56326540936442
2022-01-17 00:00:00+00:00,156.28199768066406,156.14593800759744,154.9137235667477,1.7942689869632318,1.2802766773929193,150.31895266511424,154.88818868001303,159.45742469491182,5.9000444822019045,1.2322144408497309,0.051505740742822104,1.1807087001069088,154.68541081561145,153.7435949750116,29.179933915779557
2022-01-18 00:00:00+00:00,156.34500122070312,156.17656311730602,155.01974413370738,1.860260749105123,0.46525647664418557,151.09812693316331,155.1825699579148,159.2670129826663,5.264048695493554,1.1568189835986402,-0.019111773206614835,1.175930756805255,154.68541081561145,153.7435949750116,29.179933915779557
2022-01-19 00:00:00+00:00,155.78700256347656,156.1166307244092,155.07657809146806,1.1454220306022478,0.3264217864616228,152.04546518094313,155.4518556140718,158.85824604720048,4.382566447563621,1.0400526329411264,-0.10870249909130303,1.1487551320324294,154.68541081561145,153.7435949750116,29.179933915779557
2022-01-20 00:00:00+00:00,155.59300231933594,156.03607250824408,155.1148317379768,0.9251615481560123,0.31017131378101226,152.82282630288148,155.65942746117003,158.49602861945857,3.644624941198821,0.9212407702672749,-0.18201148941212364,1.1032522596793986,154.68541081561145,153.7435949750116,29.179933915779557
2022-01-21 00:00:00+00:00,154.9770050048828,155.8731390461885,155.1046223503402,-0.14461563647302,-1.187614904051145,153.3432126177672,155.78533281598772,158.22745301420824,3.1352376428211417,0.768516695848291,-0.267788451064886,1.036305146913177,154.68541081561145,153.7435949750116,29.179933915779557
2022-01-24 00:00:00+00:00,154.2310028076172,155.6205027017929,155.03990979161998,-0.5759052750184139,-2.0829090591981014,153.50746668516766,155.82338024321058,158.1392938012535,2.9724853284895025,0.5805929101729248,-0.36456978939220175,0.9451626995651266,154.5491646648347,153.81974888762156,24.58323118928252
2022-01-25 00:00:00+00:00,153.77499389648438,155.33657827020699,154.94621231790623,-1.0682063364609178,-1.8262172007187303,153.6385958918723,155.8489990234375,158.0594021550027,2.836595865762055,0.39036595230075477,-0.44383739781149745,0.8342033501122522,154.5491646648347,153.81974888762156,24.58323118928252
2022-01-26 00:00:00+00:00,153.83599853515625,155.10571984942996,154.86397425992476,-0.31197230679975974,-1.1879793868778847,153.553732187993,155.8287607828776,158.10378937776218,2.9199084731918985,0.2417455895052001,-0.47396620848564175,0.7157117979908418,154.5491646648347,153.81974888762156,24.58323118928252
2022-01-27 00:00:00+00:00,154.48199462890625,155.00976212319554,154.8356794724419,-0.12667983865284782,-1.0116743454887853,153.61221150609003,155.84457034156435,158.07692917703866,2.8648528858999156,0.1740826507536326,-0.4333033177897674,0.6073859685434,154.5491646648347,153.81974888762156,24.58323118928252
2022-01-28 00:00:00+00:00,154.38800048828125,154.91410648705488,154.8025180662078,0.13847619648751675,-0.42451208476248325,153.51130581638807,155.80971345447358,158.1081210925591,2.950275162090051,0.11158842084708454,-0.39663803815705234,0.5082264590041369,154.5491646648347,153.81974888762156,24.58323118928252
2022-01-31 00:00:00+00:00,154.4759979248047,154.84670516978562,154.77833138906684,0.5466655591753522,-0.3923298021527728,153.41178440689922,155.77076067243303,158.12973693796684,3.0287792848292656,0.06837378071878675,-0.3518821426282801,0.42025592334706685,154.9592087348898,154.09968431438992,24.12439703515817
2022-02-01 00:00:00+00:00,154.76499938964844,154.8341350497645,154.77734383355437,0.38365164984406874,-0.29135140191374376,153.32947776034666,155.727046421596,158.1246150828453,3.0791936485566485,0.0567912162101436,-0.2907717657095386,0.3475629819196822,154.9592087348898,154.09968431438992,24.12439703515817
2022-02-02 00:00:00+00:00,155.1540069580078,154.88334611257116,154.8052448057361,0.4757610536389052,0.004752752857655196,153.30336072262546,155.7113800048828,158.11939928714017,3.0929265185137345,0.078101306835066,-0.21556934006769296,0.29367064690275896,154.9592087348898,154.09968431438992,24.12439703515817
2022-02-03 00:00:00+00:00,155.1300048828125,154.92129361568522,154.82930110774174,1.6546924225316957,0.20069767155513318,153.28560536018674,155.6145709809803,157.94353660177384,2.9932487762707094,0.09199250794347336,-0.16134251116742848,0.25333501911090184,154.9592087348898,154.09968431438992,24.12439703515817
2022-02-04 00:00:00+00:00,156.3040008544922,155.1340178062709,154.93853812601955,1.5524591884335734,0.6604608974179484,153.34923931905573,155.5625232514881,157.77580718392048,2.845523312648123,0.19547968025133855,-0.046284271087650625,0.24176395133898917,154.9592087348898,154.09968431438992,24.12439703515817
2022-02-07 00:00:00+00:00,155.92300415039062,155.25540032075085,155.01146153523223,1.1105324833224586,0.09953089640839607,153.36959393259028,155.52123805454798,157.67288217650568,2.7670100223906755,0.24393878551862258,0.0017398673437067358,0.24219891817491584,155.47613732553853,154.4440143418822,26.31754559717597
2022-02-08 00:00:00+00:00,155.7480010986328,155.3311850558096,155.06602002141005,1.6399736309336959,0.7009782696055709,153.42418490938772,155.45509556361608,157.48600621784445,2.6128582622076424,0.2651650343995584,0.01837289297971406,0.24679214141984435,155.47613732553853,154.4440143418822,26.31754559717597
2022-02-09 00:00:00+00:00,156.4929962158203,155.5099252342728,155.17172196173675,1.6682743761538745,1.115280601739812,153.4259885960635,155.45342872256325,157.480868849063,2.608421239930468,0.33820327253604887,0.07312890489296364,0.26507436764308523,155.47613732553853,154.4440143418822,26.31754559717597
2022-02-10 00:00:00+00:00,156.42599487304688,155.65085902485342,155.26463106627824,2.774370398565509,0.9853689337217588,153.4946740243956,155.41557166689918,157.33646930940276,2.4719500393700815,0.38622795857517644,0.09692287274567296,0.2893050858295035,155.47613732553853,154.4440143418822,26.31754559717597
2022-02-11 00:00:00+00:00,157.23399353027344,155.89441817953343,155.41050976731492,2.256497678974142,1.3124974348335172,153.48212393102085,155.42028590611048,157.3584478812001,2.4940913778275675,0.48390841221851133,0.15568266111120627,0.32822575110730506,155.47613732553853,154.4440143418822,26.31754559717597
2022-02-14 00:00:00+00:00,156.8280029296875,156.03804660263407,155.515509260824,1.2834867108556978,-0.18550742976930223,153.4570711626561,155.43700009300596,157.41692902335583,2.5475645170264194,0.5225373418100787,0.1554492725622189,0.3670880692478598,155.727743894109,154.69929186893475,28.145169398857476
2022-02-15 00:00:00+00:00,156.33700561523438,156.08404029688026,155.57636084263217,1.235635617328768,0.3986452608834554,153.45508563214213,155.43961951846168,157.42415340478124,2.5534466598251666,0.5076794542480911,0.11247310800018506,0.39520634624790607,155.727743894109,154.69929186893475,28.145169398857476
2022-02-16 00:00:00+00:00,156.55099487304688,156.15587946244435,155.64855595599622,1.4204442881444095,0.7224462412694095,153.4451530280019,155.44942874000185,157.4537044520018,2.578685207460259,0.507323506448131,0.0896937281601799,0.41762977828795106,155.727743894109,154.69929186893475,28.145169398857476
2022-02-17 00:00:00+00:00,156.74000549316406,156.245745005632,155.7294040698605,1.249599836389507,0.3775905590457569,153.42009723506723,155.49480983189173,157.56952242871623,2.66852970728413,0.5163409357714954,0.07896892598683547,0.43737200978465995,155.727743894109,154.69929186893475,28.145169398857476
2022-02-18 00:00:00+00:00,156.39999389648438,156.26947560422465,155.77907739035115,1.3939267600394771,0.43292822488322713,153.42308228225522,155.53323800223214,157.64339372220905,2.7134466524083196,0.4903982138735046,0.042420963271075696,0.4479772506024289,155.727743894109,154.69929186893475,28.145169398857476
2022-02-21 00:00:00+00:00,156.2480010986328,156.2661718341336,155.81381247985348,0.9141843463183932,0.3091886187793307,153.47799131905748,155.59376162574404,157.7095319324306,2.7196081444135327,0.4523593542801052,0.003505682942141042,0.44885367133796417,155.78401615238778,154.87033026893627,23.672432699176937
2022-02-22 00:00:00+00:00,155.77200317382812,156.19014588639428,155.81071549422197,0.6842796229655335,-0.21672135359696654,153.64050478392738,155.6671425955636,157.69378040719982,2.603809356097191,0.3794303921723099,-0.05553862333252341,0.4349690155048333,155.78401615238778,154.87033026893627,23.672432699176937
2022-02-23 00:00:00+00:00,156.39199829101562,156.22120010248986,155.85377347916963,0.9112259104788052,0.04522859602568019,153.93077495402403,155.79176185244606,157.65274875086808,2.3890697124082982,0.36742662332022746,-0.05403391374768468,0.42146053706791214,155.78401615238778,154.87033026893627,23.672432699176937
2022-02-24 00:00:00+00:00,155.61300659179688,156.12763187007556,155.8359388949198,0.01806501133020788,-2.4369368197244796,154.2295226221695,155.87638128371466,157.52323994525983,2.113031683161385,0.29169297515576886,-0.10381404952971462,0.3955070246854835,155.78401615238778,154.87033026893627,23.672432699176937
2022-02-25 00:00:00+00:00,154.5240020751953,155.88091959394015,155.73875838975502,-0.5767558262784576,-1.5777629063565826,154.23821413993534,155.87838163829986,157.51854913666438,2.1044194597431263,0.142161204185129,-0.2026766564002836,0.3448378605854126,155.78401615238778,154.87033026893627,23.672432699176937
2022-02-28 00:00:00+00:00,154.552001953125,155.67647072612243,155.65085050556021,-0.6808492848570893,-1.5528433034117768,154.2731461504978,155.88619123186385,157.4992363132299,2.0695163165117156,0.025620220562217355,-0.2553741120185562,0.28099433258077355,154.55570254071947,154.47443670442863,23.540256916221487
2022-03-01 00:00:00+00:00,154.45599365234375,155.48870502246416,155.56234259050714,-0.8903455201946429,-2.665339416679018,154.26884338234873,155.88523864746094,157.50163391257314,2.073827232311237,-0.07363756804298305,-0.28370552049900527,0.21006795245602222,154.55570254071947,154.47443670442863,23.540256916221487
2022-03-02 00:00:00+00:00,153.1269989013672,155.12536561921848,155.38194676168197,-0.8569528651975986,-2.5619394374632236,153.85826878131164,155.80723862420945,157.75620846710726,2.5017705982178646,-0.25658114246348873,-0.37331927593560876,0.11673813347212003,154.55570254071947,154.47443670442863,23.540256916221487
2022-03-03 00:00:00+00:00,154.73300170898438,155.06500194072092,155.33387675777846,-0.12788310543470516,-1.2928763915675177,153.80340547560198,155.78719075520834,157.7709760348147,2.5467886929465577,-0.2688748170575366,-0.3084903604237253,0.03961554336618871,154.55570254071947,154.47443670442863,23.540256916221487
2022-03-04 00:00:00+00:00,154.156005859375,154.92515638974461,155.24662706160044,-1.0576317002723101,-3.7736198594519976,153.6548218055667,155.74080984933036,157.826797893094,2.678794396641078,-0.32147067185582046,-0.2888689721776073,-0.032601699678213136,154.55570254071947,154.47443670442863,23.540256916221487
2022-03-07 00:00:00+00:00,151.85899353027344,154.45343902674904,154.9956912444651,-2.7976931975900925,-3.787698690754155,152.8868127108268,155.52914283389137,158.17147295695594,3.3978585298147443,-0.5422522177160545,-0.40772041443027307,-0.1345318032857814,154.003123186326,154.24922638630156,24.26839638753569
2022-03-08 00:00:00+00:00,151.27000427246094,153.96367983378164,154.71971443172404,-2.8557160186381054,-3.715716628989668,152.11206318679993,155.3075714111328,158.5030796354657,4.115070753213544,-0.7560345979424028,-0.4972022357252971,-0.2588323622171057,154.003123186326,154.24922638630156,24.26839638753569
2022-03-09 00:00:00+00:00,151.57200622558594,153.5957300479054,154.486550860899,-1.7765441470318137,-2.8775573306255637,151.54863891615702,155.1087145124163,158.66879010867558,4.590426279336228,-0.8908208129936099,-0.5055907606212033,-0.3852300523724066,154.003123186326,154.24922638630156,24.26839638753569
2022-03-10 00:00:00+00:00,152.8159942626953,153.47577069633462,154.36280592769873,-1.38081129879248,-2.2828040966440426,151.30212387725518,154.9336191813151,158.565114485375,4.687808008680232,-0.8870352313641092,-0.4014441431933621,-0.48559108817074714,154.003123186326,154.24922638630156,24.26839638753569
2022-03-11 00:00:00+00:00,152.20899963378906,153.28088284055838,154.20326472074245,-0.8082604482815157,-2.1922631338283907,150.98898233230992,154.7328098842076,158.47663743610528,4.8390868810555805,-0.9223818801840764,-0.34943263361066346,-0.572949246573413,154.003123186326,154.24922638630156,24.26839638753569
2022-03-14 00:00:00+00:00,153.36500549316406,153.2938247871131,154.14117144462554,0.04083539131195835,-0.9511690032192917,150.93675468367937,154.54857235863096,158.16039003358256,4.674022696981437,-0.8473466575124462,-0.21951792875122655,-0.6278287287612196,155.109178478384,154.68809248290134,24.010581241199027
2022-03-15 00:00:00+00:00,153.76800537109375,153.36677564618705,154.11352951325281,0.5704762240518733,-0.8305247525106267,150.92626879846893,154.4028581891741,157.8794475798793,4.5032707703450345,-0.7467538670657632,-0.09514011064363481,-0.6516137564221284,155.109178478384,154.68809248290134,24.010581241199027
2022-03-16 00:00:00+00:00,154.30299377441406,153.51080920437582,154.12756390296846,1.2214351204690388,0.1114345101174763,150.93873299287452,154.3060004824684,157.67326797206226,4.364402523641906,-0.6167546985926435,0.02788724626358785,-0.6446419448562314,155.109178478384,154.68809248290134,24.010581241199027
2022-03-17 00:00:00+00:00,156.17100524902344,153.9200701343216,154.27892992860217,2.4150703155384576,1.1900642120228326,150.96530086622218,154.28790573846726,157.61051061071234,4.3070192136475205,-0.35885979428056203,0.22862572046053553,-0.5874855147410976,155.109178478384,154.68809248290134,24.010581241199027
2022-03-18 00:00:00+00:00,155.88900756835938,154.22298358571203,154.39819493895456,2.599806159678252,1.517805427256377,151.0261817268211,154.24738202776228,157.46858232870346,4.176667712080077,-0.17521135324253123,0.32981932919885304,-0.5050306824413843,155.109178478384,154.68809248290134,24.010581241199027
2022-03-21 00:00:00+00:00,156.93699645996094,154.64052402790418,154.58625431088095,2.796741294587804,1.7907445904862413,150.97616594462167,154.272953578404,157.56974121218636,4.273967091849141,0.05426971702323158,0.44744031957169267,-0.3931706025484611,156.92423116820652,155.5261273493228,28.05964336833597
2022-03-22 00:00:00+00:00,157.4770050048828,155.07690571667013,154.80038399191812,5.34960990456625,2.658615641870938,150.85764471604446,154.33147757393974,157.805310431835,4.501781376687685,0.2765217247520013,0.5357538618403699,-0.25923213708836856,156.92423116820652,155.5261273493228,28.05964336833597
2022-03-23 00:00:00+00:00,160.95799255371094,155.9816883069841,155.25650314464352,5.822491606333045,3.800503691293983,150.12958049637768,154.57842944917223,159.02727840196678,5.756105775751071,0.7251851623405798,0.7875338395431587,-0.06234867720257886,156.92423116820652,155.5261273493228,28.05964336833597
2022-03-24 00:00:00+00:00,159.93800354003906,156.59035218899254,155.60328095170985,5.394720146922964,3.9907131889151515,149.79520055599713,154.74728684198288,159.69937312796864,6.40022372869449,0.9870712372826915,0.8395359315882163,0.14753530569447526,156.92423116820652,155.5261273493228,28.05964336833597
2022-03-25 00:00:00+00:00,161.41700744628906,157.33291453626893,156.03392735871572,5.378075204760847,3.8480764254639723,149.3185628646154,155.02366783505394,160.7287728054925,7.360301881785972,1.2989871775532151,0.9211614974869919,0.37782568006622325,156.92423116820652,155.5261273493228,28.05964336833597
2022-03-28 00:00:00+01:00,161.05999755859375,157.9063119243189,156.40622885500298,8.181768581520458,4.370763942848583,149.0856157657556,155.33490571521577,161.58419566467595,8.046214623411627,1.5000830693159344,0.897805911399769,0.6022771579161654,158.15789707274965,156.2545704253961,33.46485385719979
2022-03-29 00:00:00+01:00,162.01199340820312,158.53795522953186,156.82147067375854,5.726533476632085,3.5905318897180223,148.84001970331653,155.69014340355284,162.54026710378915,8.799688343122163,1.7164845557733202,0.8913659182857238,0.8251186374875964,158.15789707274965,156.2545704253961,33.46485385719979
2022-03-30 00:00:00+01:00,161.197998046875,158.94719258604619,157.14565788658197,3.949343334121153,1.9033380850977153,148.8000774084581,156.01119123186385,163.2223050552696,9.244354544653909,1.801534699464213,0.7811328495812933,1.0204018498829197,158.15789707274965,156.2545704253961,33.46485385719979
2022-03-31 00:00:00+01:00,160.26300048828125,159.14962457100543,157.37657215337452,3.4224238183051625,2.1004328515082875,149.0436622078019,156.3510008312407,163.6583394546795,9.34735126041957,1.7730524176309075,0.6021204541983902,1.1709319634325173,158.15789707274965,156.2545704253961,33.46485385719979
2022-04-01 00:00:00+01:00,160.05799865722656,159.28937443042406,157.57519633884505,3.568800853537766,2.427809642600266,149.17094281899364,156.60457211449034,164.03820140998704,9.493502258749034,1.714178091579015,0.4345969025171983,1.2795811890618167,158.15789707274965,156.2545704253961,33.46485385719979
2022-04-04 00:00:00+01:00,160.6510009765625,159.49885543752228,157.8030337194167,3.460973848942672,2.4839688440598593,149.37376493829322,156.91385759626115,164.45395025422908,9.6104866370293,1.6958217181055772,0.33299242323500833,1.362829294870569,159.464782130531,157.0865678283529,37.969195931252976
2022-04-05 00:00:00+01:00,161.00999450683594,159.73133837126284,158.04058637033665,3.902406793725845,2.5044117986086576,149.9724699547512,157.34961954752603,164.72676914030086,9.376761906369435,1.6907520009261816,0.26233816484449024,1.4284138360816914,159.464782130531,157.0865678283529,37.969195931252976
2022-04-06 00:00:00+01:00,161.6959991455078,160.03359387499285,158.311357687016,3.9326456088824386,3.2976358432574386,150.77542767809004,157.8460954938616,164.91676330963318,8.958939140875408,1.722236187976847,0.2350578815161246,1.4871783064607225,159.464782130531,157.0865678283529,37.969195931252976
2022-04-07 00:00:00+01:00,161.68899536132812,160.28827102673674,158.56155307029837,3.6844491269672517,2.8874520566547517,151.66595366161678,158.3278568812779,164.98976010093904,8.415326716203268,1.726717956438364,0.19163171998211315,1.5350862364562508,159.464782130531,157.0865678283529,37.969195931252976
2022-04-08 00:00:00+01:00,162.1719970703125,160.5780750334407,158.8289933665957,3.3950056568417892,2.8290113941464767,152.40039509721296,158.77338082449776,165.14636655178256,8.027776059425557,1.7490816668450009,0.17119634431100006,1.5778853225340008,159.464782130531,157.0865678283529,37.969195931252976
2022-04-11 00:00:00+01:00,162.08599853515625,160.81006326447388,159.07025300871132,4.770750409257431,2.8507522403121186,153.44609018251305,159.24371410551527,165.0413380285175,7.281447755181973,1.7398102557625634,0.12953994658285017,1.6102703091797133,161.24985210883057,158.1913427193639,43.37024210473158
2022-04-12 00:00:00+01:00,163.38999938964844,161.20697651450072,159.39023422211406,4.2157685855031275,3.52877212554219,154.2995846096978,159.7210947672526,165.1426049248074,6.788721509147027,1.8167422923866638,0.16517758656556047,1.6515647058211034,161.24985210883057,158.1913427193639,43.37024210473158
2022-04-13 00:00:00+01:00,163.0570068359375,161.49159656395253,159.6618470083232,4.538149939918981,3.343157874489293,155.2665437306686,160.1634281703404,165.06031261001223,6.114859672538707,1.82974955562932,0.14254787984657336,1.6872016757827466,161.24985210883057,158.1913427193639,43.37024210473158
2022-04-14 00:00:00+01:00,164.46800231933594,161.9495051417038,160.01785851284268,4.763147346532321,4.005136482274509,156.17200717895628,160.64747619628906,165.12294521362185,5.571788767928577,1.931646628861131,0.19555596246270746,1.7360906663984235,161.24985210883057,158.1913427193639,43.37024210473158
2022-04-15 00:00:00+01:00,164.8470001220703,162.39527360022174,160.3755727061188,4.992286180599962,4.277427171810899,156.71442493580747,161.0606188092913,165.40681268277513,5.396966565278219,2.0197008941029537,0.22688818216362416,1.7928127119393296,161.24985210883057,158.1913427193639,43.37024210473158
2022-04-18 00:00:00+01:00,165.31700134277344,162.84477017599892,160.7416044569821,4.618396153369474,3.8884004258304117,157.4549939805683,161.5095708937872,165.56414780700612,5.020850332003299,2.103165719016829,0.24828240566199944,1.8548833133548295,162.73102628381673,159.26306156428177,48.982381321110665
2022-04-19 00:00:00+01:00,165.30999755859375,163.22403592716736,161.08000394599037,6.363996298150255,4.24000337822838,158.09092542358889,161.90828523181733,165.72564504004578,4.715459499509638,2.144031981176994,0.23131893425773153,1.9127130469192624,162.73102628381673,159.26306156428177,48.982381321110665
2022-04-20 00:00:00+01:00,168.28399658203125,164.00249141253104,161.61363303014156,6.774367458139693,4.846373683725631,158.23775530849107,162.42290387834822,166.60805244820537,5.153397051676588,2.3888583823894862,0.3809162683761791,2.007942114013307,162.73102628381673,159.26306156428177,48.982381321110665
2022-04-21 00:00:00+01:00,167.24600219726562,164.50149307172097,162.03084556103963,5.864158711421311,4.950157246577561,158.1202689937588,162.72233290899368,167.32439682422856,5.6563396467634135,2.4706475106813457,0.37016431733443067,2.100483193346915,162.73102628381673,159.26306156428177,48.982381321110665
2022-04-22 00:00:00+01:00,167.23300170898438,164.9217251697615,162.41619046088738,5.133812590870434,2.404808684620434,158.26397891273012,163.06971377418154,167.87544863563295,5.894086339179304,2.5055347088741087,0.3240412124217551,2.1814934964523536,162.73102628381673,159.26306156428177,48.982381321110665
2022-04-25 00:00:00+01:00,164.9949951171875,164.9329974693655,162.6072130280207,2.5067853850652284,-0.5382127838800841,158.4271184065485,163.24009413946243,168.05306987237637,5.896805877607528,2.32578444134478,0.11543275591394098,2.210351685430839,162.88532550594292,159.82461333369798,45.125224531630664
2022-04-26 00:00:00+01:00,162.7310028076172,164.59422905986574,162.61638264132415,0.9536246828945991,-2.164386791714776,158.5991281353504,163.31966581798736,168.0402035006243,5.780733947738759,1.9778464185415885,-0.18600421351140017,2.1638506320529887,162.88532550594292,159.82461333369798,45.125224531630664
2022-04-27 00:00:00+01:00,160.13600158691406,163.90834791018088,162.43265071136784,-1.2156554721100292,-2.3526488803131542,158.34602618739572,163.23033287411644,168.11463956083716,5.984557650185652,1.4756971988130374,-0.5505227465919611,2.0262199454049985,162.88532550594292,159.82461333369798,45.125224531630664
2022-04-28 00:00:00+01:00,161.01699829101562,163.46352489184775,162.32778756911952,1.8932054728726655,-1.452787569119522,158.32247624757593,163.22171383812315,168.12095142867037,6.003168910977232,1.1357373227282324,-0.712386098141413,1.8481234208696453,162.88532550594292,159.82461333369798,45.125224531630664
2022-04-29 00:00:00+01:00,163.0050048828125,163.39298335199618,162.37795181457827,1.589043424679545,0.14405135924985757,158.63255531487513,163.35228547595796,168.07201563704078,5.778590911453722,1.0150315374179115,-0.666473506761387,1.6815050441792985,162.88532550594292,159.82461333369798,45.125224531630664
2022-05-02 00:00:00+01:00,163.4459991455078,163.40113962792105,162.45706643168415,1.3409377187064706,0.2969313710502206,159.02961368657938,163.5136188325428,167.9976239785062,5.484564745099988,0.9440731962369,-0.5899454783539189,1.5340186745908189,162.24260653032914,159.9864069401842,41.910927207064
2022-05-03 00:00:00+01:00,162.5749969482422,163.27404075412431,162.46580202550328,0.929202246957658,0.024203467660782962,159.28323986930982,163.60523768833704,167.92723550736426,5.283446765024101,0.8082387286210349,-0.5806239567758271,1.388862685396862,162.24260653032914,159.9864069401842,41.910927207064
2022-05-04 00:00:00+01:00,162.63600158691406,163.17588088224582,162.4784094004226,0.36358583883520623,-0.24441587014916877,159.49319058647265,163.6826665969122,167.87214260735178,5.1190221879224875,0.6974714818232144,-0.553112962858918,1.2505844446821324,162.24260653032914,159.9864069401842,41.910927207064
2022-05-05 00:00:00+01:00,163.0229949951172,163.15235997653372,162.51874907410368,0.5992471417166314,-2.027751759650556,159.63893033738458,163.74585687546502,167.85278341354547,5.016220399645187,0.6336109024300356,-0.49357883380167733,1.127189736231713,162.24260653032914,159.9864069401842,41.910927207064
2022-05-06 00:00:00+01:00,161.1009979248047,162.83676581472926,162.4137304704519,-0.8397253434987704,-2.0737341325612704,159.54768913366775,163.71785699753534,167.88802486140293,5.09433477855793,0.4230353442773662,-0.5633235135634773,0.9863588578408435,162.24260653032914,159.9864069401842,41.910927207064
2022-05-09 00:00:00+01:00,161.1529998779297,162.5777249013755,162.32034301915397,-0.14234924473990418,-2.133346559193029,159.4056787590166,163.6693333217076,167.93298788439859,5.210083619403973,0.25738188222152303,-0.5831815804954564,0.8405634627169795,160.90347759574027,159.73480876680966,36.89591102438221
2022-05-10 00:00:00+01:00,160.8419952392578,162.310689568742,162.2108357761987,-0.726842245925269,-2.151830038894019,159.22719240635845,163.61009506952195,167.99299773268544,5.357741111636282,0.09985379254328564,-0.5925677361389551,0.6924215286822407,160.90347759574027,159.73480876680966,36.89591102438221
2022-05-11 00:00:00+01:00,160.42100524902344,162.0199689041699,162.07825573714868,-0.8182612303127428,-2.0732508543361803,158.87983070377518,163.46871439615884,168.0575980885425,5.614387694103612,-0.05828683297878001,-0.6005666893288166,0.5422798563500366,160.90347759574027,159.73480876680966,36.89591102438221
2022-05-12 00:00:00+01:00,158.8159942626953,161.52704972855844,161.83660673904103,-2.802610157009781,-6.162610767361343,158.26817976058666,163.26676141648065,168.26534307237463,6.123207948178745,-0.30955701048259243,-0.6814694934661032,0.37191248298351076,160.90347759574027,159.73480876680966,36.89591102438221
2022-05-13 00:00:00+01:00,156.9080047607422,160.81642742581747,161.4715251110189,-3.220518030940781,-4.818525233089218,157.25926304303502,162.9067615327381,168.55426002244118,6.933412016257101,-0.6550976852014401,-0.8216081345479607,0.1665104493465206,160.90347759574027,159.73480876680966,36.89591102438221
2022-05-16 00:00:00+01:00,158.64300537109375,160.4820548020138,161.2620051302837,-2.0450098910258987,-3.779003421299336,156.75549345902408,162.61133321126303,168.46717296350198,7.202252926161181,-0.779950328269905,-0.7571686220931404,-0.022781706176764532,160.44328621128778,159.70453657760584,32.71673087214738
2022-05-17 00:00:00+01:00,158.8800048828125,160.23558558367515,161.08556066750808,0.743434083468486,-2.2225540757112014,156.37416132363361,162.3048095703125,168.23545781699139,7.308037589742099,-0.8499750838329305,-0.6617547021249328,-0.18822038170799774,160.44328621128778,159.70453657760584,32.71673087214738
2022-05-18 00:00:00+01:00,161.58999633789062,160.44395646893906,161.1229262727216,0.5740799528643379,-2.184922732682537,156.34630215080307,162.1276666550409,167.90903115927875,7.1318666622629605,-0.678969803782536,-0.3925995376596306,-0.2863702661229054,160.44328621128778,159.70453657760584,32.71673087214738
2022-05-19 00:00:00+01:00,157.8699951171875,160.04796241482344,160.8819684093487,-0.9869641368877637,-2.9759625499737012,156.27692535088386,161.6317618233817,166.98659829587956,6.625970554412677,-0.8340059945252563,-0.4381085827218807,-0.39589741180337557,160.44328621128778,159.70453657760584,32.71673087214738
2022-05-20 00:00:00+01:00,159.2790069580078,159.92966157531336,160.7632305240642,-0.5852367496501358,-2.0342266178141983,156.44102206401013,161.25238109770277,166.0637401313954,5.967488977142531,-0.8335689487508375,-0.35013722955796955,-0.483431719192868,160.44328621128778,159.70453657760584,32.71673087214738
2022-05-23 00:00:00+01:00,159.9149932861328,159.92740491543944,160.70039813606928,0.07960064322759308,-1.2833906897802194,156.88007545259833,160.9039045061384,164.92773355967844,5.001530653827668,-0.7729932206298429,-0.23164920114957988,-0.541344019480263,160.55092066592363,159.8562012915472,29.234080745285024
2022-05-24 00:00:00+01:00,160.63999938964844,160.0370348345485,160.69592415485292,0.1390825590142697,-2.643922201727918,157.1126104246386,160.69652375720796,164.2804370897773,4.460474002516931,-0.6588893203044108,-0.09403624065931826,-0.5648530796450926,160.55092066592363,159.8562012915472,29.234080745285024
2022-05-25 00:00:00+01:00,158.97000122070312,159.87287581703384,160.56807801158257,-0.7460717859966337,-2.1690759363872587,156.98252816545283,160.51742844354538,164.05232872163793,4.4043818946872655,-0.6952021945487274,-0.10427929192290786,-0.5909229026258196,160.55092066592363,159.8562012915472,29.234080745285024
2022-05-26 00:00:00+01:00,160.00799560546875,159.89366347679305,160.5265904259445,0.2454127478836199,-1.5051976036788801,156.9733826132791,160.51133292061942,164.04928322795973,4.408349545125261,-0.6329269491514538,-0.03360323722050729,-0.5993237119309465,160.55092066592363,159.8562012915472,29.234080745285024
2022-05-27 00:00:00+01:00,160.2689971923828,159.95140712534533,160.50750944568068,0.08648469494431765,-0.6975118870869323,156.9437881084472,160.47571382068452,164.00763953292184,4.401819600171894,-0.5561023203353557,0.034577113276472615,-0.5906794336118283,160.55092066592363,159.8562012915472,29.234080745285024
2022-05-30 00:00:00+01:00,160.72300720214844,160.07011482946888,160.52347224245608,0.9915271471923575,-0.19047968874514254,157.0173639843912,160.36704726446243,163.71673054453365,4.177520677982219,-0.4533574129872022,0.10985761649970083,-0.563215029486903,161.74631893678762,160.46776046111412,27.38485602061205
2022-05-31 00:00:00+01:00,161.59500122070312,160.30471273581261,160.60284475936328,1.7271570716914084,0.3701624427851584,157.16911170724134,160.2789045061384,163.38869730503544,3.8804767333282433,-0.29813202355066437,0.21206640474899097,-0.5101984282996553,161.74631893678762,160.46776046111412,27.38485602061205
2022-06-01 00:00:00+01:00,162.26499938964844,160.60629529794122,160.72596732456958,2.5990296236726067,1.2690277926179192,157.19541519047863,160.26414271763392,163.3328702447892,3.829587174171601,-0.11967202662836485,0.31242112133703237,-0.4320931479653972,161.74631893678762,160.46776046111412,27.38485602061205
2022-06-02 00:00:00+01:00,162.39500427246094,160.88148129402117,160.84959969108004,2.2764073889980807,1.2564031165371432,157.2178902497378,160.2526666550409,163.28744306034403,3.7874894298461372,0.03188160294112663,0.37117980072521906,-0.3392981977840924,161.74631893678762,160.46776046111412,27.38485602061205
2022-06-03 00:00:00+01:00,163.41299438476562,161.2709448464434,161.0394807795012,3.0095151921784975,2.02051677909256,157.16494596018427,160.27123805454798,163.3775301489117,3.876293877890292,0.231464066942209,0.45660981178104115,-0.22514574483883215,161.74631893678762,160.46776046111412,27.38485602061205
2022-06-06 00:00:00+01:00,163.26800537109375,161.57818492715884,161.2045566751747,3.832445888301862,1.7304408834190497,157.02989494726245,160.37442888532365,163.71896282338486,4.170906747799209,0.37362825198414384,0.4790191974583808,-0.10539094547423696,162.98767860759799,161.1824229594148,30.051486606230544
2022-06-07 00:00:00+01:00,165.5189971923828,162.1844637371933,161.52414486163457,5.38685062176387,3.790857579771682,156.58999055451153,160.58233351934524,164.57467648417895,4.972331485459147,0.6603188755587439,0.6125678568263847,0.04775101873235925,162.98767860759799,161.1824229594148,30.051486606230544
2022-06-08 00:00:00+01:00,167.20199584960938,162.9563917544881,161.94472641629937,6.542273095419375,5.02527480440375,155.99584278087897,160.88519069126673,165.77453860165448,6.078058383596349,1.0116653381887204,0.7711314555650889,0.2405338826236315,162.98767860759799,161.1824229594148,30.051486606230544
2022-06-09 00:00:00+01:00,168.56300354003906,163.81894741380364,162.43496916620603,6.282026073051782,4.305036326958032,155.39993826765462,161.27290489560082,167.14587152354702,7.28326513588632,1.3839782475976108,0.9147554919791834,0.46922275561842736,162.98767860759799,161.1824229594148,30.051486606230544
2022-06-10 00:00:00+01:00,167.8990020751953,164.44664813094082,162.83971234464968,5.028283871170629,2.3372896084753165,155.30570061902048,161.70542907714844,168.1051575352764,7.915292015427251,1.6069357862911318,0.9101704245381635,0.6967653617529682,162.98767860759799,161.1824229594148,30.051486606230544
2022-06-13 00:00:00+01:00,165.46499633789062,164.60331708585616,163.0341778256305,2.96782107573668,-0.7401714779742576,155.89995292966333,162.11290486653647,168.3258568034096,7.664968981942688,1.5691392602256542,0.6978991187781488,0.8712401414475054,163.86058049751324,161.81441743340466,27.891407609109564
2022-06-14 00:00:00+01:00,162.97999572753906,164.35357533842276,163.030164336883,1.2178367617498225,-1.6741615292658025,156.29613998237915,162.3194282168434,168.34271645130764,7.421524706725437,1.3234110015397675,0.36173668807380976,0.9616743134659578,163.86058049751324,161.81441743340466,27.891407609109564
2022-06-15 00:00:00+01:00,162.49600219726562,164.06779485516782,162.9905967709854,0.08540725733490717,-1.2615928647354053,156.66803904525455,162.49161856515067,168.3151980850468,7.167852189940709,1.0771980841824131,0.09241901657316431,0.9847790676092488,163.86058049751324,161.81441743340466,27.891407609109564
2022-06-16 00:00:00+01:00,163.24000549316406,163.9404426456288,163.00907149114678,0.7419355889313408,-2.853065631771784,156.75286936752448,162.5701904296875,168.38751149185052,7.15668850087131,0.931371154482008,-0.04272633050179264,0.9740974849838007,163.86058049751324,161.81441743340466,27.891407609109564
2022-06-17 00:00:00+01:00,163.5850067138672,163.88576019458856,163.05173335949644,3.105264321167624,0.0002685936285615753,157.40789092878555,162.8423338390532,168.27677674932085,6.674484186205331,0.8340268350921178,-0.11205651991334631,0.9460833550054641,163.86058049751324,161.81441743340466,27.891407609109564
2022-06-20 00:00:00+01:00,165.4010009765625,164.11887416104608,163.2257531829828,2.3992468170172003,1.2772527984625128,157.8403048623583,163.13385736374627,168.42740986513425,6.489826927324751,0.8931209780632798,-0.042369901553747424,0.9354908796170273,164.49220788050363,162.37742389241603,27.306835123823763
2022-06-21 00:00:00+01:00,165.48800659179688,164.32950991962312,163.39332750956163,3.9816724904383705,1.996671880086808,158.22023605849614,163.3992389497303,168.57824184096444,6.339078351310396,0.936182410061491,0.0005532243555710359,0.93562918570592,164.49220788050363,162.37742389241603,27.306835123823763
2022-06-22 00:00:00+01:00,167.1020050048828,164.7560476250477,163.6680443610669,3.634949413347158,2.1329505119799705,158.45293929484882,163.70695350283668,168.96096771082455,6.418803961063052,1.088003263980795,0.12189926261990003,0.966104001360895,164.49220788050363,162.37742389241603,27.306835123823763
2022-06-23 00:00:00+01:00,166.58399963378906,165.0372710110079,163.8840410479352,2.9939649335101137,0.8739545575335512,159.1317684225106,164.06952485584077,169.00728128917095,6.019102496540689,1.1532299630727039,0.14970076936944698,1.0035291937032569,164.49220788050363,162.37742389241603,27.306835123823763
2022-06-24 00:00:00+01:00,165.28399658203125,165.07522879116533,163.98774145786825,2.3052578097098717,0.8702602511161217,159.7090606641481,164.32076299758185,168.9324653310156,5.613048831207801,1.0874873332970765,0.06716651167505572,1.0203208216220208,164.49220788050363,162.37742389241603,27.306835123823763
2022-06-27 00:00:00+01:00,165.8730010986328,165.19796299231416,164.1273903201471,2.3466087032904,1.019612853681025,160.3080318029982,164.5876203264509,168.8672088499036,5.200377178993612,1.07057267216706,0.040201480436031556,1.0303711917310285,164.15125870418993,162.53341481515125,22.816287309564974
2022-06-28 00:00:00+01:00,166.1199951171875,165.33981408844852,164.27499067548342,2.625003221000952,1.4460023665087647,160.88821387254268,164.84461975097656,168.80102562941045,4.800163795956035,1.0648234129650973,0.027561776987254927,1.0372616359778424,164.15125870418993,162.53341481515125,22.816287309564974
2022-06-29 00:00:00+01:00,165.79800415039062,165.41030486720885,164.3878064884395,1.9121965633183038,1.0521959529667413,161.34954720876962,165.04476274762834,168.73997828648706,4.477834349108201,1.0224983787693418,-0.011810605766800375,1.0343089845361422,164.15125870418993,162.53341481515125,22.816287309564974
2022-06-30 00:00:00+01:00,165.66299438476562,165.4491801776022,164.48226485113034,1.3247419848071615,0.32272782465091154,161.7207629038027,165.20657203311012,168.69238116241755,4.219940025883248,0.9669153264718489,-0.0539149264514347,1.0208302529232836,164.15125870418993,162.53341481515125,22.816287309564974
2022-07-01 00:00:00+01:00,165.0919952392578,165.39422864862613,164.52743006506572,0.7675681038795972,-2.8904366568625903,162.08204875896092,165.33500017438615,168.58795158981138,3.9349822021885235,0.86679858356041,-0.1232253354902989,0.9900239190507089,164.15125870418993,162.53341481515125,22.816287309564974
2022-07-04 00:00:00+01:00,163.4219970703125,165.09080840580864,164.44554613952843,0.2834577667215683,-1.4335527313253067,162.0834885431711,165.3354288736979,168.58736920422473,3.933748928078839,0.6452622662802128,-0.27580932221639687,0.9210715884966096,164.04889313189486,162.72066441117317,20.618685343002213
2022-07-05 00:00:00+01:00,164.52499389648438,165.00376001975874,164.4514311585622,0.8055726256174864,-2.8414305482106386,162.25335144631748,165.3952854701451,168.5372194939727,3.7993030029804027,0.5523288611965427,-0.29499418184005355,0.8473230430365962,164.04889313189486,162.72066441117317,20.618685343002213
2022-07-06 00:00:00+01:00,161.89999389648438,164.526257539255,164.2624358058157,-1.704437148589136,-3.8564299464406986,161.74773996088655,165.2229519798642,168.69816399884186,4.206694018396649,0.2638217334393005,-0.4668010476778366,0.7306227811171371,164.04889313189486,162.72066441117317,20.618685343002213
2022-07-07 00:00:00+01:00,162.0800018310547,164.14991050722418,164.10077402990748,-0.7017719547121715,-2.506779889282484,161.37701074415804,164.97904750279017,168.5810842614223,4.366659661519995,0.04913647731669357,-0.5451890430403548,0.5943255203570483,164.04889313189486,162.72066441117317,20.618685343002213
2022-07-08 00:00:00+01:00,163.44200134277344,164.041001405001,164.05197605308274,-0.15797886069992728,-2.20297702964524,161.457967628165,164.73519025530135,168.0124128824377,3.9787766318264097,-0.010974648081742089,-0.48424013475103234,0.47326548666929025,164.04889313189486,162.72066441117317,20.618685343002213
2022-07-11 00:00:00+01:00,163.7689971923828,163.99915460305974,164.03101465599386,0.38999059302958017,-0.9680111159547948,161.5625056806259,164.53852335611978,167.51454103161367,3.6174114302128912,-0.031860052934121086,-0.4041004316827291,0.372240378748608,164.14241292614605,162.95049128309822,18.78735037086658
2022-07-12 00:00:00+01:00,163.49000549316406,163.92082397076808,163.99093990319165,-0.48694210045727004,-2.1389348983088325,161.46668947426372,164.44447617303757,167.42226287181143,3.6216317727090606,-0.07011593242356184,-0.35388504893773587,0.283769116514174,164.14241292614605,162.95049128309822,18.78735037086658
2022-07-13 00:00:00+01:00,162.37100219726562,163.6823898517677,163.8709445175675,0.20205352930750564,-1.4219393906143694,161.37011147051447,164.41547648111978,167.4608414917251,3.7044748776493863,-0.18855466579978497,-0.3778590258511672,0.18930436005138224,164.14241292614605,162.95049128309822,18.78735037086658
2022-07-14 00:00:00+01:00,163.24200439453125,163.6146382429621,163.82435636030556,1.3386380244600673,-0.6803591679227452,161.47951827207197,164.4510003952753,167.4224825184786,3.6138206712772143,-0.20971811734347057,-0.31921798191588224,0.10949986457241168,164.14241292614605,162.95049128309822,18.78735037086658
2022-07-15 00:00:00+01:00,164.51499938964844,163.7531553424523,163.87551510321984,0.8084906340848477,-0.22651302802452733,161.59000146191946,164.511714390346,167.43342731877252,3.5519816193684797,-0.1223597607675515,-0.18548770027197053,0.06312793950441903,164.14241292614605,162.95049128309822,18.78735037086658
2022-07-18 00:00:00+01:00,164.4149932861328,163.85497656455698,163.9154764501023,2.138524404389898,0.22452293954614788,161.65842551798167,164.55123756045387,167.44404960292607,3.516001563232755,-0.06049988554531183,-0.09890226003978468,0.038402374494472855,163.87653781664946,163.00681932803508,15.914792053760081
2022-07-19 00:00:00+01:00,165.10299682617188,164.0469796817285,164.00344092240374,1.9165572465415721,0.7075576127525096,161.65815789828017,164.53704688662575,167.41593587497132,3.4993808905896775,0.043538759324746934,0.004109107864219266,0.03942965146052767,163.87653781664946,163.00681932803508,15.914792053760081
2022-07-20 00:00:00+01:00,165.85899353027344,164.32575104304308,164.14088926372742,2.0661114686944586,1.0321148866632086,161.6482775697027,164.5547129313151,167.46114829292748,3.5324851046053274,0.18486177931566772,0.11634570228411203,0.06851607703155568,163.87653781664946,163.00681932803508,15.914792053760081
2022-07-21 00:00:00+01:00,165.6529998779297,164.5299431714872,164.25289745737203,1.6891038854014084,0.32209949087015843,161.76135239404982,164.48571268717447,167.21007298029912,3.3125798570796783,0.277045714115161,0.16682370966688426,0.11022200444827675,163.87653781664946,163.00681932803508,15.914792053760081
2022-07-22 00:00:00+01:00,164.447998046875,164.51733622923916,164.26734935289076,0.8546446656639262,-0.8603516722266988,161.82618743031708,164.38399832589286,166.94180922146865,3.111994989323595,0.24998687634840167,0.11181189752009993,0.13817497882830174,163.87653781664946,163.00681932803508,15.914792053760081
2022-07-25 00:00:00+01:00,163.37399291992188,164.34143725857496,164.20117480230047,0.8298310570745286,-1.1811705298395339,161.73388011867476,164.29304577055433,166.8522114224339,3.1153669832788964,0.14026245627448475,0.001669981956946398,0.13859247431753835,163.4271828445632,162.93848412408587,15.787360426590062
2022-07-26 00:00:00+01:00,164.44900512695312,164.35798616140238,164.21953260412658,0.7234605599359156,-0.7075391959234594,161.76351111855433,164.22523643856957,166.6869617585848,2.9979866351857214,0.13845355727579545,-0.00011113363339432247,0.13856469090918977,163.4271828445632,162.93848412408587,15.787360426590062
2022-07-27 00:00:00+01:00,164.8509979248047,164.43383412500273,164.2663078130657,1.0006904779499166,0.4826851068561666,161.83323325754802,164.16480800083704,166.49638274412607,2.84052930915271,0.16752631193702427,0.023169296822267593,0.14435701511475668,163.4271828445632,162.93848412408587,15.787360426590062
2022-07-28 00:00:00+01:00,165.5229949951172,164.60139733578958,164.35939575247693,1.3156072992808845,-1.479390869664428,161.85413575955968,164.15171232677642,166.44928889399316,2.799333049469453,0.24200158331265698,0.07811565455832023,0.16388592875433675,163.4271828445632,162.93848412408587,15.787360426590062
2022-07-29 00:00:00+01:00,163.57699584960938,164.44379710714648,164.30144020411637,-0.45044227931168734,-2.733447040053875,161.84619202887302,164.05237906319755,166.25856609752208,2.6896129722991025,0.1423569030301053,-0.017223220579385162,0.15958012360949045,163.4271828445632,162.93848412408587,15.787360426590062
2022-08-01 00:00:00+01:00,162.27999877929688,164.11090505670808,164.1517038022779,-1.8872232114575809,-3.0877084409497684,161.6407516181086,163.91847446986608,166.19619732162357,2.7790923007598063,-0.04079874556981622,-0.16030309534344533,0.11950434977362911,163.29817052104994,162.9530072312198,18.48528701925935
2022-08-02 00:00:00+01:00,161.17799377441406,163.65968793635514,163.9314289853991,-2.1584339902819067,-4.467424468797532,161.25702955837394,163.8116171700614,166.36620478174885,3.118933389242353,-0.27174104904395335,-0.312996319054066,0.041255270010112616,163.29817052104994,162.9530072312198,18.48528701925935
2022-08-03 00:00:00+01:00,161.9429931640625,163.3955810483101,163.78413744307787,-0.7371403727653671,-2.5361363444450546,161.0365692704364,163.68866475423178,166.34076023802717,3.2404143411852577,-0.38855639476776105,-0.34384933182229893,-0.04470706294546213,163.29817052104994,162.9530072312198,18.48528701925935
2022-08-04 00:00:00+01:00,162.58999633789062,163.2716449390148,163.69568254639734,-0.047687551280148455,-2.5636787622176485,161.14279910489643,163.72152201334634,166.30024492179626,3.1501330756498893,-0.42403760738253027,-0.3034644355496545,-0.12057317183287576,163.29817052104994,162.9530072312198,18.48528701925935
2022-08-05 00:00:00+01:00,161.22799682617188,162.95723753703896,163.5128910115658,-0.19988747152675046,-2.309888081878313,160.97645587772897,163.68095034644716,166.38544481516536,3.304592822798085,-0.5556534745268493,-0.34806424215517884,-0.20758923237167048,163.29817052104994,162.9530072312198,18.48528701925935
2022-08-08 00:00:00+01:00,162.85899353027344,162.94212307445966,163.46445416109972,0.3645405898768388,-0.6234507431309737,160.92756520519592,163.65318806966147,166.37881093412702,3.3309743569497057,-0.5223310866400652,-0.2517934834147158,-0.2705376032253494,162.87278649157236,162.82000883141941,20.292341574178536
2022-08-09 00:00:00+01:00,162.93299865722656,162.94071931796225,163.42508708673876,0.21991718572218133,-0.8020859881059437,160.87131351311427,163.6133786156064,166.3554437180985,3.351883722093819,-0.484367768776508,-0.17106413244092689,-0.3133036363355811,162.87278649157236,162.82000883141941,20.292341574178536
2022-08-10 00:00:00+01:00,163.1919403076172,162.97936870098607,163.40781695495198,0.07918255676676722,-1.7238112176472953,160.85163221610944,163.59918503534226,166.34673785457508,3.358883259276958,-0.4284482539659109,-0.09211569410426385,-0.33633255986164706,162.87278649157236,162.82000883141941,20.292341574178536
2022-08-11 00:00:00+01:00,162.17999267578125,162.85638777403148,163.31686700834675,-0.88786615385456,-1.96086420072956,160.8251238105348,163.590089343843,166.35505487715122,3.3803582410137953,-0.4604792343152724,-0.09931733956290023,-0.36116189475237215,162.87278649157236,162.82000883141941,20.292341574178536
2022-08-12 00:00:00+01:00,162.14500427246094,162.74694415840523,163.2300623612441,-0.4510554032362961,-1.4040583329237961,160.70786779574675,163.53785124279204,166.36783468983734,3.46095222058878,-0.48311820283888096,-0.09756504646920705,-0.3855531563696739,162.87278649157236,162.82000883141941,20.292341574178536
2022-08-15 00:00:00+01:00,161.63699340820312,162.576182504528,163.11205725361145,-1.3170590846661412,-2.7510648219708287,160.4956273193432,163.4008033389137,166.3059793584842,3.5558895185414623,-0.5358747490834617,-0.12025727417103022,-0.41561747491243145,162.58017410798834,162.70214318990526,23.507027760827306
2022-08-16 00:00:00+01:00,160.51300048828125,162.25876988664388,162.91953453025366,-0.1985414882614691,-2.839532699198969,160.10139729700143,163.2149941580636,166.32859101912578,3.8153318904595883,-0.6607646436097809,-0.1961177349578796,-0.46464690865190134,162.58017410798834,162.70214318990526,23.507027760827306
2022-08-17 00:00:00+01:00,162.44647216796875,162.28764716069387,162.8844928737881,0.6455059055087702,-0.6934986110927923,160.07784309657123,163.08849298386346,166.0991428711557,3.692044524061076,-0.5968457130942397,-0.10575904355387072,-0.491086669540369,162.58017410798834,162.70214318990526,23.507027760827306
2022-08-18 00:00:00+01:00,162.50900268554688,162.3217018568251,162.85667878577024,0.37232512047975774,-0.9466751236608673,160.17866916636763,162.92896961030505,165.67927005424247,3.3760729605245925,-0.5349769289451558,-0.03511220752382943,-0.4998647214213264,162.58017410798834,162.70214318990526,23.507027760827306
2022-08-19 00:00:00+01:00,162.00999450683594,162.27374687990368,162.7939614317751,0.022032830920210245,-1.1499642393922898,160.26727331812805,162.7554931640625,165.24371300999695,3.0576170395997027,-0.520214551871419,-0.016279864360074114,-0.5039346875113448,162.58017410798834,162.70214318990526,23.507027760827306
2022-08-22 00:00:00+01:00,161.9409942626953,162.22255416956392,162.73077867850992,-0.25278185233804606,-1.5337724529239836,160.24551353141803,162.63611203148253,165.02671053154702,2.9398126531722983,-0.5082245089460002,-0.0034318571477243154,-0.5047926517982759,162.36355377544274,162.59188174996902,26.18593291636795
2022-08-23 00:00:00+01:00,161.8470001220703,162.16477662379566,162.66531360025513,-0.3823088395129446,-1.850311158848882,160.17410682210388,162.56339808872767,164.95268935535145,2.939519344101927,-0.5005369764594718,0.0034045402710433104,-0.5039415167305151,162.36355377544274,162.59188174996902,26.18593291636795
2022-08-24 00:00:00+01:00,161.74400329589844,162.10004226565763,162.59706839252502,-0.7570720546343921,-1.747062289009392,160.1778227488764,162.43458847772507,164.69135420657375,2.778676327496777,-0.49702612686738235,0.005532311890506181,-0.5025584387578885,162.36355377544274,162.59188174996902,26.18593291636795
2022-08-25 00:00:00+01:00,161.62899780273438,162.02757388674635,162.52535945994794,-0.5393670283073106,-1.1903527460807481,160.2785996112407,162.28115990048363,164.28372018972655,2.468013280741844,-0.49778557320158257,0.003818292445044724,-0.5016038656466273,162.36355377544274,162.59188174996902,26.18593291636795
2022-08-26 00:00:00+01:00,161.4499969482422,161.93871589620724,162.44570297759935,0.1872926278693967,-1.1536955313102908,160.67669130918304,162.0872076125372,163.49772391589138,1.7404412404043044,-0.5069870813921113,-0.004306572596387226,-0.5026805087957241,162.36355377544274,162.59188174996902,26.18593291636795
2022-08-29 00:00:00+01:00,161.5399932861328,161.87737395619578,162.37861337082404,0.17938528640252116,-0.9236115397693538,160.7307627676946,161.9902074904669,163.2496522132392,1.5549640219411471,-0.5012394146282588,0.0011528753339722364,-0.5023922899622311,162.06819519274308,162.4326812181654,28.418353879318484
2022-08-30 00:00:00+01:00,162.4510040283203,161.96562473652264,162.3839756417497,0.1800197195784392,-0.8739811349137483,160.72934144189048,161.99835059756325,163.267359753236,1.5666939212550854,-0.41835090522704377,0.06723310778814984,-0.4855840130151936,162.06819519274308,162.4326812181654,28.418353879318484
2022-08-31 00:00:00+01:00,161.72799682617188,161.9290665964687,162.33538461837355,-0.4503901115376152,-1.4093897453266777,160.8025040309731,162.02454121907553,163.24657840717796,1.508459371534465,-0.4063180219048661,0.06341279288826202,-0.4697308147931281,162.06819519274308,162.4326812181654,28.418353879318484
2022-09-01 00:00:00+01:00,161.52999877929688,161.867671547673,162.27572640807156,-0.5797272625637504,-1.293731779165313,160.76505776763108,162.00487481980096,163.24469187197084,1.530592278224886,-0.40805486039855055,0.04934076351566208,-0.4573956239142126,162.06819519274308,162.4326812181654,28.418353879318484
2022-09-02 00:00:00+01:00,161.75799560546875,161.85079832579544,162.23737597824913,0.23862194655555413,-0.7203776872335084,160.74982814295964,161.9652557373047,163.18068333164973,1.5008497826427358,-0.38657765245369546,0.056654377168413705,-0.44323202962210917,162.06819519274308,162.4326812181654,28.418353879318484
2022-09-05 00:00:00+01:00,161.18800354003906,161.74882989721755,162.15964468652987,-0.24864920313143557,-1.5056377285220606,160.74319272960705,161.96335129510788,163.18350986060872,1.506709457101353,-0.41081478931232596,0.025933792247826548,-0.4367485815601525,163.13792663728444,162.8390681193371,27.691088395746807
2022-09-06 00:00:00+01:00,162.39999389648438,161.84900897402784,162.1774483317117,2.902553499342986,0.07355874836642329,160.7708548904159,161.94149416968935,163.1121334489628,1.4457558086339477,-0.32843935768386245,0.08664737910103204,-0.4150867367848945,163.13792663728444,162.8390681193371,27.691088395746807
2022-09-07 00:00:00+01:00,164.77699279785156,162.29946802384688,162.3700071810554,3.618991232030538,1.8499940396477257,160.39109113217856,162.02930341448103,163.6675156967835,2.022118527673759,-0.07053915720851478,0.27563806366110377,-0.34617722086961855,163.13792663728444,162.8390681193371,27.691088395746807
2022-09-08 00:00:00+01:00,166.01300048828125,162.87078071068294,162.6398585371462,3.5461461015256646,2.2911412187131646,159.84482301848206,162.16363961356026,164.48245620863847,2.8598477446658173,0.23092217353672595,0.4616795155250756,-0.23075734198834963,163.13792663728444,162.8390681193371,27.691088395746807
2022-09-09 00:00:00+01:00,165.69000244140625,163.3045071307942,162.86579512264694,3.347202313876494,1.4351997503999314,159.56786273157547,162.33078293573288,165.0937031398903,3.40406194584949,0.4387120081472631,0.5355754801084902,-0.09686347196122708,163.13792663728444,162.8390681193371,27.691088395746807
2022-09-12 00:00:00+01:00,165.6699981689453,163.6684288289713,163.0735138668172,3.944491504276556,2.3114806400187433,159.3940741003897,162.49863978794642,165.60320547550313,3.8210359072642532,0.5949149621540926,0.5534227472922557,0.04149221486183688,164.2519700124214,163.35920935410255,27.561752925044182
2022-09-13 00:00:00+01:00,166.66000366210938,164.12867111099254,163.33917977757957,3.7948229079673013,2.7918169265219888,159.19290067154085,162.73783075241815,166.28276083329544,4.356614641460211,0.7894913334129683,0.5983992948409051,0.19109203857206317,164.2519700124214,163.35920935410255,27.561752925044182
2022-09-14 00:00:00+01:00,166.13699340820312,164.43764377210186,163.54642523169983,2.8625713503314216,1.2435680544329841,159.32628806039978,163.0056399390811,166.68499181776244,4.514385980824207,0.8912185404020363,0.5601012014639785,0.33111733893805784,164.2519700124214,163.35920935410255,27.561752925044182
2022-09-15 00:00:00+01:00,164.96600341796875,164.518929871466,163.65157917142346,2.0634171664671612,0.9864213168577862,159.36363668910926,163.12561761765252,166.8875985461958,4.612372947283991,0.8673507000425502,0.4289866888835939,0.4383640111589563,164.2519700124214,163.35920935410255,27.561752925044182
2022-09-16 00:00:00+01:00,164.16900634765625,164.46509548318758,163.68990711040368,0.7750892274869443,-0.9309044248568057,159.428099722497,163.2046654110863,166.9812310996756,4.628011924875725,0.7751883727839015,0.2694594892999562,0.5057288834839453,164.2519700124214,163.35920935410255,27.561752925044182
2022-09-19 00:00:00+01:00,163.20700073242188,164.27154244460823,163.65413626759022,-0.018134680676155313,-0.7061382207152178,159.5230030672109,163.2616657075428,167.00032834787467,4.579963856339796,0.6174061770180117,0.08934183482725311,0.5280643421907586,161.83770860528614,162.45206313080442,29.412674539307627
2022-09-20 00:00:00+01:00,163.8769989013672,164.21084343795576,163.67064461083297,0.7463628354560967,-0.3066461977470283,159.65473497656257,163.3538564046224,167.05297783268225,4.52896737117394,0.5401988271227935,0.009707587945627982,0.5304912391771656,161.83770860528614,162.45206313080442,29.412674539307627
2022-09-21 00:00:00+01:00,163.41200256347656,164.08794484188203,163.6514859406584,0.2595095427400338,-1.3414883820646537,159.79115201552872,163.42838033040366,167.0656086452786,4.45115873696054,0.43645890122363085,-0.0752258703628278,0.5116847715864586,161.83770860528614,162.45206313080442,29.412674539307627
2022-09-22 00:00:00+01:00,162.4080047607422,163.82949252170667,163.55937622362757,0.8406176728568084,-4.403370364252567,159.87066201867245,163.45999944777716,167.04933687688188,4.391701261752973,0.27011629807910253,-0.19325477880588487,0.4633710768849874,161.83770860528614,162.45206313080442,29.412674539307627
2022-09-23 00:00:00+01:00,160.26600646972656,163.2812638983251,163.3154229085238,-2.965416805008175,-7.2114190022738,159.63064707734657,163.3950950985863,167.15954311982603,4.607785832210455,-0.034159010198692386,-0.3980240696669438,0.36386505946825143,161.83770860528614,162.45206313080442,29.412674539307627
2022-09-26 00:00:00+01:00,154.91700744628906,161.9944552133965,162.69331805946936,-5.7393233084928,-13.763325383688112,157.9115403853464,163.08400036039808,168.25646033544976,6.343307698635183,-0.6988628460728705,-0.8501823244328975,0.15131947836002704,161.91375804805534,162.3968908169172,34.657506131613424
2022-09-27 00:00:00+01:00,155.58099365234375,161.0077688193884,162.1664792144971,-5.8294735992627125,-6.9804745758252125,156.74209933792952,162.80023847307478,168.85837760822005,7.442420468133665,-1.1587103951086988,-1.0480238987749806,-0.11068649633371816,161.91375804805534,162.3968908169172,34.657506131613424
2022-09-28 00:00:00+01:00,155.18299865722656,160.11165033290195,161.64918435840298,-5.348189485356102,-9.059188020512352,155.58023835436285,162.45414297921317,169.3280476040635,8.462578422182654,-1.5375340255010315,-1.1414780233338506,-0.39605600216718084,161.91375804805534,162.3968908169172,34.657506131613424
2022-09-29 00:00:00+01:00,156.43499755859375,159.54601144454685,161.26294829915784,-1.3979428059937788,-5.644952083337529,154.86745221112065,162.2020953950428,169.53673857896493,9.043832838359622,-1.7169368546109922,-1.0567046819550492,-0.6602321726559431,161.91375804805534,162.3968908169172,34.657506131613424
2022-09-30 00:00:00+01:00,161.28700256347656,159.8138562320745,161.2647300965148,0.8872627013367662,-1.8297325379210463,154.8509112063618,162.19052414667038,169.53013708697898,9.050606351911556,-1.4508738644402968,-0.6325133534274829,-0.8183605110128138,161.91375804805534,162.3968908169172,34.657506131613424
2022-10-03 00:00:00+01:00,161.2899932861328,160.04095424039116,161.2666014438939,2.204391598098283,-0.5906065708470294,154.82066969045752,162.1682383219401,169.51580695342267,9.061661774848922,-1.2256472035027457,-0.32582935399194546,-0.8998178495108002,161.86949205970618,162.30890071207298,33.97726779972563
2022-10-04 00:00:00+01:00,163.7779998779297,160.61588433847402,161.4526309575262,3.802373925286304,1.9673672114191163,154.9270289543818,162.29157148088728,169.65611400739277,9.075693160532115,-0.8367466190521782,0.050456984366897606,-0.8872036034190758,161.86949205970618,162.30890071207298,33.97726779972563
2022-10-05 00:00:00+01:00,164.625,161.23267136332416,161.6876212569687,3.994385578968803,0.920380452015678,154.96607306464634,162.39752415248327,169.8289752403202,9.152172887634872,-0.45494989364453886,0.3458029678196295,-0.8007528614641684,161.86949205970618,162.30890071207298,33.97726779972563
2022-10-06 00:00:00+01:00,164.0019989013672,161.65872175379232,161.85905663803524,2.568937136378821,-0.6770498020977413,154.9692114112819,162.3606196812221,169.7520279511623,9.104927394897173,-0.20033488424292045,0.4803343817769983,-0.6806692660199187,161.86949205970618,162.30890071207298,33.97726779972563
2022-10-07 00:00:00+01:00,161.86599731445312,161.6906103015863,161.85957076221433,0.7014338764575427,-0.8045780864330823,154.9532474837028,162.16314333961122,169.37303919551965,8.892151086155325,-0.16896046062802839,0.40936704431351223,-0.5783275049415406,161.86949205970618,162.30890071207298,33.97726779972563
2022-10-10 00:00:00+01:00,161.0800018310547,161.59667053688912,161.80182491546176,-0.25182186370395243,-1.3218291879227024,154.8977683583854,161.94361950102308,168.98947064366075,8.701610059534529,-0.20515437857264374,0.2985385010951175,-0.5036928796677612,163.60991446558538,162.99202336425452,31.534596772870785
2022-10-11 00:00:00+01:00,161.3260040283203,161.55502953557084,161.76657892382167,0.8364179023502061,-1.4455797783138564,154.88836258638122,161.73676263718377,168.58516268798633,8.468575652358316,-0.21154938825083036,0.2337147931335447,-0.44526418138437507,163.60991446558538,162.99202336425452,31.534596772870785
2022-10-12 00:00:00+01:00,159.9600067138672,161.3096414091549,161.63275876012133,1.4072345260114787,-1.8167644974260213,154.90020754146528,161.41771516345796,167.93522278545063,8.07533127995622,-0.32311735096644156,0.0977174643343468,-0.42083481530078837,163.60991446558538,162.99202336425452,31.534596772870785
2022-10-13 00:00:00+01:00,162.9149932861328,161.55661862099765,161.72773909538145,5.278257608720111,0.6052534583294857,155.05392792553525,161.2642865862165,167.47464524689778,7.70208803467596,-0.17112047438379818,0.19977147273359214,-0.3708919471173903,163.60991446558538,162.99202336425452,31.534596772870785
2022-10-14 00:00:00+01:00,166.45799255371094,162.3106761491074,162.0781282404429,5.076870538853967,2.9748655339711547,154.92625107300069,161.33533368791853,167.74441630283638,7.945045227743299,0.23254790866448616,0.48275188462550117,-0.250203975961015,163.60991446558538,162.99202336425452,31.534596772870785
2022-10-17 00:00:00+01:00,167.09800720214844,163.04718861880602,162.44997112649517,7.621028019012641,4.192027164520454,154.70764881909798,161.47480991908483,168.24197101907168,8.38169260379112,0.5972174923108469,0.6779371746174895,-0.08071968230664262,164.44203546566368,163.43691680733534,26.438572502174758
2022-10-18 00:00:00+01:00,169.11199951171875,163.9802364484849,162.9434547105858,6.772548707382953,4.996547730820453,154.27158204834956,161.7560003371466,169.24041862594362,9.253960623652073,1.0367817378991049,0.894001136164598,0.14278060173450688,164.44203546566368,163.43691680733534,26.438572502174758
2022-10-19 00:00:00+01:00,169.24099731445312,164.78958427401847,163.4099393479093,5.8670534499422615,4.568057478262574,153.91389079818606,162.0114288330078,170.10896686782957,9.996255317479157,1.3796449261091652,0.9894914594997266,0.3901534666094386,164.44203546566368,163.43691680733534,26.438572502174758
2022-10-20 00:00:00+01:00,167.93899536132812,165.27410905668148,163.74542497853292,5.921582467756139,3.7045719697092636,153.7592269376047,162.22699991861978,170.69477289963487,10.439412656663682,1.528684078148558,0.9108244892312956,0.6178595889172624,164.44203546566368,163.43691680733534,26.438572502174758
2022-10-21 00:00:00+01:00,168.49400329589844,165.7694774011764,164.09717152056,5.425823474557177,0.931835437447802,153.63750781531212,162.51680937267486,171.3961109300376,10.927240808673764,1.672305880616392,0.8435570333593037,0.8287488472570883,164.44203546566368,163.43691680733534,26.438572502174758
2022-10-24 00:00:00+01:00,167.6699981689453,166.0618652116024,164.36182534636632,5.107168794258683,3.1771761184774334,153.78984519836115,162.869380405971,171.94891561358082,11.149468592534745,1.7000398652360786,0.6970328143831923,1.0030070508528863,166.71395097124974,164.55418326091913,23.51737590480127
2022-10-25 00:00:00+01:00,168.33999633789062,166.41234692333904,164.65650467907182,5.231495809209434,3.185490560185997,154.87963948909135,163.5085703531901,172.13750121728884,10.55471385439876,1.7558422442672281,0.6022681547314734,1.1535740895357547,166.71395097124974,164.55418326091913,23.51737590480127
2022-10-26 00:00:00+01:00,169.5989990234375,166.90260109258497,165.02261537124704,5.5603771824638955,4.334379257659208,155.94379630320844,164.1760944184803,172.40839253375214,10.028619750556311,1.8799857213379312,0.5811293054417412,1.29885641589619,166.71395097124974,164.55418326091913,23.51737590480127
2022-10-27 00:00:00+01:00,170.052001953125,167.38712430189884,165.39516252546022,4.635843333914778,3.3648319813757155,157.3384856371235,164.88414219447546,172.4297987518274,9.15267709426185,1.9919617764386146,0.5544842884339398,1.4374774880046748,166.71395097124974,164.55418326091913,23.51737590480127
2022-10-28 00:00:00+01:00,169.1320037841797,167.65556729917282,165.67196558166165,5.37303258728366,3.2280283148227227,158.75719658840825,165.48876153855096,172.22032648869367,8.135374133638168,1.9836017175111635,0.4368993836051911,1.5467023339059724,166.71395097124974,164.55418326091913,23.51737590480127
2022-10-31 00:00:00+00:00,171.37600708007812,168.22794265008133,166.09448717413696,6.006510750667729,4.645518319027104,159.06775971499022,165.9691903250558,172.87062093512137,8.316520188534883,2.1334554759443733,0.4694025136307207,1.6640529623136526,166.42407725882796,164.73848991421417,21.411384165794367
